(1789545357.141316) can0 3A2#0000004403FF00B8
(1789545357.141536) can0 39F#3E0000B800000187
(1789545357.141781) can0 3A4#0000000000000000
(1789545357.241395) can0 3A2#0000004803FF00B4
(1789545357.241532) can0 39F#3E0300B800000287
(1789545357.241773) can0 3A4#0000000000000000
(1789545357.341313) can0 3A2#0000004C03FF00B0
(1789545357.341520) can0 39F#3E0400B800000381
(1789545357.341771) can0 3A4#0000000000000000
(1789545357.441313) can0 3A2#0000005003FF00AC
(1789545357.441526) can0 39F#3E0500B800000487
(1789545357.441771) can0 3A4#0000000000000000
(1789545357.541363) can0 3A2#0000005403FF00A8
(1789545357.541566) can0 39F#3E0500B800000586
(1789545357.541835) can0 3A4#0000000000000000
(1789545357.641248) can0 3A2#0000005803FF00A4
(1789545357.641463) can0 39F#3E0500B800000685
(1789545357.641702) can0 3A4#0000000000000000
(1789545357.741224) can0 3A2#0000005C03FF00A0
(1789545357.741426) can0 39F#3E0500B800000784
(1789545357.741684) can0 3A4#0000000000000000
(1789545357.841227) can0 3A2#0000006003FF009C
(1789545357.841431) can0 39F#3E0500B80000088B
(1789545357.841731) can0 3A4#0000000000000000
(1789545357.941237) can0 3A2#0000006403FF0098
(1789545357.941449) can0 39F#3E0500B80000098A
(1789545357.941697) can0 3A4#0000000000000000
(1789545358.041294) can0 3A2#0000006803FF0094
(1789545358.041488) can0 39F#3E0500B800000A89
(1789545358.041731) can0 3A4#0000000000000000
(1789545358.041960) can0 70E#2FFF1D65012F02
(1789545358.141237) can0 3A2#0000006C03FF0090
(1789545358.141451) can0 39F#3E0500B800000B88
(1789545358.141707) can0 3A4#0000000000000000
(1789545358.241243) can0 3A2#0000007003FF008C
(1789545358.241464) can0 39F#3E0500B800000C8F
(1789545358.241704) can0 3A4#0000000000000000
(1789545358.341253) can0 3A2#0000007403FF0088
(1789545358.341458) can0 39F#3E0500B800000D8E
(1789545358.341714) can0 3A4#0000000000000000
(1789545358.441290) can0 3A2#0000007803FF0084
(1789545358.441513) can0 39F#3E0500B800000E8D
(1789545358.441763) can0 3A4#0000000000000000
(1789545358.541388) can0 3A2#0000007C03FF0080
(1789545358.541593) can0 39F#3E0500B800000F8C
(1789545358.541860) can0 3A4#0000000000000000
(1789545358.641361) can0 3A2#0000004003FF00BC
(1789545358.641557) can0 39F#3E0500B800000083
(1789545358.641810) can0 3A4#0000000000000000
(1789545358.741241) can0 3A2#0000004403FF00B8
(1789545358.741486) can0 39F#3E0500B800000182
(1789545358.741734) can0 3A4#0000000000000000
(1789545358.841366) can0 3A2#0000004803FF00B4
(1789545358.841590) can0 39F#3E0500B800000281
(1789545358.841836) can0 3A4#0000000000000000
(1789545358.941288) can0 3A2#0000004C03FF00B0
(1789545358.941478) can0 39F#3E0500B800000380
(1789545358.941723) can0 3A4#0000000000000000
(1789545359.041524) can0 3A2#0000005003FF00AC
(1789545359.041722) can0 39F#3E0500B800000487
(1789545359.041991) can0 3A4#0000000000000000
(1789545359.042264) can0 70E#4FFF1D831C2F05
(1789545359.141307) can0 3A2#0000005403FF00A8
(1789545359.141487) can0 39F#3E0500B800000586
(1789545359.141730) can0 3A4#0000000000000000
(1789545359.241320) can0 3A2#0000005803FF00A4
(1789545359.241489) can0 39F#3E0500B800000685
(1789545359.241737) can0 3A4#0000000000000000
(1789545359.341422) can0 3A2#0000005C03FF00A0
(1789545359.341542) can0 39F#3E0500B800000784
(1789545359.341787) can0 3A4#0000000000000000
(1789545359.441390) can0 3A2#0000006003FF009C
(1789545359.441589) can0 39F#3E0500B80000088B
(1789545359.441860) can0 3A4#0000000000000000
(1789545359.541428) can0 3A2#0000006403FF0098
(1789545359.541641) can0 39F#3E0500B80000098A
(1789545359.541882) can0 3A4#0000000000000000
(1789545359.641282) can0 3A2#0000006803FF0094
(1789545359.641504) can0 39F#3E0500B800000A89
(1789545359.641750) can0 3A4#0000000000000000
(1789545359.741387) can0 3A2#0000006C03FF0090
(1789545359.741612) can0 39F#3E0500B800000B88
(1789545359.741845) can0 3A4#0000000000000000
(1789545359.841300) can0 3A2#0000007003FF008C
(1789545359.841512) can0 39F#3E0500B800000C8F
(1789545359.841759) can0 3A4#0000000000000000
(1789545359.941303) can0 3A2#0000007403FF0088
(1789545359.941515) can0 39F#3E0500B800000D8E
(1789545359.941771) can0 3A4#0000000000000000
(1789545360.041365) can0 3A2#0000007803FF0084
(1789545360.041565) can0 39F#3E0500B800000E8D
(1789545360.041815) can0 3A4#0000000000000000
(1789545360.042025) can0 70E#2FFF1FAD002F03
(1789545360.141368) can0 3A2#000028BC03FF0068
(1789545360.141614) can0 39F#3E0500B800002FAC
(1789545360.141845) can0 3A4#0000000000000000
(1789545360.241319) can0 3A2#0000288003FF0054
(1789545360.241519) can0 39F#3E0500B8000020A3
(1789545360.241783) can0 3A4#0000000000000000
(1789545360.341472) can0 3A2#0000288403FF0050
(1789545360.341607) can0 39F#3E0500B8000021A2
(1789545360.341878) can0 3A4#0000000000000000
(1789545360.441404) can0 3A2#0000288803FF005C
(1789545360.441619) can0 39F#3E0500B8000022A1
(1789545360.441876) can0 3A4#0000000000000000
(1789545360.541501) can0 3A2#0000288C03FF0058
(1789545360.541636) can0 39F#3E0500B8000023A0
(1789545360.541879) can0 3A4#0000000000000000
(1789545360.641393) can0 3A2#0000289003FF0044
(1789545360.641620) can0 39F#3E0500B8000024A7
(1789545360.641857) can0 3A4#0000000000000000
(1789545360.741418) can0 3A2#0000289403FF0040
(1789545360.741638) can0 39F#3E0500B8000025A6
(1789545360.741881) can0 3A4#0000000000000000
(1789545360.841414) can0 3A2#0000289803FF004C
(1789545360.841642) can0 39F#3E0500B8000026A5
(1789545360.841884) can0 3A4#0000000000000000
(1789545360.941427) can0 3A2#0000289C03FF0048
(1789545360.941657) can0 39F#3E0500B8000027A4
(1789545360.941888) can0 3A4#0000000000000000
(1789545361.041580) can0 3A2#000028A003FF0074
(1789545361.041813) can0 39F#3E0500B8000028AB
(1789545361.042054) can0 3A4#0000000000000000
(1789545361.042267) can0 70E#2FFF1FAD002F03
(1789545361.141400) can0 3A2#000028A403FF0070
(1789545361.141609) can0 39F#3E0500B8000029AA
(1789545361.141860) can0 3A4#0000000000000000
(1789545361.241453) can0 3A2#000028A803FF007C
(1789545361.241666) can0 39F#3E0500B800002AA9
(1789545361.241909) can0 3A4#0000000000000000
(1789545361.341409) can0 3A2#000028AC03FF0078
(1789545361.341626) can0 39F#3E0500B800002BA8
(1789545361.341869) can0 3A4#0000000000000000
(1789545361.441352) can0 3A2#000028B003FF0064
(1789545361.441597) can0 39F#3E0500B800002CAF
(1789545361.441818) can0 3A4#0000000000000000
(1789545361.541402) can0 3A2#000028B403FF0060
(1789545361.541624) can0 39F#3E0500B800002DAE
(1789545361.541859) can0 3A4#0000000000000000
(1789545361.641353) can0 3A2#000028B803FF006C
(1789545361.641632) can0 39F#3E0500B800002EAD
(1789545361.641818) can0 3A4#0000000000000000
(1789545361.741330) can0 3A2#000028BC03FF0068
(1789545361.741637) can0 39F#3E0500B800002FAC
(1789545361.741830) can0 3A4#0000000000000000
(1789545361.841366) can0 3A2#0000288003FF0054
(1789545361.841563) can0 39F#3E0500B8000020A3
(1789545361.841809) can0 3A4#0000000000000000
(1789545361.941359) can0 3A2#0000288403FF0050
(1789545361.941579) can0 39F#3E0500B8000021A2
(1789545361.941839) can0 3A4#0000000000000000
(1789545362.041405) can0 3A2#0000288803FF005C
(1789545362.041670) can0 39F#3E0500B8000022A1
(1789545362.041873) can0 3A4#0000000000000000
(1789545362.141462) can0 3A2#0000288C03FF0058
(1789545362.141686) can0 39F#3E0500B8000023A0
(1789545362.141931) can0 3A4#0000000000000000
(1789545362.241374) can0 3A2#0000289003FF0044
(1789545362.241574) can0 39F#3E0500B8000024A7
(1789545362.241829) can0 3A4#0000000000000000
(1789545362.341366) can0 3A2#0000289403FF0040
(1789545362.341588) can0 39F#3E0500B8000025A6
(1789545362.341842) can0 3A4#0000000000000000
(1789545362.441379) can0 3A2#0000289803FF004C
(1789545362.441572) can0 39F#3E0500B8000026A5
(1789545362.441832) can0 3A4#0000000000000000
(1789545362.541520) can0 3A2#0000289C03FF0048
(1789545362.541739) can0 39F#3E0500B8000027A4
(1789545362.541987) can0 3A4#0000000000000000
(1789545362.641472) can0 3A2#000028A003FF0074
(1789545362.641751) can0 39F#3E0500B8000028AB
(1789545362.641945) can0 3A4#0000000000000000
(1789545362.741422) can0 3A2#000028A403FF0070
(1789545362.741649) can0 39F#3E0500B8000029AA
(1789545362.741899) can0 3A4#0000000000000000
(1789545362.841450) can0 3A2#000028A803FF007C
(1789545362.841682) can0 39F#3E0500B800002AA9
(1789545362.841932) can0 3A4#0000000000000000
(1789545362.941496) can0 3A2#000028AC03FF0078
(1789545362.941707) can0 39F#3E0500B800002BA8
(1789545362.941964) can0 3A4#0000000000000000
(1789545363.041661) can0 3A2#000028B003FF0064
(1789545363.041868) can0 39F#3E0500B800002CAF
(1789545363.042111) can0 3A4#0000000000000000
(1789545363.141456) can0 3A2#000028B403FF0060
(1789545363.141679) can0 39F#3E0500B800002DAE
(1789545363.141915) can0 3A4#0000000000000000
(1789545363.241505) can0 3A2#000028B803FF006C
(1789545363.241717) can0 39F#3E0500B800002EAD
(1789545363.241974) can0 3A4#0000000000000000
(1789545363.341501) can0 3A2#000028BC03FF0068
(1789545363.341705) can0 39F#3E0500B800002FAC
(1789545363.341968) can0 3A4#0000000000000000
(1789545363.441514) can0 3A2#0000288003FF0054
(1789545363.441715) can0 39F#3E0500B8000020A3
(1789545363.441964) can0 3A4#0000000000000000
(1789545363.541479) can0 3A2#0000288403FF0050
(1789545363.541683) can0 39F#3E0500B8000021A2
(1789545363.541938) can0 3A4#0000000000000000
(1789545363.641534) can0 3A2#0000288803FF005C
(1789545363.641742) can0 39F#3E0500B8000022A1
(1789545363.641983) can0 3A4#0000000000000000
(1789545363.741428) can0 3A2#0000288C03FF0058
(1789545363.741631) can0 39F#3E0500B8000023A0
(1789545363.741898) can0 3A4#0000000000000000
(1789545363.841420) can0 3A2#0000289003FF0044
(1789545363.841647) can0 39F#3E0500B8000024A7
(1789545363.841912) can0 3A4#0000000000000000
(1789545363.941492) can0 3A2#0000289403FF0040
(1789545363.941710) can0 39F#3E0500B8000025A6
(1789545363.941958) can0 3A4#0000000000000000
(1789545364.041606) can0 3A2#0000289803FF004C
(1789545364.041787) can0 39F#3E0500B8000026A5
(1789545364.042035) can0 3A4#0000000000000000
(1789545364.141421) can0 3A2#0000289C03FF0048
(1789545364.141650) can0 39F#3E0500B8000027A4
(1789545364.141950) can0 3A4#0000000000000000
(1789545364.241536) can0 3A2#000028A003FF0074
(1789545364.241737) can0 39F#3E0500B8000028AB
(1789545364.242003) can0 3A4#0000000000000000
(1789545364.341487) can0 3A2#000028A403FF0070
(1789545364.341712) can0 39F#3E0500B8000029AA
(1789545364.341980) can0 3A4#0000000000000000
(1789545364.441599) can0 3A2#000028A803FF007C
(1789545364.441761) can0 39F#3E0500B800002AA9
(1789545364.442002) can0 3A4#0000000000000000
(1789545364.541597) can0 3A2#000028AC03FF0078
(1789545364.541806) can0 39F#3E0500B800002BA8
(1789545364.542055) can0 3A4#0000000000000000
(1789545364.641465) can0 3A2#000028B003FF0064
(1789545364.641689) can0 39F#3E0500B800002CAF
(1789545364.641932) can0 3A4#0000000000000000
(1789545364.741550) can0 3A2#000028B403FF0060
(1789545364.741768) can0 39F#3E0500B800002DAE
(1789545364.742034) can0 3A4#0000000000000000
(1789545364.841456) can0 3A2#000028B803FF006C
(1789545364.841684) can0 39F#3E0500B800002EAD
(1789545364.841933) can0 3A4#0000000000000000
(1789545364.941532) can0 3A2#000028BC03FF0068
(1789545364.941737) can0 39F#3E0500B800002FAC
(1789545364.941986) can0 3A4#0000000000000000
(1789545365.041714) can0 3A2#0000288003FF0054
(1789545365.041935) can0 39F#3E0500B8000020A3
(1789545365.042197) can0 3A4#0000000000000000
(1789545365.141471) can0 3A2#0000288403FF0050
(1789545365.141686) can0 39F#3E0500B8000021A2
(1789545365.141933) can0 3A4#0000000000000000
(1789545365.241526) can0 3A2#0000288803FF005C
(1789545365.241736) can0 39F#3E0500B8000022A1
(1789545365.241997) can0 3A4#0000000000000000
(1789545365.341566) can0 3A2#0000288C03FF0058
(1789545365.341790) can0 39F#3E0500B8000023A0
(1789545365.342023) can0 3A4#0000000000000000
(1789545365.441469) can0 3A2#0000289003FF0044
(1789545365.441689) can0 39F#3E0500B8000024A7
(1789545365.441937) can0 3A4#0000000000000000
(1789545365.541543) can0 3A2#0000289403FF0040
(1789545365.541756) can0 39F#3E0500B8000025A6
(1789545365.542001) can0 3A4#0000000000000000
(1789545365.641475) can0 3A2#0000289803FF004C
(1789545365.641720) can0 39F#3E0500B8000026A5
(1789545365.641924) can0 3A4#0000000000000000
(1789545365.741547) can0 3A2#0000289C03FF0048
(1789545365.741750) can0 39F#3E0500B8000027A4
(1789545365.742018) can0 3A4#0000000000000000
(1789545365.841490) can0 3A2#000028A003FF0074
(1789545365.841694) can0 39F#3E0500B8000028AB
(1789545365.841942) can0 3A4#0000000000000000
(1789545365.941487) can0 3A2#000028A403FF0070
(1789545365.941709) can0 39F#3E0500B8000029AA
(1789545365.941956) can0 3A4#0000000000000000
(1789545366.041645) can0 3A2#000028A803FF007C
(1789545366.041860) can0 39F#3E0500B800002AA9
(1789545366.042099) can0 3A4#0000000000000000
(1789545366.141532) can0 3A2#000028AC03FF0078
(1789545366.141733) can0 39F#3E0500B800002BA8
(1789545366.141975) can0 3A4#0000000000000000
(1789545366.241598) can0 3A2#000028B003FF0064
(1789545366.241799) can0 39F#3E0500B800002CAF
(1789545366.242064) can0 3A4#0000000000000000
(1789545366.341519) can0 3A2#000028B403FF0060
(1789545366.341729) can0 39F#3E0500B800002DAE
(1789545366.341976) can0 3A4#0000000000000000
(1789545366.441576) can0 3A2#000028B803FF006C
(1789545366.441805) can0 39F#3E0500B800002EAD
(1789545366.442053) can0 3A4#0000000000000000
(1789545366.541653) can0 3A2#000028BC03FF0068
(1789545366.541875) can0 39F#3E0500B800002FAC
(1789545366.542123) can0 3A4#0000000000000000
(1789545366.641578) can0 3A2#0000288003FF0054
(1789545366.641802) can0 39F#3E0500B8000020A3
(1789545366.642048) can0 3A4#0000000000000000
(1789545366.741570) can0 3A2#0000288403FF0050
(1789545366.741778) can0 39F#3E0500B8000021A2
(1789545366.742035) can0 3A4#0000000000000000
(1789545366.841514) can0 3A2#0000288803FF005C
(1789545366.841721) can0 39F#3E0500B8000022A1
(1789545366.841969) can0 3A4#0000000000000000
(1789545366.941516) can0 3A2#0000288C03FF0058
(1789545366.941738) can0 39F#3E0500B8000023A0
(1789545366.941986) can0 3A4#0000000000000000
(1789545367.041764) can0 3A2#0000289003FF0044
(1789545367.041993) can0 39F#3E0500B8000024A7
(1789545367.042239) can0 3A4#0000000000000000
(1789545367.141534) can0 3A2#0000289403FF0040
(1789545367.141746) can0 39F#3E0500B8000025A6
(1789545367.141994) can0 3A4#0000000000000000
(1789545367.241593) can0 3A2#0000289803FF004C
(1789545367.241848) can0 39F#3E0500B8000026A5
(1789545367.242058) can0 3A4#0000000000000000
(1789545367.341548) can0 3A2#0000289C03FF0048
(1789545367.341743) can0 39F#3E0500B8000027A4
(1789545367.341991) can0 3A4#0000000000000000
(1789545367.441640) can0 3A2#000028A003FF0074
(1789545367.441851) can0 39F#3E0500B8000028AB
(1789545367.442119) can0 3A4#0000000000000000
(1789545367.541696) can0 3A2#000028A403FF0070
(1789545367.541920) can0 39F#3E0500B8000029AA
(1789545367.542165) can0 3A4#0000000000000000
(1789545367.641635) can0 3A2#000028A803FF007C
(1789545367.641865) can0 39F#3E0500B800002AA9
(1789545367.642103) can0 3A4#0000000000000000
(1789545367.741556) can0 3A2#000028AC03FF0078
(1789545367.741757) can0 39F#3E0500B800002BA8
(1789545367.742017) can0 3A4#0000000000000000
(1789545367.841633) can0 3A2#000028B003FF0064
(1789545367.841843) can0 39F#3E0500B800002CAF
(1789545367.842091) can0 3A4#0000000000000000
(1789545367.941655) can0 3A2#000028B403FF0060
(1789545367.941917) can0 39F#3E0500B800002DAE
(1789545367.942105) can0 3A4#0000000000000000
(1789545368.041609) can0 3A2#000028B803FF006C
(1789545368.041828) can0 39F#3E0500B800002EAD
(1789545368.042076) can0 3A4#0000000000000000
(1789545368.141632) can0 3A2#000028BC03FF0068
(1789545368.141846) can0 39F#3E0500B800002FAC
(1789545368.142102) can0 3A4#0000000000000000
(1789545368.241571) can0 3A2#0000288003FF0054
(1789545368.241784) can0 39F#3E0500B8000020A3
(1789545368.242028) can0 3A4#0000000000000000
(1789545368.341571) can0 3A2#0000288403FF0050
(1789545368.341773) can0 39F#3E0500B8000021A2
(1789545368.342021) can0 3A4#0000000000000000
(1789545368.441639) can0 3A2#0000288803FF005C
(1789545368.441844) can0 39F#3E0500B8000022A1
(1789545368.442090) can0 3A4#0000000000000000
(1789545368.541723) can0 3A2#0000288C03FF0058
(1789545368.541926) can0 39F#3E0500B8000023A0
(1789545368.542173) can0 3A4#0000000000000000
(1789545368.641636) can0 3A2#0000289003FF0044
(1789545368.641859) can0 39F#3E0500B8000024A7
(1789545368.642102) can0 3A4#0000000000000000
(1789545368.741605) can0 3A2#0000289403FF0040
(1789545368.741781) can0 39F#3E0500B8000025A6
(1789545368.742049) can0 3A4#0000000000000000
(1789545368.841625) can0 3A2#0000289803FF004C
(1789545368.841785) can0 39F#3E0500B8000026A5
(1789545368.842033) can0 3A4#0000000000000000
(1789545368.941648) can0 3A2#0000289C03FF0048
(1789545368.941870) can0 39F#3E0500B8000027A4
(1789545368.942101) can0 3A4#0000000000000000
(1789545369.041851) can0 3A2#000028A003FF0074
(1789545369.042062) can0 39F#3E0500B8000028AB
(1789545369.042314) can0 3A4#0000000000000000
(1789545369.141695) can0 3A2#000028A403FF0070
(1789545369.141907) can0 39F#3E0500B8000029AA
(1789545369.142151) can0 3A4#0000000000000000
(1789545369.241589) can0 3A2#000028A803FF007C
(1789545369.241799) can0 39F#3E0500B800002AA9
(1789545369.242067) can0 3A4#0000000000000000
(1789545369.341585) can0 3A2#000028AC03FF0078
(1789545369.341821) can0 39F#3E0500B800002BA8
(1789545369.342067) can0 3A4#0000000000000000
(1789545369.441692) can0 3A2#000028B003FF0064
(1789545369.441904) can0 39F#3E0500B800002CAF
(1789545369.442153) can0 3A4#0000000000000000
(1789545369.541775) can0 3A2#000028B403FF0060
(1789545369.541865) can0 39F#3E0500B800002DAE
(1789545369.542122) can0 3A4#0000000000000000
(1789545369.641724) can0 3A2#000028B803FF006C
(1789545369.641918) can0 39F#3E0500B800002EAD
(1789545369.642168) can0 3A4#0000000000000000
(1789545369.741733) can0 3A2#000028BC03FF0068
(1789545369.741921) can0 39F#3E0500B800002FAC
(1789545369.742164) can0 3A4#0000000000000000
(1789545369.841605) can0 3A2#0000288003FF0054
(1789545369.841847) can0 39F#3E0500B8000020A3
(1789545369.842081) can0 3A4#0000000000000000
(1789545369.941678) can0 3A2#0000288403FF0050
(1789545369.941884) can0 39F#3E0500B8000021A2
(1789545369.942138) can0 3A4#0000000000000000
(1789545370.041780) can0 3A2#0000288803FF005C
(1789545370.041986) can0 39F#3E0500B8000022A1
(1789545370.042236) can0 3A4#0000000000000000
(1789545370.141641) can0 3A2#0000288C03FF0058
(1789545370.141843) can0 39F#3E0500B8000023A0
(1789545370.142086) can0 3A4#0000000000000000
(1789545370.241704) can0 3A2#0000289003FF0044
(1789545370.241911) can0 39F#3E0500B8000024A7
(1789545370.242163) can0 3A4#0000000000000000
(1789545370.341628) can0 3A2#0000289403FF0040
(1789545370.341840) can0 39F#3E0500B8000025A6
(1789545370.342090) can0 3A4#0000000000000000
(1789545370.441676) can0 3A2#0000289803FF004C
(1789545370.441871) can0 39F#3E0500B8000026A5
(1789545370.442120) can0 3A4#0000000000000000
(1789545370.541772) can0 3A2#0000289C03FF0048
(1789545370.542004) can0 39F#3E0500B8000027A4
(1789545370.542250) can0 3A4#0000000000000000
(1789545370.641688) can0 3A2#000028A003FF0074
(1789545370.641928) can0 39F#3E0500B8000028AB
(1789545370.642177) can0 3A4#0000000000000000
(1789545370.741632) can0 3A2#000028A403FF0070
(1789545370.741863) can0 39F#3E0500B8000029AA
(1789545370.742101) can0 3A4#0000000000000000
(1789545370.841741) can0 3A2#000028A803FF007C
(1789545370.841958) can0 39F#3E0500B800002AA9
(1789545370.842216) can0 3A4#0000000000000000
(1789545370.941763) can0 3A2#000028AC03FF0078
(1789545370.941976) can0 39F#3E0500B800002BA8
(1789545370.942220) can0 3A4#0000000000000000
(1789545371.041925) can0 3A2#000028B003FF0064
(1789545371.042121) can0 39F#3E0500B800002CAF
(1789545371.042361) can0 3A4#0000000000000000
(1789545371.141757) can0 3A2#000028B403FF0060
(1789545371.141960) can0 39F#3E0500B800002DAE
(1789545371.142217) can0 3A4#0000000000000000
(1789545371.241675) can0 3A2#000028B803FF006C
(1789545371.241920) can0 39F#3E0500B800002EAD
(1789545371.242144) can0 3A4#0000000000000000
(1789545371.341772) can0 3A2#000028BC03FF0068
(1789545371.341981) can0 39F#3E0500B800002FAC
(1789545371.342218) can0 3A4#0000000000000000
(1789545371.441771) can0 3A2#0000288003FF0054
(1789545371.442009) can0 39F#3E0500B8000020A3
(1789545371.442240) can0 3A4#0000000000000000
(1789545371.541772) can0 3A2#0000288403FF0050
(1789545371.541992) can0 39F#3E0500B8000021A2
(1789545371.542239) can0 3A4#0000000000000000
(1789545371.641743) can0 3A2#0000288803FF005C
(1789545371.641965) can0 39F#3E0500B8000022A1
(1789545371.642191) can0 3A4#0000000000000000
(1789545371.741659) can0 3A2#0000288C03FF0058
(1789545371.741886) can0 39F#3E0500B8000023A0
(1789545371.742144) can0 3A4#0000000000000000
(1789545371.841672) can0 3A2#0000289003FF0044
(1789545371.841900) can0 39F#3E0500B8000024A7
(1789545371.842158) can0 3A4#0000000000000000
(1789545371.941776) can0 3A2#0000289403FF0040
(1789545371.942009) can0 39F#3E0500B8000025A6
(1789545371.942256) can0 3A4#0000000000000000
(1789545372.041801) can0 3A2#0000289803FF004C
(1789545372.042023) can0 39F#3E0500B8000026A5
(1789545372.042255) can0 3A4#0000000000000000
(1789545372.141784) can0 3A2#0000289C03FF0048
(1789545372.142049) can0 39F#3E0500B8000027A4
(1789545372.142257) can0 3A4#0000000000000000
(1789545372.241763) can0 3A2#000028A003FF0074
(1789545372.242054) can0 39F#3E0500B8000028AB
(1789545372.242224) can0 3A4#0000000000000000
(1789545372.341689) can0 3A2#000028A403FF0070
(1789545372.341919) can0 39F#3E0500B8000029AA
(1789545372.342170) can0 3A4#0000000000000000
(1789545372.441762) can0 3A2#000028A803FF007C
(1789545372.441980) can0 39F#3E0500B800002AA9
(1789545372.442238) can0 3A4#0000000000000000
(1789545372.541839) can0 3A2#000028AC03FF0078
(1789545372.542087) can0 39F#3E0500B800002BA8
(1789545372.542311) can0 3A4#0000000000000000
(1789545372.641753) can0 3A2#000028B003FF0064
(1789545372.641978) can0 39F#3E0500B800002CAF
(1789545372.642235) can0 3A4#0000000000000000
(1789545372.741704) can0 3A2#000028B403FF0060
(1789545372.741967) can0 39F#3E0500B800002DAE
(1789545372.742181) can0 3A4#0000000000000000
(1789545372.841709) can0 3A2#000028B803FF006C
(1789545372.841915) can0 39F#3E0500B800002EAD
(1789545372.842164) can0 3A4#0000000000000000
(1789545372.941811) can0 3A2#000028BC03FF0068
(1789545372.942028) can0 39F#3E0500B800002FAC
(1789545372.942278) can0 3A4#0000000000000000
(1789545373.042047) can0 3A2#0000288003FF0054
(1789545373.042245) can0 39F#3E0500B8000020A3
(1789545373.042503) can0 3A4#0000000000000000
(1789545373.141727) can0 3A2#0000288403FF0050
(1789545373.141933) can0 39F#3E0500B8000021A2
(1789545373.142178) can0 3A4#0000000000000000
(1789545373.241723) can0 3A2#0000288803FF005C
(1789545373.241937) can0 39F#3E0500B8000022A1
(1789545373.242182) can0 3A4#0000000000000000
(1789545373.341795) can0 3A2#0000288C03FF0058
(1789545373.342018) can0 39F#3E0500B8000023A0
(1789545373.342263) can0 3A4#0000000000000000
(1789545373.441832) can0 3A2#0000289003FF0044
(1789545373.442034) can0 39F#3E0500B8000024A7
(1789545373.442290) can0 3A4#0000000000000000
(1789545373.541772) can0 3A2#0000289403FF0040
(1789545373.541994) can0 39F#3E0500B8000025A6
(1789545373.542251) can0 3A4#0000000000000000
(1789545373.641834) can0 3A2#0000289803FF004C
(1789545373.642039) can0 39F#3E0500B8000026A5
(1789545373.642338) can0 3A4#0000000000000000
(1789545373.741748) can0 3A2#0000289C03FF0048
(1789545373.741961) can0 39F#3E0500B8000027A4
(1789545373.742249) can0 3A4#0000000000000000
(1789545373.841852) can0 3A2#000028A003FF0074
(1789545373.842051) can0 39F#3E0500B8000028AB
(1789545373.842300) can0 3A4#0000000000000000
(1789545373.941746) can0 3A2#000028A403FF0070
(1789545373.941962) can0 39F#3E0500B8000029AA
(1789545373.942274) can0 3A4#0000000000000000
(1789545374.041909) can0 3A2#000028A803FF007C
(1789545374.042119) can0 39F#3E0500B800002AA9
(1789545374.042361) can0 3A4#0000000000000000
(1789545374.141806) can0 3A2#000028AC03FF0078
(1789545374.142041) can0 39F#3E0500B800002BA8
(1789545374.142313) can0 3A4#0000000000000000
(1789545374.241754) can0 3A2#000028B003FF0064
(1789545374.241965) can0 39F#3E0500B800002CAF
(1789545374.242228) can0 3A4#0000000000000000
(1789545374.341807) can0 3A2#000028B403FF0060
(1789545374.342077) can0 39F#3E0500B800002DAE
(1789545374.342331) can0 3A4#0000000000000000
(1789545374.441756) can0 3A2#000028B803FF006C
(1789545374.441982) can0 39F#3E0500B800002EAD
(1789545374.442229) can0 3A4#0000000000000000
(1789545374.541908) can0 3A2#000028BC03FF0068
(1789545374.542129) can0 39F#3E0500B800002FAC
(1789545374.542375) can0 3A4#0000000000000000
(1789545374.641841) can0 3A2#0000288003FF0054
(1789545374.642008) can0 39F#3E0500B8000020A3
(1789545374.642256) can0 3A4#0000000000000000
(1789545374.741875) can0 3A2#0000288403FF0050
(1789545374.742078) can0 39F#3E0500B8000021A2
(1789545374.742382) can0 3A4#0000000000000000
(1789545374.841822) can0 3A2#0000288803FF005C
(1789545374.842033) can0 39F#3E0500B8000022A1
(1789545374.842283) can0 3A4#0000000000000000
(1789545374.941863) can0 3A2#0000288C03FF0058
(1789545374.942012) can0 39F#3E0500B8000023A0
(1789545374.942258) can0 3A4#0000000000000000
(1789545375.042108) can0 3A2#0000289003FF0044
(1789545375.042301) can0 39F#3E0500B8000024A7
(1789545375.042548) can0 3A4#0000000000000000
(1789545375.141879) can0 3A2#0000289403FF0040
(1789545375.142087) can0 39F#3E0500B8000025A6
(1789545375.142351) can0 3A4#0000000000000000
(1789545375.241792) can0 3A2#0000289803FF004C
(1789545375.242013) can0 39F#3E0500B8000026A5
(1789545375.242258) can0 3A4#0000000000000000
(1789545375.341875) can0 3A2#0000289C03FF0048
(1789545375.342104) can0 39F#3E0500B8000027A4
(1789545375.342352) can0 3A4#0000000000000000
(1789545375.441783) can0 3A2#000028A003FF0074
(1789545375.442007) can0 39F#3E0500B8000028AB
(1789545375.442255) can0 3A4#0000000000000000
(1789545375.541955) can0 3A2#000028A403FF0070
(1789545375.542156) can0 39F#3E0500B8000029AA
(1789545375.542409) can0 3A4#0000000000000000
(1789545375.641812) can0 3A2#000028A803FF007C
(1789545375.642061) can0 39F#3E0500B800002AA9
(1789545375.642295) can0 3A4#0000000000000000
(1789545375.741905) can0 3A2#000028AC03FF0078
(1789545375.742120) can0 39F#3E0500B800002BA8
(1789545375.742384) can0 3A4#0000000000000000
(1789545375.841826) can0 3A2#000028B003FF0064
(1789545375.842026) can0 39F#3E0500B800002CAF
(1789545375.842266) can0 3A4#0000000000000000
(1789545375.941886) can0 3A2#000028B403FF0060
(1789545375.942094) can0 39F#3E0500B800002DAE
(1789545375.942335) can0 3A4#0000000000000000
(1789545376.041969) can0 3A2#000028B803FF006C
(1789545376.042188) can0 39F#3E0500B800002EAD
(1789545376.042439) can0 3A4#0000000000000000
(1789545376.141902) can0 3A2#000028BC03FF0068
(1789545376.142131) can0 39F#3E0500B800002FAC
(1789545376.142374) can0 3A4#0000000000000000
(1789545376.241812) can0 3A2#0000288003FF0054
(1789545376.242034) can0 39F#3E0500B8000020A3
(1789545376.242282) can0 3A4#0000000000000000
(1789545376.341906) can0 3A2#0000288403FF0050
(1789545376.342109) can0 39F#3E0500B8000021A2
(1789545376.342362) can0 3A4#0000000000000000
(1789545376.441833) can0 3A2#0000288803FF005C
(1789545376.442027) can0 39F#3E0500B8000022A1
(1789545376.442276) can0 3A4#0000000000000000
(1789545376.541884) can0 3A2#0000288C03FF0058
(1789545376.542081) can0 39F#3E0500B8000023A0
(1789545376.542353) can0 3A4#0000000000000000
(1789545376.641981) can0 3A2#0000289003FF0044
(1789545376.642153) can0 39F#3E0500B8000024A7
(1789545376.642411) can0 3A4#0000000000000000
(1789545376.741916) can0 3A2#0000289403FF0040
(1789545376.742105) can0 39F#3E0500B8000025A6
(1789545376.742336) can0 3A4#0000000000000000
(1789545376.841965) can0 3A2#0000289803FF004C
(1789545376.842169) can0 39F#3E0500B8000026A5
(1789545376.842426) can0 3A4#0000000000000000
(1789545376.941907) can0 3A2#0000289C03FF0048
(1789545376.942122) can0 39F#3E0500B8000027A4
(1789545376.942364) can0 3A4#0000000000000000
(1789545377.042172) can0 3A2#000028A003FF0074
(1789545377.042382) can0 39F#3E0500B8000028AB
(1789545377.042698) can0 3A4#0000000000000000
(1789545377.141961) can0 3A2#000028A403FF0070
(1789545377.142155) can0 39F#3E0500B8000029AA
(1789545377.142417) can0 3A4#0000000000000000
(1789545377.241855) can0 3A2#000028A803FF007C
(1789545377.242103) can0 39F#3E0500B800002AA9
(1789545377.242325) can0 3A4#0000000000000000
(1789545377.341870) can0 3A2#000028AC03FF0078
(1789545377.342086) can0 39F#3E0500B800002BA8
(1789545377.342332) can0 3A4#0000000000000000
(1789545377.441923) can0 3A2#000028B003FF0064
(1789545377.442137) can0 39F#3E0500B800002CAF
(1789545377.442385) can0 3A4#0000000000000000
(1789545377.542023) can0 3A2#000028B403FF0060
(1789545377.542237) can0 39F#3E0500B800002DAE
(1789545377.542469) can0 3A4#0000000000000000
(1789545377.641964) can0 3A2#000028B803FF006C
(1789545377.642189) can0 39F#3E0500B800002EAD
(1789545377.642440) can0 3A4#0000000000000000
(1789545377.741899) can0 3A2#000028BC03FF0068
(1789545377.742113) can0 39F#3E0500B800002FAC
(1789545377.742370) can0 3A4#0000000000000000
(1789545377.841989) can0 3A2#0000288003FF0054
(1789545377.842189) can0 39F#3E0500B8000020A3
(1789545377.842436) can0 3A4#0000000000000000
(1789545377.941903) can0 3A2#0000288403FF0050
(1789545377.942106) can0 39F#3E0500B8000021A2
(1789545377.942367) can0 3A4#0000000000000000
(1789545378.042023) can0 3A2#0000288803FF005C
(1789545378.042241) can0 39F#3E0500B8000022A1
(1789545378.042490) can0 3A4#0000000000000000
(1789545378.141976) can0 3A2#0000288C03FF0058
(1789545378.142192) can0 39F#3E0500B8000023A0
(1789545378.142450) can0 3A4#0000000000000000
(1789545378.241993) can0 3A2#0000289003FF0044
(1789545378.242196) can0 39F#3E0500B8000024A7
(1789545378.242439) can0 3A4#0000000000000000
(1789545378.341903) can0 3A2#0000289403FF0040
(1789545378.342106) can0 39F#3E0500B8000025A6
(1789545378.342352) can0 3A4#0000000000000000
(1789545378.441916) can0 3A2#0000289803FF004C
(1789545378.442108) can0 39F#3E0500B8000026A5
(1789545378.442355) can0 3A4#0000000000000000
(1789545378.542021) can0 3A2#0000289C03FF0048
(1789545378.542217) can0 39F#3E0500B8000027A4
(1789545378.542468) can0 3A4#0000000000000000
(1789545378.641997) can0 3A2#000028A003FF0074
(1789545378.642223) can0 39F#3E0500B8000028AB
(1789545378.642469) can0 3A4#0000000000000000
(1789545378.742024) can0 3A2#000028A403FF0070
(1789545378.742222) can0 39F#3E0500B8000029AA
(1789545378.742473) can0 3A4#0000000000000000
(1789545378.841979) can0 3A2#000028A803FF007C
(1789545378.842173) can0 39F#3E0500B800002AA9
(1789545378.842417) can0 3A4#0000000000000000
(1789545378.942007) can0 3A2#000028AC03FF0078
(1789545378.942213) can0 39F#3E0500B800002BA8
(1789545378.942461) can0 3A4#0000000000000000
(1789545379.042219) can0 3A2#000028B003FF0064
(1789545379.042453) can0 39F#3E0500B800002CAF
(1789545379.042691) can0 3A4#0000000000000000
(1789545379.142004) can0 3A2#000028B403FF0060
(1789545379.142209) can0 39F#3E0500B800002DAE
(1789545379.142470) can0 3A4#0000000000000000
(1789545379.242028) can0 3A2#000028B803FF006C
(1789545379.242195) can0 39F#3E0500B800002EAD
(1789545379.242438) can0 3A4#0000000000000000
(1789545379.341914) can0 3A2#000028BC03FF0068
(1789545379.342141) can0 39F#3E0500B800002FAC
(1789545379.342382) can0 3A4#0000000000000000
(1789545379.442046) can0 3A2#0000288003FF0054
(1789545379.442227) can0 39F#3E0500B8000020A3
(1789545379.442476) can0 3A4#0000000000000000
(1789545379.541970) can0 3A2#0000288403FF0050
(1789545379.542199) can0 39F#3E0500B8000021A2
(1789545379.542447) can0 3A4#0000000000000000
(1789545379.642079) can0 3A2#0000288803FF005C
(1789545379.642243) can0 39F#3E0500B8000022A1
(1789545379.642487) can0 3A4#0000000000000000
(1789545379.741938) can0 3A2#0000288C03FF0058
(1789545379.742159) can0 39F#3E0500B8000023A0
(1789545379.742408) can0 3A4#0000000000000000
(1789545379.842012) can0 3A2#0000289003FF0044
(1789545379.842220) can0 39F#3E0500B8000024A7
(1789545379.842469) can0 3A4#0000000000000000
(1789545379.942046) can0 3A2#0000289403FF0040
(1789545379.942244) can0 39F#3E0500B8000025A6
(1789545379.942493) can0 3A4#0000000000000000
(1789545380.041981) can0 3A2#0000289803FF004C
(1789545380.042214) can0 39F#3E0500B8000026A5
(1789545380.042459) can0 3A4#0000000000000000
(1789545380.142042) can0 3A2#0000289C03FF0048
(1789545380.142266) can0 39F#3E0500B8000027A4
(1789545380.142509) can0 3A4#0000000000000000
(1789545380.241954) can0 3A2#000028A003FF0074
(1789545380.242181) can0 39F#3E0500B8000028AB
(1789545380.242426) can0 3A4#0000000000000000
(1789545380.342026) can0 3A2#000028A403FF0070
(1789545380.342224) can0 39F#3E0500B8000029AA
(1789545380.342470) can0 3A4#0000000000000000
(1789545380.441949) can0 3A2#000028A803FF007C
(1789545380.442182) can0 39F#3E0500B800002AA9
(1789545380.442430) can0 3A4#0000000000000000
(1789545380.542109) can0 3A2#000028AC03FF0078
(1789545380.542321) can0 39F#3E0500B800002BA8
(1789545380.542583) can0 3A4#0000000000000000
(1789545380.641979) can0 3A2#000028B003FF0064
(1789545380.642188) can0 39F#3E0500B800002CAF
(1789545380.642436) can0 3A4#0000000000000000
(1789545380.742080) can0 3A2#000028B403FF0060
(1789545380.742300) can0 39F#3E0500B800002DAE
(1789545380.742585) can0 3A4#0000000000000000
(1789545380.842090) can0 3A2#000028B803FF006C
(1789545380.842282) can0 39F#3E0500B800002EAD
(1789545380.842530) can0 3A4#0000000000000000
(1789545380.942025) can0 3A2#000028BC03FF0068
(1789545380.942251) can0 39F#3E0500B800002FAC
(1789545380.942501) can0 3A4#0000000000000000
(1789545381.042263) can0 3A2#0000288003FF0054
(1789545381.042443) can0 39F#3E0500B8000020A3
(1789545381.042706) can0 3A4#0000000000000000
(1789545381.142035) can0 3A2#0000288403FF0050
(1789545381.142265) can0 39F#3E0500B8000021A2
(1789545381.142503) can0 3A4#0000000000000000
(1789545381.241982) can0 3A2#0000288803FF005C
(1789545381.242191) can0 39F#3E0500B8000022A1
(1789545381.242440) can0 3A4#0000000000000000
(1789545381.342060) can0 3A2#0000288C03FF0058
(1789545381.342283) can0 39F#3E0500B8000023A0
(1789545381.342530) can0 3A4#0000000000000000
(1789545381.441989) can0 3A2#0000289003FF0044
(1789545381.442209) can0 39F#3E0500B8000024A7
(1789545381.442457) can0 3A4#0000000000000000
(1789545381.542139) can0 3A2#0000289403FF0040
(1789545381.542355) can0 39F#3E0500B8000025A6
(1789545381.542606) can0 3A4#0000000000000000
(1789545381.641998) can0 3A2#0000289803FF004C
(1789545381.642208) can0 39F#3E0500B8000026A5
(1789545381.642455) can0 3A4#0000000000000000
(1789545381.742097) can0 3A2#0000289C03FF0048
(1789545381.742337) can0 39F#3E0500B8000027A4
(1789545381.742557) can0 3A4#0000000000000000
(1789545381.842011) can0 3A2#000028A003FF0074
(1789545381.842236) can0 39F#3E0500B8000028AB
(1789545381.842482) can0 3A4#0000000000000000
(1789545381.942018) can0 3A2#000028A403FF0070
(1789545381.942237) can0 39F#3E0500B8000029AA
(1789545381.942482) can0 3A4#0000000000000000
(1789545382.042065) can0 3A2#000028A803FF007C
(1789545382.042278) can0 39F#3E0500B800002AA9
(1789545382.042528) can0 3A4#0000000000000000
(1789545382.142119) can0 3A2#000028AC03FF0078
(1789545382.142396) can0 39F#3E0500B800002BA8
(1789545382.142587) can0 3A4#0000000000000000
(1789545382.242132) can0 3A2#000028B003FF0064
(1789545382.242330) can0 39F#3E0500B800002CAF
(1789545382.242581) can0 3A4#0000000000000000
(1789545382.342043) can0 3A2#000028B403FF0060
(1789545382.342239) can0 39F#3E0500B800002DAE
(1789545382.342489) can0 3A4#0000000000000000
(1789545382.442127) can0 3A2#000028B803FF006C
(1789545382.442338) can0 39F#3E0500B800002EAD
(1789545382.442581) can0 3A4#0000000000000000
(1789545382.542075) can0 3A2#000028BC03FF0068
(1789545382.542309) can0 39F#3E0500B800002FAC
(1789545382.542562) can0 3A4#0000000000000000
(1789545382.642051) can0 3A2#0000288003FF0054
(1789545382.642264) can0 39F#3E0500B8000020A3
(1789545382.642510) can0 3A4#0000000000000000
(1789545382.742132) can0 3A2#0000288403FF0050
(1789545382.742345) can0 39F#3E0500B8000021A2
(1789545382.742591) can0 3A4#0000000000000000
(1789545382.842041) can0 3A2#0000288803FF005C
(1789545382.842246) can0 39F#3E0500B8000022A1
(1789545382.842491) can0 3A4#0000000000000000
(1789545382.942073) can0 3A2#0000288C03FF0058
(1789545382.942298) can0 39F#3E0500B8000023A0
(1789545382.942553) can0 3A4#0000000000000000
(1789545383.042287) can0 3A2#0000289003FF0044
(1789545383.042509) can0 39F#3E0500B8000024A7
(1789545383.042757) can0 3A4#0000000000000000
(1789545383.142100) can0 3A2#0000289403FF0040
(1789545383.142254) can0 39F#3E0500B8000025A6
(1789545383.142520) can0 3A4#0000000000000000
(1789545383.242107) can0 3A2#0000289803FF004C
(1789545383.242322) can0 39F#3E0500B8000026A5
(1789545383.242571) can0 3A4#0000000000000000
(1789545383.342045) can0 3A2#0000289C03FF0048
(1789545383.342269) can0 39F#3E0500B8000027A4
(1789545383.342544) can0 3A4#0000000000000000
(1789545383.442039) can0 3A2#000028A003FF0074
(1789545383.442284) can0 39F#3E0500B8000028AB
(1789545383.442567) can0 3A4#0000000000000000
(1789545383.542163) can0 3A2#000028A403FF0070
(1789545383.542382) can0 39F#3E0500B8000029AA
(1789545383.542635) can0 3A4#0000000000000000
(1789545383.642155) can0 3A2#000028A803FF007C
(1789545383.642382) can0 39F#3E0500B800002AA9
(1789545383.642627) can0 3A4#0000000000000000
(1789545383.742086) can0 3A2#000028AC03FF0078
(1789545383.742276) can0 39F#3E0500B800002BA8
(1789545383.742527) can0 3A4#0000000000000000
(1789545383.842156) can0 3A2#000028B003FF0064
(1789545383.842387) can0 39F#3E0500B800002CAF
(1789545383.842639) can0 3A4#0000000000000000
(1789545383.942140) can0 3A2#000028B403FF0060
(1789545383.942351) can0 39F#3E0500B800002DAE
(1789545383.942629) can0 3A4#0000000000000000
(1789545384.042207) can0 3A2#000028B803FF006C
(1789545384.042415) can0 39F#3E0500B800002EAD
(1789545384.042659) can0 3A4#0000000000000000
(1789545384.142186) can0 3A2#000028BC03FF0068
(1789545384.142396) can0 39F#3E0500B800002FAC
(1789545384.142656) can0 3A4#0000000000000000
(1789545384.242099) can0 3A2#0000288003FF0054
(1789545384.242334) can0 39F#3E0500B8000020A3
(1789545384.242581) can0 3A4#0000000000000000
(1789545384.342136) can0 3A2#0000288403FF0050
(1789545384.342346) can0 39F#3E0500B8000021A2
(1789545384.342620) can0 3A4#0000000000000000
(1789545384.442111) can0 3A2#0000288803FF005C
(1789545384.442315) can0 39F#3E0500B8000022A1
(1789545384.442575) can0 3A4#0000000000000000
(1789545384.542242) can0 3A2#0000288C03FF0058
(1789545384.542465) can0 39F#3E0500B8000023A0
(1789545384.542718) can0 3A4#0000000000000000
(1789545384.642188) can0 3A2#0000289003FF0044
(1789545384.642405) can0 39F#3E0500B8000024A7
(1789545384.642644) can0 3A4#0000000000000000
(1789545384.742205) can0 3A2#0000289403FF0040
(1789545384.742307) can0 39F#3E0500B8000025A6
(1789545384.742555) can0 3A4#0000000000000000
(1789545384.842117) can0 3A2#0000289803FF004C
(1789545384.842346) can0 39F#3E0500B8000026A5
(1789545384.842594) can0 3A4#0000000000000000
(1789545384.942207) can0 3A2#0000289C03FF0048
(1789545384.942438) can0 39F#3E0500B8000027A4
(1789545384.942674) can0 3A4#0000000000000000
(1789545385.042377) can0 3A2#000028A003FF0074
(1789545385.042575) can0 39F#3E0500B8000028AB
(1789545385.042831) can0 3A4#0000000000000000
(1789545385.142205) can0 3A2#000028A403FF0070
(1789545385.142428) can0 39F#3E0500B8000029AA
(1789545385.142677) can0 3A4#0000000000000000
(1789545385.242182) can0 3A2#000028A803FF007C
(1789545385.242402) can0 39F#3E0500B800002AA9
(1789545385.242649) can0 3A4#0000000000000000
(1789545385.342157) can0 3A2#000028AC03FF0078
(1789545385.342383) can0 39F#3E0500B800002BA8
(1789545385.342626) can0 3A4#0000000000000000
(1789545385.442214) can0 3A2#000028B003FF0064
(1789545385.442431) can0 39F#3E0500B800002CAF
(1789545385.442677) can0 3A4#0000000000000000
(1789545385.542263) can0 3A2#000028B403FF0060
(1789545385.542478) can0 39F#3E0500B800002DAE
(1789545385.542729) can0 3A4#0000000000000000
(1789545385.642132) can0 3A2#000028B803FF006C
(1789545385.642341) can0 39F#3E0500B800002EAD
(1789545385.642588) can0 3A4#0000000000000000
(1789545385.742126) can0 3A2#000028BC03FF0068
(1789545385.742346) can0 39F#3E0500B800002FAC
(1789545385.742595) can0 3A4#0000000000000000
(1789545385.842198) can0 3A2#0000288003FF0054
(1789545385.842403) can0 39F#3E0500B8000020A3
(1789545385.842670) can0 3A4#0000000000000000
(1789545385.942149) can0 3A2#0000288403FF0050
(1789545385.942375) can0 39F#3E0500B8000021A2
(1789545385.942623) can0 3A4#0000000000000000
(1789545386.042264) can0 3A2#0000288803FF005C
(1789545386.042473) can0 39F#3E0500B8000022A1
(1789545386.042720) can0 3A4#0000000000000000
(1789545386.142246) can0 3A2#0000288C03FF0058
(1789545386.142465) can0 39F#3E0500B8000023A0
(1789545386.142702) can0 3A4#0000000000000000
(1789545386.242155) can0 3A2#0000289003FF0044
(1789545386.242355) can0 39F#3E0500B8000024A7
(1789545386.242601) can0 3A4#0000000000000000
(1789545386.342195) can0 3A2#0000289403FF0040
(1789545386.342412) can0 39F#3E0500B8000025A6
(1789545386.342646) can0 3A4#0000000000000000
(1789545386.442253) can0 3A2#0000289803FF004C
(1789545386.442469) can0 39F#3E0500B8000026A5
(1789545386.442714) can0 3A4#0000000000000000
(1789545386.542196) can0 3A2#0000289C03FF0048
(1789545386.542423) can0 39F#3E0500B8000027A4
(1789545386.542663) can0 3A4#0000000000000000
(1789545386.642261) can0 3A2#000028A003FF0074
(1789545386.642465) can0 39F#3E0500B8000028AB
(1789545386.642742) can0 3A4#0000000000000000
(1789545386.742187) can0 3A2#000028A403FF0070
(1789545386.742399) can0 39F#3E0500B8000029AA
(1789545386.742623) can0 3A4#0000000000000000
(1789545386.842251) can0 3A2#000028A803FF007C
(1789545386.842472) can0 39F#3E0500B800002AA9
(1789545386.842715) can0 3A4#0000000000000000
(1789545386.942172) can0 3A2#000028AC03FF0078
(1789545386.942382) can0 39F#3E0500B800002BA8
(1789545386.942652) can0 3A4#0000000000000000
(1789545387.042434) can0 3A2#000028B003FF0064
(1789545387.042645) can0 39F#3E0500B800002CAF
(1789545387.042904) can0 3A4#0000000000000000
(1789545387.142289) can0 3A2#000028B403FF0060
(1789545387.142496) can0 39F#3E0500B800002DAE
(1789545387.142753) can0 3A4#0000000000000000
(1789545387.242206) can0 3A2#000028B803FF006C
(1789545387.242432) can0 39F#3E0500B800002EAD
(1789545387.242644) can0 3A4#0000000000000000
(1789545387.342252) can0 3A2#000028BC03FF0068
(1789545387.342435) can0 39F#3E0500B800002FAC
(1789545387.342691) can0 3A4#0000000000000000
(1789545387.442265) can0 3A2#0000288003FF0054
(1789545387.442487) can0 39F#3E0500B8000020A3
(1789545387.442743) can0 3A4#0000000000000000
(1789545387.542253) can0 3A2#0000288403FF0050
(1789545387.542464) can0 39F#3E0500B8000021A2
(1789545387.542710) can0 3A4#0000000000000000
(1789545387.642229) can0 3A2#0000288803FF005C
(1789545387.642409) can0 39F#3E0500B8000022A1
(1789545387.642660) can0 3A4#0000000000000000
(1789545387.742294) can0 3A2#0000288C03FF0058
(1789545387.742531) can0 39F#3E0500B8000023A0
(1789545387.742769) can0 3A4#0000000000000000
(1789545387.842262) can0 3A2#0000289003FF0044
(1789545387.842491) can0 39F#3E0500B8000024A7
(1789545387.842732) can0 3A4#0000000000000000
(1789545387.942213) can0 3A2#0000289403FF0040
(1789545387.942421) can0 39F#3E0500B8000025A6
(1789545387.942671) can0 3A4#0000000000000000
(1789545388.042342) can0 3A2#0000289803FF004C
(1789545388.042565) can0 39F#3E0500B8000026A5
(1789545388.042808) can0 3A4#0000000000000000
(1789545388.142254) can0 3A2#0000289C03FF0048
(1789545388.142449) can0 39F#3E0500B8000027A4
(1789545388.142704) can0 3A4#0000000000000000
(1789545388.242399) can0 3A2#000028A003FF0074
(1789545388.242511) can0 39F#3E0500B8000028AB
(1789545388.242753) can0 3A4#0000000000000000
(1789545388.342250) can0 3A2#000028A403FF0070
(1789545388.342426) can0 39F#3E0500B8000029AA
(1789545388.342675) can0 3A4#0000000000000000
(1789545388.442263) can0 3A2#000028A803FF007C
(1789545388.442461) can0 39F#3E0500B800002AA9
(1789545388.442706) can0 3A4#0000000000000000
(1789545388.542336) can0 3A2#000028AC03FF0078
(1789545388.542574) can0 39F#3E0500B800002BA8
(1789545388.542806) can0 3A4#0000000000000000
(1789545388.642323) can0 3A2#000028B003FF0064
(1789545388.642540) can0 39F#3E0500B800002CAF
(1789545388.642804) can0 3A4#0000000000000000
(1789545388.742301) can0 3A2#000028B403FF0060
(1789545388.742462) can0 39F#3E0500B800002DAE
(1789545388.742707) can0 3A4#0000000000000000
(1789545388.842346) can0 3A2#000028B803FF006C
(1789545388.842539) can0 39F#3E0500B800002EAD
(1789545388.842790) can0 3A4#0000000000000000
(1789545388.942343) can0 3A2#000028BC03FF0068
(1789545388.942507) can0 39F#3E0500B800002FAC
(1789545388.942748) can0 3A4#0000000000000000
(1789545389.042507) can0 3A2#0000288003FF0054
(1789545389.042730) can0 39F#3E0500B8000020A3
(1789545389.042969) can0 3A4#0000000000000000
(1789545389.142265) can0 3A2#0000288403FF0050
(1789545389.142470) can0 39F#3E0500B8000021A2
(1789545389.142715) can0 3A4#0000000000000000
(1789545389.242381) can0 3A2#0000288803FF005C
(1789545389.242564) can0 39F#3E0500B8000022A1
(1789545389.242800) can0 3A4#0000000000000000
(1789545389.342382) can0 3A2#0000288C03FF0058
(1789545389.342555) can0 39F#3E0500B8000023A0
(1789545389.342803) can0 3A4#0000000000000000
(1789545389.442248) can0 3A2#0000289003FF0044
(1789545389.442469) can0 39F#3E0500B8000024A7
(1789545389.442727) can0 3A4#0000000000000000
(1789545389.542308) can0 3A2#0000289403FF0040
(1789545389.542514) can0 39F#3E0500B8000025A6
(1789545389.542762) can0 3A4#0000000000000000
(1789545389.642342) can0 3A2#0000289803FF004C
(1789545389.642557) can0 39F#3E0500B8000026A5
(1789545389.642819) can0 3A4#0000000000000000
(1789545389.742268) can0 3A2#0000289C03FF0048
(1789545389.742471) can0 39F#3E0500B8000027A4
(1789545389.742719) can0 3A4#0000000000000000
(1789545389.842474) can0 3A2#000028A003FF0074
(1789545389.842591) can0 39F#3E0500B8000028AB
(1789545389.842831) can0 3A4#0000000000000000
(1789545389.942281) can0 3A2#000028A403FF0070
(1789545389.942486) can0 39F#3E0500B8000029AA
(1789545389.942738) can0 3A4#0000000000000000
(1789545390.042340) can0 3A2#000028A803FF007C
(1789545390.042532) can0 39F#3E0500B800002AA9
(1789545390.042787) can0 3A4#0000000000000000
(1789545390.142399) can0 3A2#000028AC03FF0078
(1789545390.142603) can0 39F#3E0500B800002BA8
(1789545390.142842) can0 3A4#0000000000000000
(1789545390.242307) can0 3A2#000028B003FF0064
(1789545390.242516) can0 39F#3E0500B800002CAF
(1789545390.242759) can0 3A4#0000000000000000
(1789545390.342410) can0 3A2#000028B403FF0060
(1789545390.342598) can0 39F#3E0500B800002DAE
(1789545390.342841) can0 3A4#0000000000000000
(1789545390.442350) can0 3A2#000028B803FF006C
(1789545390.442564) can0 39F#3E0500B800002EAD
(1789545390.442811) can0 3A4#0000000000000000
(1789545390.542402) can0 3A2#000028BC03FF0068
(1789545390.542621) can0 39F#3E0500B800002FAC
(1789545390.542864) can0 3A4#0000000000000000
(1789545390.642293) can0 3A2#0000288003FF0054
(1789545390.642535) can0 39F#3E0500B8000020A3
(1789545390.642753) can0 3A4#0000000000000000
(1789545390.742385) can0 3A2#0000288403FF0050
(1789545390.742596) can0 39F#3E0500B8000021A2
(1789545390.742843) can0 3A4#0000000000000000
(1789545390.842337) can0 3A2#0000288803FF005C
(1789545390.842560) can0 39F#3E0500B8000022A1
(1789545390.842792) can0 3A4#0000000000000000
(1789545390.942402) can0 3A2#0000288C03FF0058
(1789545390.942617) can0 39F#3E0500B8000023A0
(1789545390.942859) can0 3A4#0000000000000000
(1789545391.042621) can0 3A2#0000289003FF0044
(1789545391.042766) can0 39F#3E0500B8000024A7
(1789545391.043064) can0 3A4#0000000000000000
(1789545391.142334) can0 3A2#0000289403FF0040
(1789545391.142610) can0 39F#3E0500B8000025A6
(1789545391.142807) can0 3A4#0000000000000000
(1789545391.242429) can0 3A2#0000289803FF004C
(1789545391.242631) can0 39F#3E0500B8000026A5
(1789545391.242866) can0 3A4#0000000000000000
(1789545391.342312) can0 3A2#0000289C03FF0048
(1789545391.342534) can0 39F#3E0500B8000027A4
(1789545391.342781) can0 3A4#0000000000000000
(1789545391.442338) can0 3A2#000028A003FF0074
(1789545391.442531) can0 39F#3E0500B8000028AB
(1789545391.442776) can0 3A4#0000000000000000
(1789545391.542463) can0 3A2#000028A403FF0070
(1789545391.542676) can0 39F#3E0500B8000029AA
(1789545391.542935) can0 3A4#0000000000000000
(1789545391.642383) can0 3A2#000028A803FF007C
(1789545391.642600) can0 39F#3E0500B800002AA9
(1789545391.642844) can0 3A4#0000000000000000
(1789545391.742336) can0 3A2#000028AC03FF0078
(1789545391.742560) can0 39F#3E0500B800002BA8
(1789545391.742821) can0 3A4#0000000000000000
(1789545391.842367) can0 3A2#000028B003FF0064
(1789545391.842580) can0 39F#3E0500B800002CAF
(1789545391.842818) can0 3A4#0000000000000000
(1789545391.942337) can0 3A2#000028B403FF0060
(1789545391.942560) can0 39F#3E0500B800002DAE
(1789545391.942824) can0 3A4#0000000000000000
(1789545392.042480) can0 3A2#000028B803FF006C
(1789545392.042724) can0 39F#3E0500B800002EAD
(1789545392.042956) can0 3A4#0000000000000000
(1789545392.142405) can0 3A2#000028BC03FF0068
(1789545392.142620) can0 39F#3E0500B800002FAC
(1789545392.142858) can0 3A4#0000000000000000
(1789545392.242345) can0 3A2#0000288003FF0054
(1789545392.242565) can0 39F#3E0500B8000020A3
(1789545392.242817) can0 3A4#0000000000000000
(1789545392.342445) can0 3A2#0000288403FF0050
(1789545392.342657) can0 39F#3E0500B8000021A2
(1789545392.342899) can0 3A4#0000000000000000
(1789545392.442335) can0 3A2#0000288803FF005C
(1789545392.442571) can0 39F#3E0500B8000022A1
(1789545392.442814) can0 3A4#0000000000000000
(1789545392.542424) can0 3A2#0000288C03FF0058
(1789545392.542618) can0 39F#3E0500B8000023A0
(1789545392.542867) can0 3A4#0000000000000000
(1789545392.642378) can0 3A2#0000289003FF0044
(1789545392.642600) can0 39F#3E0500B8000024A7
(1789545392.642851) can0 3A4#0000000000000000
(1789545392.742462) can0 3A2#0000289403FF0040
(1789545392.742664) can0 39F#3E0500B8000025A6
(1789545392.742922) can0 3A4#0000000000000000
(1789545392.842447) can0 3A2#0000289803FF004C
(1789545392.842661) can0 39F#3E0500B8000026A5
(1789545392.842927) can0 3A4#0000000000000000
(1789545392.942372) can0 3A2#0000289C03FF0048
(1789545392.942569) can0 39F#3E0500B8000027A4
(1789545392.942845) can0 3A4#0000000000000000
(1789545393.042669) can0 3A2#000028A003FF0074
(1789545393.042864) can0 39F#3E0500B8000028AB
(1789545393.043109) can0 3A4#0000000000000000
(1789545393.142477) can0 3A2#000028A403FF0070
(1789545393.142682) can0 39F#3E0500B8000029AA
(1789545393.142928) can0 3A4#0000000000000000
(1789545393.242436) can0 3A2#000028A803FF007C
(1789545393.242623) can0 39F#3E0500B800002AA9
(1789545393.242883) can0 3A4#0000000000000000
(1789545393.342477) can0 3A2#000028AC03FF0078
(1789545393.342608) can0 39F#3E0500B800002BA8
(1789545393.342932) can0 3A4#0000000000000000
(1789545393.442426) can0 3A2#000028B003FF0064
(1789545393.442615) can0 39F#3E0500B800002CAF
(1789545393.442917) can0 3A4#0000000000000000
(1789545393.542523) can0 3A2#000028B403FF0060
(1789545393.542755) can0 39F#3E0500B800002DAE
(1789545393.543002) can0 3A4#0000000000000000
(1789545393.642426) can0 3A2#000028B803FF006C
(1789545393.642632) can0 39F#3E0500B800002EAD
(1789545393.642945) can0 3A4#0000000000000000
(1789545393.742470) can0 3A2#000028BC03FF0068
(1789545393.742674) can0 39F#3E0500B800002FAC
(1789545393.742953) can0 3A4#0000000000000000
(1789545393.842469) can0 3A2#0000288003FF0054
(1789545393.842698) can0 39F#3E0500B8000020A3
(1789545393.842970) can0 3A4#0000000000000000
(1789545393.942408) can0 3A2#0000288403FF0050
(1789545393.942618) can0 39F#3E0500B8000021A2
(1789545393.942865) can0 3A4#0000000000000000
(1789545394.042551) can0 3A2#0000288803FF005C
(1789545394.042754) can0 39F#3E0500B8000022A1
(1789545394.043018) can0 3A4#0000000000000000
(1789545394.142421) can0 3A2#0000288C03FF0058
(1789545394.142642) can0 39F#3E0500B8000023A0
(1789545394.142899) can0 3A4#0000000000000000
(1789545394.242463) can0 3A2#0000289003FF0044
(1789545394.242725) can0 39F#3E0500B8000024A7
(1789545394.242927) can0 3A4#0000000000000000
(1789545394.342426) can0 3A2#0000289403FF0040
(1789545394.342614) can0 39F#3E0500B8000025A6
(1789545394.342888) can0 3A4#0000000000000000
(1789545394.442432) can0 3A2#0000289803FF004C
(1789545394.442630) can0 39F#3E0500B8000026A5
(1789545394.442901) can0 3A4#0000000000000000
(1789545394.542573) can0 3A2#0000289C03FF0048
(1789545394.542784) can0 39F#3E0500B8000027A4
(1789545394.543057) can0 3A4#0000000000000000
(1789545394.642447) can0 3A2#000028A003FF0074
(1789545394.642643) can0 39F#3E0500B8000028AB
(1789545394.642891) can0 3A4#0000000000000000
(1789545394.742491) can0 3A2#000028A403FF0070
(1789545394.742714) can0 39F#3E0500B8000029AA
(1789545394.742962) can0 3A4#0000000000000000
(1789545394.842464) can0 3A2#000028A803FF007C
(1789545394.842628) can0 39F#3E0500B800002AA9
(1789545394.842899) can0 3A4#0000000000000000
(1789545394.942529) can0 3A2#000028AC03FF0078
(1789545394.942741) can0 39F#3E0500B800002BA8
(1789545394.942985) can0 3A4#0000000000000000
(1789545395.042679) can0 3A2#000028B003FF0064
(1789545395.042886) can0 39F#3E0500B800002CAF
(1789545395.043162) can0 3A4#0000000000000000
(1789545395.142444) can0 3A2#000028B403FF0060
(1789545395.142670) can0 39F#3E0500B800002DAE
(1789545395.142919) can0 3A4#0000000000000000
(1789545395.242539) can0 3A2#000028B803FF006C
(1789545395.242765) can0 39F#3E0500B800002EAD
(1789545395.243011) can0 3A4#0000000000000000
(1789545395.342453) can0 3A2#000028BC03FF0068
(1789545395.342655) can0 39F#3E0500B800002FAC
(1789545395.342899) can0 3A4#0000000000000000
(1789545395.442442) can0 3A2#0000288003FF0054
(1789545395.442684) can0 39F#3E0500B8000020A3
(1789545395.442913) can0 3A4#0000000000000000
(1789545395.542574) can0 3A2#0000288403FF0050
(1789545395.542796) can0 39F#3E0500B8000021A2
(1789545395.543043) can0 3A4#0000000000000000
(1789545395.642512) can0 3A2#0000288803FF005C
(1789545395.642739) can0 39F#3E0500B8000022A1
(1789545395.642988) can0 3A4#0000000000000000
(1789545395.742466) can0 3A2#0000288C03FF0058
(1789545395.742679) can0 39F#3E0500B8000023A0
(1789545395.742929) can0 3A4#0000000000000000
(1789545395.842529) can0 3A2#0000289003FF0044
(1789545395.842740) can0 39F#3E0500B8000024A7
(1789545395.842996) can0 3A4#0000000000000000
(1789545395.942530) can0 3A2#0000289403FF0040
(1789545395.942765) can0 39F#3E0500B8000025A6
(1789545395.943009) can0 3A4#0000000000000000
(1789545396.042613) can0 3A2#0000289803FF004C
(1789545396.042817) can0 39F#3E0500B8000026A5
(1789545396.043078) can0 3A4#0000000000000000
(1789545396.142500) can0 3A2#0000289C03FF0048
(1789545396.142713) can0 39F#3E0500B8000027A4
(1789545396.142958) can0 3A4#0000000000000000
(1789545396.242570) can0 3A2#000028A003FF0074
(1789545396.242799) can0 39F#3E0500B8000028AB
(1789545396.243041) can0 3A4#0000000000000000
(1789545396.342478) can0 3A2#000028A403FF0070
(1789545396.342680) can0 39F#3E0500B8000029AA
(1789545396.342929) can0 3A4#0000000000000000
(1789545396.442576) can0 3A2#000028A803FF007C
(1789545396.442790) can0 39F#3E0500B800002AA9
(1789545396.443038) can0 3A4#0000000000000000
(1789545396.542639) can0 3A2#000028AC03FF0078
(1789545396.542842) can0 39F#3E0500B800002BA8
(1789545396.543091) can0 3A4#0000000000000000
(1789545396.642501) can0 3A2#000028B003FF0064
(1789545396.642707) can0 39F#3E0500B800002CAF
(1789545396.642945) can0 3A4#0000000000000000
(1789545396.742491) can0 3A2#000028B403FF0060
(1789545396.742720) can0 39F#3E0500B800002DAE
(1789545396.743022) can0 3A4#0000000000000000
(1789545396.842603) can0 3A2#000028B803FF006C
(1789545396.842807) can0 39F#3E0500B800002EAD
(1789545396.843052) can0 3A4#0000000000000000
(1789545396.942493) can0 3A2#000028BC03FF0068
(1789545396.942721) can0 39F#3E0500B800002FAC
(1789545396.942965) can0 3A4#0000000000000000
(1789545397.042755) can0 3A2#0000288003FF0054
(1789545397.042973) can0 39F#3E0500B8000020A3
(1789545397.043218) can0 3A4#0000000000000000
(1789545397.142614) can0 3A2#0000288403FF0050
(1789545397.142818) can0 39F#3E0500B8000021A2
(1789545397.143056) can0 3A4#0000000000000000
(1789545397.242606) can0 3A2#0000288803FF005C
(1789545397.242825) can0 39F#3E0500B8000022A1
(1789545397.243068) can0 3A4#0000000000000000
(1789545397.342550) can0 3A2#0000288C03FF0058
(1789545397.342752) can0 39F#3E0500B8000023A0
(1789545397.342997) can0 3A4#0000000000000000
(1789545397.442618) can0 3A2#0000289003FF0044
(1789545397.442834) can0 39F#3E0500B8000024A7
(1789545397.443079) can0 3A4#0000000000000000
(1789545397.542675) can0 3A2#0000289403FF0040
(1789545397.542896) can0 39F#3E0500B8000025A6
(1789545397.543138) can0 3A4#0000000000000000
(1789545397.642609) can0 3A2#0000289803FF004C
(1789545397.642810) can0 39F#3E0500B8000026A5
(1789545397.643059) can0 3A4#0000000000000000
(1789545397.742534) can0 3A2#0000289C03FF0048
(1789545397.742747) can0 39F#3E0500B8000027A4
(1789545397.742994) can0 3A4#0000000000000000
(1789545397.842616) can0 3A2#000028A003FF0074
(1789545397.842841) can0 39F#3E0500B8000028AB
(1789545397.843102) can0 3A4#0000000000000000
(1789545397.942598) can0 3A2#000028A403FF0070
(1789545397.942782) can0 39F#3E0500B8000029AA
(1789545397.943030) can0 3A4#0000000000000000
(1789545398.042678) can0 3A2#000028A803FF007C
(1789545398.042890) can0 39F#3E0500B800002AA9
(1789545398.043149) can0 3A4#0000000000000000
(1789545398.142601) can0 3A2#000028AC03FF0078
(1789545398.142834) can0 39F#3E0500B800002BA8
(1789545398.143076) can0 3A4#0000000000000000
(1789545398.242592) can0 3A2#000028B003FF0064
(1789545398.242753) can0 39F#3E0500B800002CAF
(1789545398.243003) can0 3A4#0000000000000000
(1789545398.342595) can0 3A2#000028B403FF0060
(1789545398.342773) can0 39F#3E0500B800002DAE
(1789545398.343006) can0 3A4#0000000000000000
(1789545398.442628) can0 3A2#000028B803FF006C
(1789545398.442841) can0 39F#3E0500B800002EAD
(1789545398.443089) can0 3A4#0000000000000000
(1789545398.542708) can0 3A2#000028BC03FF0068
(1789545398.542914) can0 39F#3E0500B800002FAC
(1789545398.543156) can0 3A4#0000000000000000
(1789545398.642640) can0 3A2#0000288003FF0054
(1789545398.642791) can0 39F#3E0500B8000020A3
(1789545398.643036) can0 3A4#0000000000000000
(1789545398.742652) can0 3A2#0000288403FF0050
(1789545398.742879) can0 39F#3E0500B8000021A2
(1789545398.743126) can0 3A4#0000000000000000
(1789545398.842566) can0 3A2#0000288803FF005C
(1789545398.842774) can0 39F#3E0500B8000022A1
(1789545398.843058) can0 3A4#0000000000000000
(1789545398.942569) can0 3A2#0000288C03FF0058
(1789545398.942783) can0 39F#3E0500B8000023A0
(1789545398.943030) can0 3A4#0000000000000000
(1789545399.042884) can0 3A2#0000289003FF0044
(1789545399.043091) can0 39F#3E0500B8000024A7
(1789545399.043333) can0 3A4#0000000000000000
(1789545399.142716) can0 3A2#0000289403FF0040
(1789545399.142879) can0 39F#3E0500B8000025A6
(1789545399.143129) can0 3A4#0000000000000000
(1789545399.242661) can0 3A2#0000289803FF004C
(1789545399.242873) can0 39F#3E0500B8000026A5
(1789545399.243132) can0 3A4#0000000000000000
(1789545399.342569) can0 3A2#0000289C03FF0048
(1789545399.342820) can0 39F#3E0500B8000027A4
(1789545399.343056) can0 3A4#0000000000000000
(1789545399.442640) can0 3A2#000028A003FF0074
(1789545399.442854) can0 39F#3E0500B8000028AB
(1789545399.443099) can0 3A4#0000000000000000
(1789545399.542810) can0 3A2#000028A403FF0070
(1789545399.542947) can0 39F#3E0500B8000029AA
(1789545399.543207) can0 3A4#0000000000000000
(1789545399.642595) can0 3A2#000028A803FF007C
(1789545399.642802) can0 39F#3E0500B800002AA9
(1789545399.643039) can0 3A4#0000000000000000
(1789545399.742670) can0 3A2#000028AC03FF0078
(1789545399.742890) can0 39F#3E0500B800002BA8
(1789545399.743122) can0 3A4#0000000000000000
(1789545399.842706) can0 3A2#000028B003FF0064
(1789545399.842906) can0 39F#3E0500B800002CAF
(1789545399.843152) can0 3A4#0000000000000000
(1789545399.942786) can0 3A2#000028B403FF0060
(1789545399.942921) can0 39F#3E0500B800002DAE
(1789545399.943163) can0 3A4#0000000000000000
(1789545400.042763) can0 3A2#000028B803FF006C
(1789545400.042965) can0 39F#3E0500B800002EAD
(1789545400.043208) can0 3A4#0000000000000000
(1789545400.142604) can0 3A2#000028BC03FF0068
(1789545400.142820) can0 39F#3E0500B800002FAC
(1789545400.143067) can0 3A4#0000000000000000
(1789545400.242633) can0 3A2#0000288003FF0054
(1789545400.242840) can0 39F#3E0500B8000020A3
(1789545400.243167) can0 3A4#0000000000000000
(1789545400.342705) can0 3A2#0000288403FF0050
(1789545400.342914) can0 39F#3E0500B8000021A2
(1789545400.343169) can0 3A4#0000000000000000
(1789545400.442722) can0 3A2#0000288803FF005C
(1789545400.442925) can0 39F#3E0500B8000022A1
(1789545400.443219) can0 3A4#0000000000000000
(1789545400.542678) can0 3A2#0000288C03FF0058
(1789545400.542899) can0 39F#3E0500B8000023A0
(1789545400.543132) can0 3A4#0000000000000000
(1789545400.642685) can0 3A2#0000289003FF0044
(1789545400.642921) can0 39F#3E0500B8000024A7
(1789545400.643178) can0 3A4#0000000000000000
(1789545400.742628) can0 3A2#0000289403FF0040
(1789545400.742906) can0 39F#3E0500B8000025A6
(1789545400.743098) can0 3A4#0000000000000000
(1789545400.842613) can0 3A2#0000289803FF004C
(1789545400.842919) can0 39F#3E0500B8000026A5
(1789545400.843093) can0 3A4#0000000000000000
(1789545400.942724) can0 3A2#0000289C03FF0048
(1789545400.942952) can0 39F#3E0500B8000027A4
(1789545400.943195) can0 3A4#0000000000000000
(1789545401.042880) can0 3A2#000028A003FF0074
(1789545401.043102) can0 39F#3E0500B8000028AB
(1789545401.043370) can0 3A4#0000000000000000
(1789545401.142744) can0 3A2#000028A403FF0070
(1789545401.142961) can0 39F#3E0500B8000029AA
(1789545401.143210) can0 3A4#0000000000000000
(1789545401.242678) can0 3A2#000028A803FF007C
(1789545401.242875) can0 39F#3E0500B800002AA9
(1789545401.243122) can0 3A4#0000000000000000
(1789545401.342650) can0 3A2#000028AC03FF0078
(1789545401.342879) can0 39F#3E0500B800002BA8
(1789545401.343115) can0 3A4#0000000000000000
(1789545401.442751) can0 3A2#000028B003FF0064
(1789545401.443006) can0 39F#3E0500B800002CAF
(1789545401.443213) can0 3A4#0000000000000000
(1789545401.542797) can0 3A2#000028B403FF0060
(1789545401.543022) can0 39F#3E0500B800002DAE
(1789545401.543265) can0 3A4#0000000000000000
(1789545401.642740) can0 3A2#000028B803FF006C
(1789545401.643018) can0 39F#3E0500B800002EAD
(1789545401.643203) can0 3A4#0000000000000000
(1789545401.742750) can0 3A2#000028BC03FF0068
(1789545401.743032) can0 39F#3E0500B800002FAC
(1789545401.743205) can0 3A4#0000000000000000
(1789545401.842706) can0 3A2#0000288003FF0054
(1789545401.842932) can0 39F#3E0500B8000020A3
(1789545401.843180) can0 3A4#0000000000000000
(1789545401.942748) can0 3A2#0000288403FF0050
(1789545401.942963) can0 39F#3E0500B8000021A2
(1789545401.943213) can0 3A4#0000000000000000
(1789545402.042782) can0 3A2#0000288803FF005C
(1789545402.042986) can0 39F#3E0500B8000022A1
(1789545402.043236) can0 3A4#0000000000000000
(1789545402.142666) can0 3A2#0000288C03FF0058
(1789545402.142885) can0 39F#3E0500B8000023A0
(1789545402.143142) can0 3A4#0000000000000000
(1789545402.242696) can0 3A2#0000289003FF0044
(1789545402.242907) can0 39F#3E0500B8000024A7
(1789545402.243154) can0 3A4#0000000000000000
(1789545402.342775) can0 3A2#0000289403FF0040
(1789545402.342990) can0 39F#3E0500B8000025A6
(1789545402.343234) can0 3A4#0000000000000000
(1789545402.442681) can0 3A2#0000289803FF004C
(1789545402.442887) can0 39F#3E0500B8000026A5
(1789545402.443132) can0 3A4#0000000000000000
(1789545402.542810) can0 3A2#0000289C03FF0048
(1789545402.542939) can0 39F#3E0500B8000027A4
(1789545402.543194) can0 3A4#0000000000000000
(1789545402.642767) can0 3A2#000028A003FF0074
(1789545402.642971) can0 39F#3E0500B8000028AB
(1789545402.643211) can0 3A4#0000000000000000
(1789545402.742712) can0 3A2#000028A403FF0070
(1789545402.742916) can0 39F#3E0500B8000029AA
(1789545402.743184) can0 3A4#0000000000000000
(1789545402.842787) can0 3A2#000028A803FF007C
(1789545402.842991) can0 39F#3E0500B800002AA9
(1789545402.843256) can0 3A4#0000000000000000
(1789545402.942751) can0 3A2#000028AC03FF0078
(1789545402.942974) can0 39F#3E0500B800002BA8
(1789545402.943211) can0 3A4#0000000000000000
(1789545403.042954) can0 3A2#000028B003FF0064
(1789545403.043208) can0 39F#3E0500B800002CAF
(1789545403.043400) can0 3A4#0000000000000000
(1789545403.142730) can0 3A2#000028B403FF0060
(1789545403.142946) can0 39F#3E0500B800002DAE
(1789545403.143219) can0 3A4#0000000000000000
(1789545403.242799) can0 3A2#000028B803FF006C
(1789545403.243021) can0 39F#3E0500B800002EAD
(1789545403.243271) can0 3A4#0000000000000000
(1789545403.342705) can0 3A2#000028BC03FF0068
(1789545403.342937) can0 39F#3E0500B800002FAC
(1789545403.343174) can0 3A4#0000000000000000
(1789545403.442831) can0 3A2#0000288003FF0054
(1789545403.443020) can0 39F#3E0500B8000020A3
(1789545403.443268) can0 3A4#0000000000000000
(1789545403.542779) can0 3A2#0000288403FF0050
(1789545403.542977) can0 39F#3E0500B8000021A2
(1789545403.543274) can0 3A4#0000000000000000
(1789545403.642703) can0 3A2#0000288803FF005C
(1789545403.642935) can0 39F#3E0500B8000022A1
(1789545403.643182) can0 3A4#0000000000000000
(1789545403.742817) can0 3A2#0000288C03FF0058
(1789545403.743071) can0 39F#3E0500B8000023A0
(1789545403.743303) can0 3A4#0000000000000000
(1789545403.842737) can0 3A2#0000289003FF0044
(1789545403.842943) can0 39F#3E0500B8000024A7
(1789545403.843191) can0 3A4#0000000000000000
(1789545403.942815) can0 3A2#0000289403FF0040
(1789545403.943050) can0 39F#3E0500B8000025A6
(1789545403.943326) can0 3A4#0000000000000000
(1789545404.042877) can0 3A2#0000289803FF004C
(1789545404.043095) can0 39F#3E0500B8000026A5
(1789545404.043342) can0 3A4#0000000000000000
(1789545404.142826) can0 3A2#0000289C03FF0048
(1789545404.143028) can0 39F#3E0500B8000027A4
(1789545404.143271) can0 3A4#0000000000000000
(1789545404.242752) can0 3A2#000028A003FF0074
(1789545404.242948) can0 39F#3E0500B8000028AB
(1789545404.243199) can0 3A4#0000000000000000
(1789545404.342829) can0 3A2#000028A403FF0070
(1789545404.343043) can0 39F#3E0500B8000029AA
(1789545404.343287) can0 3A4#0000000000000000
(1789545404.442842) can0 3A2#000028A803FF007C
(1789545404.443058) can0 39F#3E0500B800002AA9
(1789545404.443302) can0 3A4#0000000000000000
(1789545404.542878) can0 3A2#000028AC03FF0078
(1789545404.543079) can0 39F#3E0500B800002BA8
(1789545404.543323) can0 3A4#0000000000000000
(1789545404.642777) can0 3A2#000028B003FF0064
(1789545404.642986) can0 39F#3E0500B800002CAF
(1789545404.643234) can0 3A4#0000000000000000
(1789545404.742761) can0 3A2#000028B403FF0060
(1789545404.742981) can0 39F#3E0500B800002DAE
(1789545404.743224) can0 3A4#0000000000000000
(1789545404.842755) can0 3A2#000028B803FF006C
(1789545404.842982) can0 39F#3E0500B800002EAD
(1789545404.843231) can0 3A4#0000000000000000
(1789545404.942848) can0 3A2#000028BC03FF0068
(1789545404.943063) can0 39F#3E0500B800002FAC
(1789545404.943321) can0 3A4#0000000000000000
(1789545405.043130) can0 3A2#0000288003FF0054
(1789545405.043246) can0 39F#3E0500B8000020A3
(1789545405.043485) can0 3A4#0000000000000000
(1789545405.142841) can0 3A2#0000288403FF0050
(1789545405.143058) can0 39F#3E0500B8000021A2
(1789545405.143309) can0 3A4#0000000000000000
(1789545405.242815) can0 3A2#0000288803FF005C
(1789545405.243046) can0 39F#3E0500B8000022A1
(1789545405.243286) can0 3A4#0000000000000000
(1789545405.342782) can0 3A2#0000288C03FF0058
(1789545405.343000) can0 39F#3E0500B8000023A0
(1789545405.343241) can0 3A4#0000000000000000
(1789545405.442881) can0 3A2#0000289003FF0044
(1789545405.443087) can0 39F#3E0500B8000024A7
(1789545405.443328) can0 3A4#0000000000000000
(1789545405.542891) can0 3A2#0000289403FF0040
(1789545405.543122) can0 39F#3E0500B8000025A6
(1789545405.543365) can0 3A4#0000000000000000
(1789545405.642867) can0 3A2#0000289803FF004C
(1789545405.643100) can0 39F#3E0500B8000026A5
(1789545405.643340) can0 3A4#0000000000000000
(1789545405.742856) can0 3A2#0000289C03FF0048
(1789545405.743073) can0 39F#3E0500B8000027A4
(1789545405.743321) can0 3A4#0000000000000000
(1789545405.842824) can0 3A2#000028A003FF0074
(1789545405.843021) can0 39F#3E0500B8000028AB
(1789545405.843267) can0 3A4#0000000000000000
(1789545405.942860) can0 3A2#000028A403FF0070
(1789545405.943072) can0 39F#3E0500B8000029AA
(1789545405.943329) can0 3A4#0000000000000000
(1789545406.042860) can0 3A2#000028A803FF007C
(1789545406.043069) can0 39F#3E0500B800002AA9
(1789545406.043325) can0 3A4#0000000000000000
(1789545406.142813) can0 3A2#000028AC03FF0078
(1789545406.143013) can0 39F#3E0500B800002BA8
(1789545406.143271) can0 3A4#0000000000000000
(1789545406.242821) can0 3A2#000028B003FF0064
(1789545406.243023) can0 39F#3E0500B800002CAF
(1789545406.243266) can0 3A4#0000000000000000
(1789545406.342914) can0 3A2#000028B403FF0060
(1789545406.343117) can0 39F#3E0500B800002DAE
(1789545406.343384) can0 3A4#0000000000000000
(1789545406.442886) can0 3A2#000028B803FF006C
(1789545406.443086) can0 39F#3E0500B800002EAD
(1789545406.443328) can0 3A4#0000000000000000
(1789545406.542967) can0 3A2#000028BC03FF0068
(1789545406.543182) can0 39F#3E0500B800002FAC
(1789545406.543431) can0 3A4#0000000000000000
(1789545406.642813) can0 3A2#0000288003FF0054
(1789545406.643056) can0 39F#3E0500B8000020A3
(1789545406.643295) can0 3A4#0000000000000000
(1789545406.742840) can0 3A2#0000288403FF0050
(1789545406.743029) can0 39F#3E0500B8000021A2
(1789545406.743276) can0 3A4#0000000000000000
(1789545406.842891) can0 3A2#0000288803FF005C
(1789545406.843098) can0 39F#3E0500B8000022A1
(1789545406.843345) can0 3A4#0000000000000000
(1789545406.942835) can0 3A2#0000288C03FF0058
(1789545406.943035) can0 39F#3E0500B8000023A0
(1789545406.943289) can0 3A4#0000000000000000
(1789545407.043092) can0 3A2#0000289003FF0044
(1789545407.043301) can0 39F#3E0500B8000024A7
(1789545407.043555) can0 3A4#0000000000000000
(1789545407.142896) can0 3A2#0000289403FF0040
(1789545407.143116) can0 39F#3E0500B8000025A6
(1789545407.143359) can0 3A4#0000000000000000
(1789545407.242937) can0 3A2#0000289803FF004C
(1789545407.243156) can0 39F#3E0500B8000026A5
(1789545407.243402) can0 3A4#0000000000000000
(1789545407.342852) can0 3A2#0000289C03FF0048
(1789545407.343062) can0 39F#3E0500B8000027A4
(1789545407.343300) can0 3A4#0000000000000000
(1789545407.442960) can0 3A2#000028A003FF0074
(1789545407.443154) can0 39F#3E0500B8000028AB
(1789545407.443429) can0 3A4#0000000000000000
(1789545407.542985) can0 3A2#000028A403FF0070
(1789545407.543197) can0 39F#3E0500B8000029AA
(1789545407.543439) can0 3A4#0000000000000000
(1789545407.642962) can0 3A2#000028A803FF007C
(1789545407.643162) can0 39F#3E0500B800002AA9
(1789545407.643409) can0 3A4#0000000000000000
(1789545407.742972) can0 3A2#000028AC03FF0078
(1789545407.743165) can0 39F#3E0500B800002BA8
(1789545407.743423) can0 3A4#0000000000000000
(1789545407.842892) can0 3A2#000028B003FF0064
(1789545407.843097) can0 39F#3E0500B800002CAF
(1789545407.843357) can0 3A4#0000000000000000
(1789545407.942971) can0 3A2#000028B403FF0060
(1789545407.943179) can0 39F#3E0500B800002DAE
(1789545407.943418) can0 3A4#0000000000000000
(1789545408.043015) can0 3A2#000028B803FF006C
(1789545408.043216) can0 39F#3E0500B800002EAD
(1789545408.043471) can0 3A4#0000000000000000
(1789545408.142950) can0 3A2#000028BC03FF0068
(1789545408.143149) can0 39F#3E0500B800002FAC
(1789545408.143393) can0 3A4#0000000000000000
(1789545408.242943) can0 3A2#0000288003FF0054
(1789545408.243076) can0 39F#3E0500B8000020A3
(1789545408.243340) can0 3A4#0000000000000000
(1789545408.342958) can0 3A2#0000288403FF0050
(1789545408.343110) can0 39F#3E0500B8000021A2
(1789545408.343362) can0 3A4#0000000000000000
(1789545408.442884) can0 3A2#0000288803FF005C
(1789545408.443084) can0 39F#3E0500B8000022A1
(1789545408.443331) can0 3A4#0000000000000000
(1789545408.542987) can0 3A2#0000288C03FF0058
(1789545408.543143) can0 39F#3E0500B8000023A0
(1789545408.543405) can0 3A4#0000000000000000
(1789545408.642998) can0 3A2#0000289003FF0044
(1789545408.643160) can0 39F#3E0500B8000024A7
(1789545408.643408) can0 3A4#0000000000000000
(1789545408.742885) can0 3A2#0000289403FF0040
(1789545408.743101) can0 39F#3E0500B8000025A6
(1789545408.743362) can0 3A4#0000000000000000
(1789545408.842925) can0 3A2#0000289803FF004C
(1789545408.843128) can0 39F#3E0500B8000026A5
(1789545408.843376) can0 3A4#0000000000000000
(1789545408.943037) can0 3A2#0000289C03FF0048
(1789545408.943202) can0 39F#3E0500B8000027A4
(1789545408.943449) can0 3A4#0000000000000000
(1789545409.043182) can0 3A2#000028A003FF0074
(1789545409.043395) can0 39F#3E0500B8000028AB
(1789545409.043627) can0 3A4#0000000000000000
(1789545409.142984) can0 3A2#000028A403FF0070
(1789545409.143188) can0 39F#3E0500B8000029AA
(1789545409.143435) can0 3A4#0000000000000000
(1789545409.242900) can0 3A2#000028A803FF007C
(1789545409.243124) can0 39F#3E0500B800002AA9
(1789545409.243374) can0 3A4#0000000000000000
(1789545409.342914) can0 3A2#000028AC03FF0078
(1789545409.343117) can0 39F#3E0500B800002BA8
(1789545409.343379) can0 3A4#0000000000000000
(1789545409.443009) can0 3A2#000028B003FF0064
(1789545409.443218) can0 39F#3E0500B800002CAF
(1789545409.443461) can0 3A4#0000000000000000
(1789545409.543116) can0 3A2#000028B403FF0060
(1789545409.543276) can0 39F#3E0500B800002DAE
(1789545409.543531) can0 3A4#0000000000000000
(1789545409.643005) can0 3A2#000028B803FF006C
(1789545409.643237) can0 39F#3E0500B800002EAD
(1789545409.643488) can0 3A4#0000000000000000
(1789545409.742932) can0 3A2#000028BC03FF0068
(1789545409.743138) can0 39F#3E0500B800002FAC
(1789545409.743384) can0 3A4#0000000000000000
(1789545409.843034) can0 3A2#0000288003FF0054
(1789545409.843232) can0 39F#3E0500B8000020A3
(1789545409.843512) can0 3A4#0000000000000000
(1789545409.942932) can0 3A2#0000288403FF0050
(1789545409.943147) can0 39F#3E0500B8000021A2
(1789545409.943392) can0 3A4#0000000000000000
(1789545410.042987) can0 3A2#0000288803FF005C
(1789545410.043213) can0 39F#3E0500B8000022A1
(1789545410.043450) can0 3A4#0000000000000000
(1789545410.143096) can0 3A2#0000288C03FF0058
(1789545410.143210) can0 39F#3E0500B8000023A0
(1789545410.143459) can0 3A4#0000000000000000
(1789545410.242938) can0 3A2#0000289003FF0044
(1789545410.243185) can0 39F#3E0500B8000024A7
(1789545410.243411) can0 3A4#0000000000000000
(1789545410.342945) can0 3A2#0000289403FF0040
(1789545410.343197) can0 39F#3E0500B8000025A6
(1789545410.343415) can0 3A4#0000000000000000
(1789545410.443035) can0 3A2#0000289803FF004C
(1789545410.443258) can0 39F#3E0500B8000026A5
(1789545410.443503) can0 3A4#0000000000000000
(1789545410.543109) can0 3A2#0000289C03FF0048
(1789545410.543325) can0 39F#3E0500B8000027A4
(1789545410.543558) can0 3A4#0000000000000000
(1789545410.642966) can0 3A2#000028A003FF0074
(1789545410.643249) can0 39F#3E0500B8000028AB
(1789545410.643416) can0 3A4#0000000000000000
(1789545410.743031) can0 3A2#000028A403FF0070
(1789545410.743259) can0 39F#3E0500B8000029AA
(1789545410.743489) can0 3A4#0000000000000000
(1789545410.842956) can0 3A2#000028A803FF007C
(1789545410.843175) can0 39F#3E0500B800002AA9
(1789545410.843418) can0 3A4#0000000000000000
(1789545410.943063) can0 3A2#000028AC03FF0078
(1789545410.943285) can0 39F#3E0500B800002BA8
(1789545410.943533) can0 3A4#0000000000000000
(1789545411.043332) can0 3A2#000028B003FF0064
(1789545411.043530) can0 39F#3E0500B800002CAF
(1789545411.043770) can0 3A4#0000000000000000
(1789545411.142986) can0 3A2#000028B403FF0060
(1789545411.143195) can0 39F#3E0500B800002DAE
(1789545411.143439) can0 3A4#0000000000000000
(1789545411.242992) can0 3A2#000028B803FF006C
(1789545411.243200) can0 39F#3E0500B800002EAD
(1789545411.243439) can0 3A4#0000000000000000
(1789545411.343090) can0 3A2#000028BC03FF0068
(1789545411.343337) can0 39F#3E0500B800002FAC
(1789545411.343554) can0 3A4#0000000000000000
(1789545411.443054) can0 3A2#0000288003FF0054
(1789545411.443266) can0 39F#3E0500B8000020A3
(1789545411.443525) can0 3A4#0000000000000000
(1789545411.543131) can0 3A2#0000288403FF0050
(1789545411.543359) can0 39F#3E0500B8000021A2
(1789545411.543589) can0 3A4#0000000000000000
(1789545411.642987) can0 3A2#0000288803FF005C
(1789545411.643202) can0 39F#3E0500B8000022A1
(1789545411.643450) can0 3A4#0000000000000000
(1789545411.743092) can0 3A2#0000288C03FF0058
(1789545411.743295) can0 39F#3E0500B8000023A0
(1789545411.743539) can0 3A4#0000000000000000
(1789545411.842976) can0 3A2#0000289003FF0044
(1789545411.843217) can0 39F#3E0500B8000024A7
(1789545411.843453) can0 3A4#0000000000000000
(1789545411.942992) can0 3A2#0000289403FF0040
(1789545411.943229) can0 39F#3E0500B8000025A6
(1789545411.943470) can0 3A4#0000000000000000
(1789545412.043145) can0 3A2#0000289803FF004C
(1789545412.043432) can0 39F#3E0500B8000026A5
(1789545412.043616) can0 3A4#0000000000000000
(1789545412.143031) can0 3A2#0000289C03FF0048
(1789545412.143254) can0 39F#3E0500B8000027A4
(1789545412.143494) can0 3A4#0000000000000000
(1789545412.243116) can0 3A2#000028A003FF0074
(1789545412.243327) can0 39F#3E0500B8000028AB
(1789545412.243581) can0 3A4#0000000000000000
(1789545412.343007) can0 3A2#000028A403FF0070
(1789545412.343226) can0 39F#3E0500B8000029AA
(1789545412.343480) can0 3A4#0000000000000000
(1789545412.443073) can0 3A2#000028A803FF007C
(1789545412.443284) can0 39F#3E0500B800002AA9
(1789545412.443542) can0 3A4#0000000000000000
(1789545412.543161) can0 3A2#000028AC03FF0078
(1789545412.543376) can0 39F#3E0500B800002BA8
(1789545412.543635) can0 3A4#0000000000000000
(1789545412.642996) can0 3A2#000028B003FF0064
(1789545412.643230) can0 39F#3E0500B800002CAF
(1789545412.643502) can0 3A4#0000000000000000
(1789545412.743023) can0 3A2#000028B403FF0060
(1789545412.743221) can0 39F#3E0500B800002DAE
(1789545412.743516) can0 3A4#0000000000000000
(1789545412.843133) can0 3A2#000028B803FF006C
(1789545412.843344) can0 39F#3E0500B800002EAD
(1789545412.843590) can0 3A4#0000000000000000
(1789545412.943080) can0 3A2#000028BC03FF0068
(1789545412.943311) can0 39F#3E0500B800002FAC
(1789545412.943552) can0 3A4#0000000000000000
(1789545413.043286) can0 3A2#0000288003FF0054
(1789545413.043564) can0 39F#3E0500B8000020A3
(1789545413.043754) can0 3A4#0000000000000000
(1789545413.143107) can0 3A2#0000288403FF0050
(1789545413.143329) can0 39F#3E0500B8000021A2
(1789545413.143573) can0 3A4#0000000000000000
(1789545413.243132) can0 3A2#0000288803FF005C
(1789545413.243351) can0 39F#3E0500B8000022A1
(1789545413.243613) can0 3A4#0000000000000000
(1789545413.343108) can0 3A2#0000288C03FF0058
(1789545413.343329) can0 39F#3E0500B8000023A0
(1789545413.343604) can0 3A4#0000000000000000
(1789545413.443046) can0 3A2#0000289003FF0044
(1789545413.443265) can0 39F#3E0500B8000024A7
(1789545413.443516) can0 3A4#0000000000000000
(1789545413.543131) can0 3A2#0000289403FF0040
(1789545413.543322) can0 39F#3E0500B8000025A6
(1789545413.543635) can0 3A4#0000000000000000
(1789545413.643150) can0 3A2#0000289803FF004C
(1789545413.643362) can0 39F#3E0500B8000026A5
(1789545413.643635) can0 3A4#0000000000000000
(1789545413.743063) can0 3A2#0000289C03FF0048
(1789545413.743294) can0 39F#3E0500B8000027A4
(1789545413.743527) can0 3A4#0000000000000000
(1789545413.843057) can0 3A2#000028A003FF0074
(1789545413.843274) can0 39F#3E0500B8000028AB
(1789545413.843522) can0 3A4#0000000000000000
(1789545413.943157) can0 3A2#000028A403FF0070
(1789545413.943365) can0 39F#3E0500B8000029AA
(1789545413.943679) can0 3A4#0000000000000000
(1789545414.043209) can0 3A2#000028A803FF007C
(1789545414.043434) can0 39F#3E0500B800002AA9
(1789545414.043692) can0 3A4#0000000000000000
(1789545414.143165) can0 3A2#000028AC03FF0078
(1789545414.143370) can0 39F#3E0500B800002BA8
(1789545414.143616) can0 3A4#0000000000000000
(1789545414.243063) can0 3A2#000028B003FF0064
(1789545414.243282) can0 39F#3E0500B800002CAF
(1789545414.243530) can0 3A4#0000000000000000
(1789545414.343107) can0 3A2#000028B403FF0060
(1789545414.343333) can0 39F#3E0500B800002DAE
(1789545414.343591) can0 3A4#0000000000000000
(1789545414.443194) can0 3A2#000028B803FF006C
(1789545414.443400) can0 39F#3E0500B800002EAD
(1789545414.443657) can0 3A4#0000000000000000
(1789545414.543214) can0 3A2#000028BC03FF0068
(1789545414.543443) can0 39F#3E0500B800002FAC
(1789545414.543758) can0 3A4#0000000000000000
(1789545414.643085) can0 3A2#0000288003FF0054
(1789545414.643337) can0 39F#3E0500B8000020A3
(1789545414.643561) can0 3A4#0000000000000000
(1789545414.743181) can0 3A2#0000288403FF0050
(1789545414.743402) can0 39F#3E0500B8000021A2
(1789545414.743658) can0 3A4#0000000000000000
(1789545414.843094) can0 3A2#0000288803FF005C
(1789545414.843306) can0 39F#3E0500B8000022A1
(1789545414.843561) can0 3A4#0000000000000000
(1789545414.943100) can0 3A2#0000288C03FF0058
(1789545414.943321) can0 39F#3E0500B8000023A0
(1789545414.943567) can0 3A4#0000000000000000
(1789545415.043366) can0 3A2#0000289003FF0044
(1789545415.043585) can0 39F#3E0500B8000024A7
(1789545415.043827) can0 3A4#0000000000000000
(1789545415.143108) can0 3A2#0000289403FF0040
(1789545415.143319) can0 39F#3E0500B8000025A6
(1789545415.143564) can0 3A4#0000000000000000
(1789545415.243198) can0 3A2#0000289803FF004C
(1789545415.243305) can0 39F#3E0500B8000026A5
(1789545415.243578) can0 3A4#0000000000000000
(1789545415.343165) can0 3A2#0000289C03FF0048
(1789545415.343420) can0 39F#3E0500B8000027A4
(1789545415.343635) can0 3A4#0000000000000000
(1789545415.443204) can0 3A2#000028A003FF0074
(1789545415.443423) can0 39F#3E0500B8000028AB
(1789545415.443678) can0 3A4#0000000000000000
(1789545415.543277) can0 3A2#000028A403FF0070
(1789545415.543472) can0 39F#3E0500B8000029AA
(1789545415.543715) can0 3A4#0000000000000000
(1789545415.643126) can0 3A2#000028A803FF007C
(1789545415.643365) can0 39F#3E0500B800002AA9
(1789545415.643600) can0 3A4#0000000000000000
(1789545415.743215) can0 3A2#000028AC03FF0078
(1789545415.743434) can0 39F#3E0500B800002BA8
(1789545415.743682) can0 3A4#0000000000000000
(1789545415.843191) can0 3A2#000028B003FF0064
(1789545415.843397) can0 39F#3E0500B800002CAF
(1789545415.843639) can0 3A4#0000000000000000
(1789545415.943129) can0 3A2#000028B403FF0060
(1789545415.943346) can0 39F#3E0500B800002DAE
(1789545415.943593) can0 3A4#0000000000000000
(1789545416.043217) can0 3A2#000028B803FF006C
(1789545416.043406) can0 39F#3E0500B800002EAD
(1789545416.043657) can0 3A4#0000000000000000
(1789545416.143233) can0 3A2#000028BC03FF0068
(1789545416.143449) can0 39F#3E0500B800002FAC
(1789545416.143697) can0 3A4#0000000000000000
(1789545416.243150) can0 3A2#0000288003FF0054
(1789545416.243366) can0 39F#3E0500B8000020A3
(1789545416.243615) can0 3A4#0000000000000000
(1789545416.343163) can0 3A2#0000288403FF0050
(1789545416.343387) can0 39F#3E0500B8000021A2
(1789545416.343642) can0 3A4#0000000000000000
(1789545416.443146) can0 3A2#0000288803FF005C
(1789545416.443371) can0 39F#3E0500B8000022A1
(1789545416.443615) can0 3A4#0000000000000000
(1789545416.543314) can0 3A2#0000288C03FF0058
(1789545416.543508) can0 39F#3E0500B8000023A0
(1789545416.543757) can0 3A4#0000000000000000
(1789545416.643171) can0 3A2#0000289003FF0044
(1789545416.643391) can0 39F#3E0500B8000024A7
(1789545416.643651) can0 3A4#0000000000000000
(1789545416.743263) can0 3A2#0000289403FF0040
(1789545416.743464) can0 39F#3E0500B8000025A6
(1789545416.743713) can0 3A4#0000000000000000
(1789545416.843191) can0 3A2#0000289803FF004C
(1789545416.843388) can0 39F#3E0500B8000026A5
(1789545416.843642) can0 3A4#0000000000000000
(1789545416.943163) can0 3A2#0000289C03FF0048
(1789545416.943379) can0 39F#3E0500B8000027A4
(1789545416.943632) can0 3A4#0000000000000000
(1789545417.043519) can0 3A2#000028A003FF0074
(1789545417.043734) can0 39F#3E0500B8000028AB
(1789545417.043977) can0 3A4#0000000000000000
(1789545417.143189) can0 3A2#000028A403FF0070
(1789545417.143395) can0 39F#3E0500B8000029AA
(1789545417.143645) can0 3A4#0000000000000000
(1789545417.243178) can0 3A2#000028A803FF007C
(1789545417.243380) can0 39F#3E0500B800002AA9
(1789545417.243628) can0 3A4#0000000000000000
(1789545417.343280) can0 3A2#000028AC03FF0078
(1789545417.343491) can0 39F#3E0500B800002BA8
(1789545417.343738) can0 3A4#0000000000000000
(1789545417.443178) can0 3A2#000028B003FF0064
(1789545417.443389) can0 39F#3E0500B800002CAF
(1789545417.443654) can0 3A4#0000000000000000
(1789545417.543307) can0 3A2#000028B403FF0060
(1789545417.543519) can0 39F#3E0500B800002DAE
(1789545417.543773) can0 3A4#0000000000000000
(1789545417.643320) can0 3A2#000028B803FF006C
(1789545417.643489) can0 39F#3E0500B800002EAD
(1789545417.643744) can0 3A4#0000000000000000
(1789545417.743226) can0 3A2#000028BC03FF0068
(1789545417.743401) can0 39F#3E0500B800002FAC
(1789545417.743665) can0 3A4#0000000000000000
(1789545417.843298) can0 3A2#0000288003FF0054
(1789545417.843500) can0 39F#3E0500B8000020A3
(1789545417.843749) can0 3A4#0000000000000000
(1789545417.943254) can0 3A2#0000288403FF0050
(1789545417.943411) can0 39F#3E0500B8000021A2
(1789545417.943662) can0 3A4#0000000000000000
(1789545418.043343) can0 3A2#0000288803FF005C
(1789545418.043563) can0 39F#3E0500B8000022A1
(1789545418.043812) can0 3A4#0000000000000000
(1789545418.143310) can0 3A2#0000288C03FF0058
(1789545418.143524) can0 39F#3E0500B8000023A0
(1789545418.143772) can0 3A4#0000000000000000
(1789545418.243210) can0 3A2#0000289003FF0044
(1789545418.243412) can0 39F#3E0500B8000024A7
(1789545418.243689) can0 3A4#0000000000000000
(1789545418.343222) can0 3A2#0000289403FF0040
(1789545418.343429) can0 39F#3E0500B8000025A6
(1789545418.343678) can0 3A4#0000000000000000
(1789545418.443307) can0 3A2#0000289803FF004C
(1789545418.443512) can0 39F#3E0500B8000026A5
(1789545418.443770) can0 3A4#0000000000000000
(1789545418.543360) can0 3A2#0000289C03FF0048
(1789545418.543582) can0 39F#3E0500B8000027A4
(1789545418.543831) can0 3A4#0000000000000000
(1789545418.643344) can0 3A2#000028A003FF0074
(1789545418.643493) can0 39F#3E0500B8000028AB
(1789545418.643747) can0 3A4#0000000000000000
(1789545418.743220) can0 3A2#000028A403FF0070
(1789545418.743441) can0 39F#3E0500B8000029AA
(1789545418.743685) can0 3A4#0000000000000000
(1789545418.843240) can0 3A2#000028A803FF007C
(1789545418.843445) can0 39F#3E0500B800002AA9
(1789545418.843689) can0 3A4#0000000000000000
(1789545418.943327) can0 3A2#000028AC03FF0078
(1789545418.943461) can0 39F#3E0500B800002BA8
(1789545418.943703) can0 3A4#0000000000000000
(1789545419.043502) can0 3A2#000028B003FF0064
(1789545419.043703) can0 39F#3E0500B800002CAF
(1789545419.043949) can0 3A4#0000000000000000
(1789545419.143248) can0 3A2#000028B403FF0060
(1789545419.143466) can0 39F#3E0500B800002DAE
(1789545419.143709) can0 3A4#0000000000000000
(1789545419.243325) can0 3A2#000028B803FF006C
(1789545419.243538) can0 39F#3E0500B800002EAD
(1789545419.243774) can0 3A4#0000000000000000
(1789545419.343339) can0 3A2#000028BC03FF0068
(1789545419.343553) can0 39F#3E0500B800002FAC
(1789545419.343796) can0 3A4#0000000000000000
(1789545419.443248) can0 3A2#0000288003FF0054
(1789545419.443467) can0 39F#3E0500B8000020A3
(1789545419.443720) can0 3A4#0000000000000000
(1789545419.543337) can0 3A2#0000288403FF0050
(1789545419.543545) can0 39F#3E0500B8000021A2
(1789545419.543789) can0 3A4#0000000000000000
(1789545419.643356) can0 3A2#0000288803FF005C
(1789545419.643559) can0 39F#3E0500B8000022A1
(1789545419.643810) can0 3A4#0000000000000000
(1789545419.743255) can0 3A2#0000288C03FF0058
(1789545419.743482) can0 39F#3E0500B8000023A0
(1789545419.743729) can0 3A4#0000000000000000
(1789545419.843309) can0 3A2#0000289003FF0044
(1789545419.843540) can0 39F#3E0500B8000024A7
(1789545419.843784) can0 3A4#0000000000000000
(1789545419.943276) can0 3A2#0000289403FF0040
(1789545419.943494) can0 39F#3E0500B8000025A6
(1789545419.943725) can0 3A4#0000000000000000
(1789545420.043386) can0 3A2#0000289803FF004C
(1789545420.043606) can0 39F#3E0500B8000026A5
(1789545420.043851) can0 3A4#0000000000000000
(1789545420.143278) can0 3A2#0000289C03FF0048
(1789545420.143523) can0 39F#3E0500B8000027A4
(1789545420.143780) can0 3A4#0000000000000000
(1789545420.243287) can0 3A2#000028A003FF0074
(1789545420.243536) can0 39F#3E0500B8000028AB
(1789545420.243759) can0 3A4#0000000000000000
(1789545420.343433) can0 3A2#000028A403FF0070
(1789545420.343573) can0 39F#3E0500B8000029AA
(1789545420.343816) can0 3A4#0000000000000000
(1789545420.443381) can0 3A2#000028A803FF007C
(1789545420.443608) can0 39F#3E0500B800002AA9
(1789545420.443845) can0 3A4#0000000000000000
(1789545420.543434) can0 3A2#000028AC03FF0078
(1789545420.543673) can0 39F#3E0500B800002BA8
(1789545420.543906) can0 3A4#0000000000000000
(1789545420.643269) can0 3A2#000028B003FF0064
(1789545420.643493) can0 39F#3E0500B800002CAF
(1789545420.643750) can0 3A4#0000000000000000
(1789545420.743323) can0 3A2#000028B403FF0060
(1789545420.743527) can0 39F#3E0500B800002DAE
(1789545420.743775) can0 3A4#0000000000000000
(1789545420.843397) can0 3A2#000028B803FF006C
(1789545420.843618) can0 39F#3E0500B800002EAD
(1789545420.843847) can0 3A4#0000000000000000
(1789545420.943282) can0 3A2#000028BC03FF0068
(1789545420.943507) can0 39F#3E0500B800002FAC
(1789545420.943759) can0 3A4#0000000000000000
(1789545421.043567) can0 3A2#0000288003FF0054
(1789545421.043769) can0 39F#3E0500B8000020A3
(1789545421.044016) can0 3A4#0000000000000000
(1789545421.143313) can0 3A2#0000288403FF0050
(1789545421.143534) can0 39F#3E0500B8000021A2
(1789545421.143777) can0 3A4#0000000000000000
(1789545421.243322) can0 3A2#0000288803FF005C
(1789545421.243523) can0 39F#3E0500B8000022A1
(1789545421.243762) can0 3A4#0000000000000000
(1789545421.343328) can0 3A2#0000288C03FF0058
(1789545421.343534) can0 39F#3E0500B8000023A0
(1789545421.343776) can0 3A4#0000000000000000
(1789545421.443397) can0 3A2#0000289003FF0044
(1789545421.443626) can0 39F#3E0500B8000024A7
(1789545421.443880) can0 3A4#0000000000000000
(1789545421.543426) can0 3A2#0000289403FF0040
(1789545421.543715) can0 39F#3E0500B8000025A6
(1789545421.543907) can0 3A4#0000000000000000
(1789545421.643419) can0 3A2#0000289803FF004C
(1789545421.643626) can0 39F#3E0500B8000026A5
(1789545421.643881) can0 3A4#0000000000000000
(1789545421.743317) can0 3A2#0000289C03FF0048
(1789545421.743537) can0 39F#3E0500B8000027A4
(1789545421.743791) can0 3A4#0000000000000000
(1789545421.843424) can0 3A2#000028A003FF0074
(1789545421.843629) can0 39F#3E0500B8000028AB
(1789545421.843880) can0 3A4#0000000000000000
(1789545421.943365) can0 3A2#000028A403FF0070
(1789545421.943574) can0 39F#3E0500B8000029AA
(1789545421.943817) can0 3A4#0000000000000000
(1789545422.043481) can0 3A2#000028A803FF007C
(1789545422.043683) can0 39F#3E0500B800002AA9
(1789545422.043933) can0 3A4#0000000000000000
(1789545422.143343) can0 3A2#000028AC03FF0078
(1789545422.143557) can0 39F#3E0500B800002BA8
(1789545422.143819) can0 3A4#0000000000000000
(1789545422.243448) can0 3A2#000028B003FF0064
(1789545422.243654) can0 39F#3E0500B800002CAF
(1789545422.243898) can0 3A4#0000000000000000
(1789545422.343360) can0 3A2#000028B403FF0060
(1789545422.343567) can0 39F#3E0500B800002DAE
(1789545422.343817) can0 3A4#0000000000000000
(1789545422.443356) can0 3A2#000028B803FF006C
(1789545422.443551) can0 39F#3E0500B800002EAD
(1789545422.443825) can0 3A4#0000000000000000
(1789545422.543407) can0 3A2#000028BC03FF0068
(1789545422.543609) can0 39F#3E0500B800002FAC
(1789545422.543851) can0 3A4#0000000000000000
(1789545422.643425) can0 3A2#0000288003FF0054
(1789545422.643621) can0 39F#3E0500B8000020A3
(1789545422.643893) can0 3A4#0000000000000000
(1789545422.743365) can0 3A2#0000288403FF0050
(1789545422.743576) can0 39F#3E0500B8000021A2
(1789545422.743867) can0 3A4#0000000000000000
(1789545422.843342) can0 3A2#0000288803FF005C
(1789545422.843580) can0 39F#3E0500B8000022A1
(1789545422.843880) can0 3A4#0000000000000000
(1789545422.943423) can0 3A2#0000288C03FF0058
(1789545422.943645) can0 39F#3E0500B8000023A0
(1789545422.943897) can0 3A4#0000000000000000
(1789545423.043608) can0 3A2#0000289003FF0044
(1789545423.043833) can0 39F#3E0500B8000024A7
(1789545423.044084) can0 3A4#0000000000000000
(1789545423.143409) can0 3A2#0000289403FF0040
(1789545423.143572) can0 39F#3E0500B8000025A6
(1789545423.143829) can0 3A4#0000000000000000
(1789545423.243478) can0 3A2#0000289803FF004C
(1789545423.243690) can0 39F#3E0500B8000026A5
(1789545423.243939) can0 3A4#0000000000000000
(1789545423.343390) can0 3A2#0000289C03FF0048
(1789545423.343595) can0 39F#3E0500B8000027A4
(1789545423.343853) can0 3A4#0000000000000000
(1789545423.443455) can0 3A2#000028A003FF0074
(1789545423.443668) can0 39F#3E0500B8000028AB
(1789545423.443973) can0 3A4#0000000000000000
(1789545423.543536) can0 3A2#000028A403FF0070
(1789545423.543767) can0 39F#3E0500B8000029AA
(1789545423.544016) can0 3A4#0000000000000000
(1789545423.643407) can0 3A2#000028A803FF007C
(1789545423.643638) can0 39F#3E0500B800002AA9
(1789545423.643879) can0 3A4#0000000000000000
(1789545423.743476) can0 3A2#000028AC03FF0078
(1789545423.743680) can0 39F#3E0500B800002BA8
(1789545423.744002) can0 3A4#0000000000000000
(1789545423.843496) can0 3A2#000028B003FF0064
(1789545423.843704) can0 39F#3E0500B800002CAF
(1789545423.844015) can0 3A4#0000000000000000
(1789545423.943503) can0 3A2#000028B403FF0060
(1789545423.943717) can0 39F#3E0500B800002DAE
(1789545423.944032) can0 3A4#0000000000000000
(1789545424.043454) can0 3A2#000028B803FF006C
(1789545424.043672) can0 39F#3E0500B800002EAD
(1789545424.043929) can0 3A4#0000000000000000
(1789545424.143551) can0 3A2#000028BC03FF0068
(1789545424.143668) can0 39F#3E0500B800002FAC
(1789545424.143933) can0 3A4#0000000000000000
(1789545424.243398) can0 3A2#0000288003FF0054
(1789545424.243620) can0 39F#3E0500B8000020A3
(1789545424.243871) can0 3A4#0000000000000000
(1789545424.343409) can0 3A2#0000288403FF0050
(1789545424.343622) can0 39F#3E0500B8000021A2
(1789545424.343865) can0 3A4#0000000000000000
(1789545424.443486) can0 3A2#0000288803FF005C
(1789545424.443684) can0 39F#3E0500B8000022A1
(1789545424.443932) can0 3A4#0000000000000000
(1789545424.543474) can0 3A2#0000288C03FF0058
(1789545424.543689) can0 39F#3E0500B8000023A0
(1789545424.543932) can0 3A4#0000000000000000
(1789545424.643391) can0 3A2#0000289003FF0044
(1789545424.643627) can0 39F#3E0500B8000024A7
(1789545424.643887) can0 3A4#0000000000000000
(1789545424.743530) can0 3A2#0000289403FF0040
(1789545424.743716) can0 39F#3E0500B8000025A6
(1789545424.743956) can0 3A4#0000000000000000
(1789545424.843506) can0 3A2#0000289803FF004C
(1789545424.843700) can0 39F#3E0500B8000026A5
(1789545424.843946) can0 3A4#0000000000000000
(1789545424.943505) can0 3A2#0000289C03FF0048
(1789545424.943708) can0 39F#3E0500B8000027A4
(1789545424.943953) can0 3A4#0000000000000000
(1789545425.043771) can0 3A2#000028A003FF0074
(1789545425.043984) can0 39F#3E0500B8000028AB
(1789545425.044226) can0 3A4#0000000000000000
(1789545425.143518) can0 3A2#000028A403FF0070
(1789545425.143738) can0 39F#3E0500B8000029AA
(1789545425.143981) can0 3A4#0000000000000000
(1789545425.243495) can0 3A2#000028A803FF007C
(1789545425.243718) can0 39F#3E0500B800002AA9
(1789545425.243958) can0 3A4#0000000000000000
(1789545425.343507) can0 3A2#000028AC03FF0078
(1789545425.343723) can0 39F#3E0500B800002BA8
(1789545425.343978) can0 3A4#0000000000000000
(1789545425.443526) can0 3A2#000028B003FF0064
(1789545425.443677) can0 39F#3E0500B800002CAF
(1789545425.443922) can0 3A4#0000000000000000
(1789545425.543542) can0 3A2#000028B403FF0060
(1789545425.543729) can0 39F#3E0500B800002DAE
(1789545425.543977) can0 3A4#0000000000000000
(1789545425.643517) can0 3A2#000028B803FF006C
(1789545425.643744) can0 39F#3E0500B800002EAD
(1789545425.643987) can0 3A4#0000000000000000
(1789545425.743524) can0 3A2#000028BC03FF0068
(1789545425.743718) can0 39F#3E0500B800002FAC
(1789545425.743968) can0 3A4#0000000000000000
(1789545425.843469) can0 3A2#0000288003FF0054
(1789545425.843683) can0 39F#3E0500B8000020A3
(1789545425.843933) can0 3A4#0000000000000000
(1789545425.943482) can0 3A2#0000288403FF0050
(1789545425.943662) can0 39F#3E0500B8000021A2
(1789545425.943936) can0 3A4#0000000000000000
(1789545426.043577) can0 3A2#0000288803FF005C
(1789545426.043808) can0 39F#3E0500B8000022A1
(1789545426.044048) can0 3A4#0000000000000000
(1789545426.143463) can0 3A2#0000288C03FF0058
(1789545426.143703) can0 39F#3E0500B8000023A0
(1789545426.143950) can0 3A4#0000000000000000
(1789545426.243512) can0 3A2#0000289003FF0044
(1789545426.243707) can0 39F#3E0500B8000024A7
(1789545426.243947) can0 3A4#0000000000000000
(1789545426.343547) can0 3A2#0000289403FF0040
(1789545426.343761) can0 39F#3E0500B8000025A6
(1789545426.344013) can0 3A4#0000000000000000
(1789545426.443474) can0 3A2#0000289803FF004C
(1789545426.443680) can0 39F#3E0500B8000026A5
(1789545426.443944) can0 3A4#0000000000000000
(1789545426.543636) can0 3A2#0000289C03FF0048
(1789545426.543853) can0 39F#3E0500B8000027A4
(1789545426.544103) can0 3A4#0000000000000000
(1789545426.643587) can0 3A2#000028A003FF0074
(1789545426.643808) can0 39F#3E0500B8000028AB
(1789545426.644058) can0 3A4#0000000000000000
(1789545426.743494) can0 3A2#000028A403FF0070
(1789545426.743689) can0 39F#3E0500B8000029AA
(1789545426.743938) can0 3A4#0000000000000000
(1789545426.843497) can0 3A2#000028A803FF007C
(1789545426.843717) can0 39F#3E0500B800002AA9
(1789545426.843953) can0 3A4#0000000000000000
(1789545426.943579) can0 3A2#000028AC03FF0078
(1789545426.943787) can0 39F#3E0500B800002BA8
(1789545426.944032) can0 3A4#0000000000000000
(1789545427.043764) can0 3A2#000028B003FF0064
(1789545427.043961) can0 39F#3E0500B800002CAF
(1789545427.044235) can0 3A4#0000000000000000
(1789545427.143572) can0 3A2#000028B403FF0060
(1789545427.143791) can0 39F#3E0500B800002DAE
(1789545427.144051) can0 3A4#0000000000000000
(1789545427.243514) can0 3A2#000028B803FF006C
(1789545427.243714) can0 39F#3E0500B800002EAD
(1789545427.244022) can0 3A4#0000000000000000
(1789545427.343587) can0 3A2#000028BC03FF0068
(1789545427.343807) can0 39F#3E0500B800002FAC
(1789545427.344049) can0 3A4#0000000000000000
(1789545427.443585) can0 3A2#0000288003FF0054
(1789545427.443798) can0 39F#3E0500B8000020A3
(1789545427.444049) can0 3A4#0000000000000000
(1789545427.543646) can0 3A2#0000288403FF0050
(1789545427.543870) can0 39F#3E0500B8000021A2
(1789545427.544116) can0 3A4#0000000000000000
(1789545427.643543) can0 3A2#0000288803FF005C
(1789545427.643740) can0 39F#3E0500B8000022A1
(1789545427.643984) can0 3A4#0000000000000000
(1789545427.743591) can0 3A2#0000288C03FF0058
(1789545427.743799) can0 39F#3E0500B8000023A0
(1789545427.744045) can0 3A4#0000000000000000
(1789545427.843651) can0 3A2#0000289003FF0044
(1789545427.843814) can0 39F#3E0500B8000024A7
(1789545427.844058) can0 3A4#0000000000000000
(1789545427.943527) can0 3A2#0000289403FF0040
(1789545427.943774) can0 39F#3E0500B8000025A6
(1789545427.943995) can0 3A4#0000000000000000
(1789545428.043606) can0 3A2#0000289803FF004C
(1789545428.043791) can0 39F#3E0500B8000026A5
(1789545428.044048) can0 3A4#0000000000000000
(1789545428.143629) can0 3A2#0000289C03FF0048
(1789545428.143829) can0 39F#3E0500B8000027A4
(1789545428.144074) can0 3A4#0000000000000000
(1789545428.243543) can0 3A2#000028A003FF0074
(1789545428.243756) can0 39F#3E0500B8000028AB
(1789545428.243999) can0 3A4#0000000000000000
(1789545428.343555) can0 3A2#000028A403FF0070
(1789545428.343756) can0 39F#3E0500B8000029AA
(1789545428.344001) can0 3A4#0000000000000000
(1789545428.443665) can0 3A2#000028A803FF007C
(1789545428.443826) can0 39F#3E0500B800002AA9
(1789545428.444070) can0 3A4#0000000000000000
(1789545428.543699) can0 3A2#000028AC03FF0078
(1789545428.543915) can0 39F#3E0500B800002BA8
(1789545428.544162) can0 3A4#0000000000000000
(1789545428.643551) can0 3A2#000028B003FF0064
(1789545428.643764) can0 39F#3E0500B800002CAF
(1789545428.644012) can0 3A4#0000000000000000
(1789545428.743586) can0 3A2#000028B403FF0060
(1789545428.743787) can0 39F#3E0500B800002DAE
(1789545428.744029) can0 3A4#0000000000000000
(1789545428.843649) can0 3A2#000028B803FF006C
(1789545428.843854) can0 39F#3E0500B800002EAD
(1789545428.844156) can0 3A4#0000000000000000
(1789545428.943567) can0 3A2#000028BC03FF0068
(1789545428.943785) can0 39F#3E0500B800002FAC
(1789545428.944026) can0 3A4#0000000000000000
(1789545429.043835) can0 3A2#0000288003FF0054
(1789545429.044029) can0 39F#3E0500B8000020A3
(1789545429.044298) can0 3A4#0000000000000000
(1789545429.143605) can0 3A2#0000288403FF0050
(1789545429.143808) can0 39F#3E0500B8000021A2
(1789545429.144065) can0 3A4#0000000000000000
(1789545429.243637) can0 3A2#0000288803FF005C
(1789545429.243854) can0 39F#3E0500B8000022A1
(1789545429.244092) can0 3A4#0000000000000000
(1789545429.343648) can0 3A2#0000288C03FF0058
(1789545429.343857) can0 39F#3E0500B8000023A0
(1789545429.344113) can0 3A4#0000000000000000
(1789545429.443687) can0 3A2#0000289003FF0044
(1789545429.443884) can0 39F#3E0500B8000024A7
(1789545429.444133) can0 3A4#0000000000000000
(1789545429.543635) can0 3A2#0000289403FF0040
(1789545429.543887) can0 39F#3E0500B8000025A6
(1789545429.544093) can0 3A4#0000000000000000
(1789545429.643643) can0 3A2#0000289803FF004C
(1789545429.643881) can0 39F#3E0500B8000026A5
(1789545429.644131) can0 3A4#0000000000000000
(1789545429.743599) can0 3A2#0000289C03FF0048
(1789545429.743813) can0 39F#3E0500B8000027A4
(1789545429.744071) can0 3A4#0000000000000000
(1789545429.843644) can0 3A2#000028A003FF0074
(1789545429.843884) can0 39F#3E0500B8000028AB
(1789545429.844124) can0 3A4#0000000000000000
(1789545429.943661) can0 3A2#000028A403FF0070
(1789545429.943877) can0 39F#3E0500B8000029AA
(1789545429.944140) can0 3A4#0000000000000000
(1789545430.043759) can0 3A2#000028A803FF007C
(1789545430.043966) can0 39F#3E0500B800002AA9
(1789545430.044214) can0 3A4#0000000000000000
(1789545430.143649) can0 3A2#000028AC03FF0078
(1789545430.143872) can0 39F#3E0500B800002BA8
(1789545430.144093) can0 3A4#0000000000000000
(1789545430.243697) can0 3A2#000028B003FF0064
(1789545430.243915) can0 39F#3E0500B800002CAF
(1789545430.244163) can0 3A4#0000000000000000
(1789545430.343618) can0 3A2#000028B403FF0060
(1789545430.343897) can0 39F#3E0500B800002DAE
(1789545430.344077) can0 3A4#0000000000000000
(1789545430.443621) can0 3A2#000028B803FF006C
(1789545430.443825) can0 39F#3E0500B800002EAD
(1789545430.444078) can0 3A4#0000000000000000
(1789545430.543840) can0 3A2#000028BC03FF0068
(1789545430.543989) can0 39F#3E0500B800002FAC
(1789545430.544229) can0 3A4#0000000000000000
(1789545430.643604) can0 3A2#0000288003FF0054
(1789545430.643835) can0 39F#3E0500B8000020A3
(1789545430.644101) can0 3A4#0000000000000000
(1789545430.743632) can0 3A2#0000288403FF0050
(1789545430.743840) can0 39F#3E0500B8000021A2
(1789545430.744095) can0 3A4#0000000000000000
(1789545430.843624) can0 3A2#0000288803FF005C
(1789545430.843860) can0 39F#3E0500B8000022A1
(1789545430.844107) can0 3A4#0000000000000000
(1789545430.943701) can0 3A2#0000288C03FF0058
(1789545430.943978) can0 39F#3E0500B8000023A0
(1789545430.944171) can0 3A4#0000000000000000
(1789545431.044018) can0 3A2#0000289003FF0044
(1789545431.044176) can0 39F#3E0500B8000024A7
(1789545431.044439) can0 3A4#0000000000000000
(1789545431.143638) can0 3A2#0000289403FF0040
(1789545431.143862) can0 39F#3E0500B8000025A6
(1789545431.144098) can0 3A4#0000000000000000
(1789545431.243643) can0 3A2#0000289803FF004C
(1789545431.243847) can0 39F#3E0500B8000026A5
(1789545431.244093) can0 3A4#0000000000000000
(1789545431.343744) can0 3A2#0000289C03FF0048
(1789545431.343933) can0 39F#3E0500B8000027A4
(1789545431.344215) can0 3A4#0000000000000000
(1789545431.443642) can0 3A2#000028A003FF0074
(1789545431.443864) can0 39F#3E0500B8000028AB
(1789545431.444118) can0 3A4#0000000000000000
(1789545431.543721) can0 3A2#000028A403FF0070
(1789545431.543934) can0 39F#3E0500B8000029AA
(1789545431.544194) can0 3A4#0000000000000000
(1789545431.643732) can0 3A2#000028A803FF007C
(1789545431.643933) can0 39F#3E0500B800002AA9
(1789545431.644199) can0 3A4#0000000000000000
(1789545431.743662) can0 3A2#000028AC03FF0078
(1789545431.743880) can0 39F#3E0500B800002BA8
(1789545431.744121) can0 3A4#0000000000000000
(1789545431.843673) can0 3A2#000028B003FF0064
(1789545431.843890) can0 39F#3E0500B800002CAF
(1789545431.844135) can0 3A4#0000000000000000
(1789545431.943661) can0 3A2#000028B403FF0060
(1789545431.943883) can0 39F#3E0500B800002DAE
(1789545431.944138) can0 3A4#0000000000000000
(1789545432.043821) can0 3A2#000028B803FF006C
(1789545432.044033) can0 39F#3E0500B800002EAD
(1789545432.044284) can0 3A4#0000000000000000
(1789545432.143671) can0 3A2#000028BC03FF0068
(1789545432.143897) can0 39F#3E0500B800002FAC
(1789545432.144139) can0 3A4#0000000000000000
(1789545432.243737) can0 3A2#0000288003FF0054
(1789545432.243974) can0 39F#3E0500B8000020A3
(1789545432.244210) can0 3A4#0000000000000000
(1789545432.343739) can0 3A2#0000288403FF0050
(1789545432.343959) can0 39F#3E0500B8000021A2
(1789545432.344202) can0 3A4#0000000000000000
(1789545432.443790) can0 3A2#0000288803FF005C
(1789545432.443995) can0 39F#3E0500B8000022A1
(1789545432.444241) can0 3A4#0000000000000000
(1789545432.543843) can0 3A2#0000288C03FF0058
(1789545432.544061) can0 39F#3E0500B8000023A0
(1789545432.544300) can0 3A4#0000000000000000
(1789545432.643683) can0 3A2#0000289003FF0044
(1789545432.643907) can0 39F#3E0500B8000024A7
(1789545432.644209) can0 3A4#0000000000000000
(1789545432.743767) can0 3A2#0000289403FF0040
(1789545432.743970) can0 39F#3E0500B8000025A6
(1789545432.744225) can0 3A4#0000000000000000
(1789545432.843687) can0 3A2#0000289803FF004C
(1789545432.843905) can0 39F#3E0500B8000026A5
(1789545432.844230) can0 3A4#0000000000000000
(1789545432.943778) can0 3A2#0000289C03FF0048
(1789545432.943984) can0 39F#3E0500B8000027A4
(1789545432.944247) can0 3A4#0000000000000000
(1789545433.043952) can0 3A2#000028A003FF0074
(1789545433.044185) can0 39F#3E0500B8000028AB
(1789545433.044427) can0 3A4#0000000000000000
(1789545433.143784) can0 3A2#000028A403FF0070
(1789545433.144024) can0 39F#3E0500B8000029AA
(1789545433.144283) can0 3A4#0000000000000000
(1789545433.243713) can0 3A2#000028A803FF007C
(1789545433.243926) can0 39F#3E0500B800002AA9
(1789545433.244163) can0 3A4#0000000000000000
(1789545433.343773) can0 3A2#000028AC03FF0078
(1789545433.343999) can0 39F#3E0500B800002BA8
(1789545433.344302) can0 3A4#0000000000000000
(1789545433.443720) can0 3A2#000028B003FF0064
(1789545433.443921) can0 39F#3E0500B800002CAF
(1789545433.444172) can0 3A4#0000000000000000
(1789545433.543760) can0 3A2#000028B403FF0060
(1789545433.543984) can0 39F#3E0500B800002DAE
(1789545433.544231) can0 3A4#0000000000000000
(1789545433.643715) can0 3A2#000028B803FF006C
(1789545433.643942) can0 39F#3E0500B800002EAD
(1789545433.644187) can0 3A4#0000000000000000
(1789545433.743808) can0 3A2#000028BC03FF0068
(1789545433.744014) can0 39F#3E0500B800002FAC
(1789545433.744257) can0 3A4#0000000000000000
(1789545433.843824) can0 3A2#0000288003FF0054
(1789545433.844041) can0 39F#3E0500B8000020A3
(1789545433.844294) can0 3A4#0000000000000000
(1789545433.943844) can0 3A2#0000288403FF0050
(1789545433.944042) can0 39F#3E0500B8000021A2
(1789545433.944290) can0 3A4#0000000000000000
(1789545434.043877) can0 3A2#0000288803FF005C
(1789545434.044082) can0 39F#3E0500B8000022A1
(1789545434.044397) can0 3A4#0000000000000000
(1789545434.143757) can0 3A2#0000288C03FF0058
(1789545434.143986) can0 39F#3E0500B8000023A0
(1789545434.144229) can0 3A4#0000000000000000
(1789545434.243737) can0 3A2#0000289003FF0044
(1789545434.243939) can0 39F#3E0500B8000024A7
(1789545434.244214) can0 3A4#0000000000000000
(1789545434.343877) can0 3A2#0000289403FF0040
(1789545434.344057) can0 39F#3E0500B8000025A6
(1789545434.344309) can0 3A4#0000000000000000
(1789545434.443732) can0 3A2#0000289803FF004C
(1789545434.443959) can0 39F#3E0500B8000026A5
(1789545434.444207) can0 3A4#0000000000000000
(1789545434.543909) can0 3A2#0000289C03FF0048
(1789545434.544115) can0 39F#3E0500B8000027A4
(1789545434.544363) can0 3A4#0000000000000000
(1789545434.643851) can0 3A2#000028A003FF0074
(1789545434.644055) can0 39F#3E0500B8000028AB
(1789545434.644304) can0 3A4#0000000000000000
(1789545434.743765) can0 3A2#000028A403FF0070
(1789545434.743963) can0 39F#3E0500B8000029AA
(1789545434.744224) can0 3A4#0000000000000000
(1789545434.843925) can0 3A2#000028A803FF007C
(1789545434.844051) can0 39F#3E0500B800002AA9
(1789545434.844290) can0 3A4#0000000000000000
(1789545434.943844) can0 3A2#000028AC03FF0078
(1789545434.944065) can0 39F#3E0500B800002BA8
(1789545434.944305) can0 3A4#0000000000000000
(1789545435.044039) can0 3A2#000028B003FF0064
(1789545435.044239) can0 39F#3E0500B800002CAF
(1789545435.044536) can0 3A4#0000000000000000
(1789545435.143773) can0 3A2#000028B403FF0060
(1789545435.144007) can0 39F#3E0500B800002DAE
(1789545435.144244) can0 3A4#0000000000000000
(1789545435.243780) can0 3A2#000028B803FF006C
(1789545435.243982) can0 39F#3E0500B800002EAD
(1789545435.244248) can0 3A4#0000000000000000
(1789545435.343845) can0 3A2#000028BC03FF0068
(1789545435.344051) can0 39F#3E0500B800002FAC
(1789545435.344309) can0 3A4#0000000000000000
(1789545435.443795) can0 3A2#0000288003FF0054
(1789545435.443995) can0 39F#3E0500B8000020A3
(1789545435.444261) can0 3A4#0000000000000000
(1789545435.543866) can0 3A2#0000288403FF0050
(1789545435.544076) can0 39F#3E0500B8000021A2
(1789545435.544335) can0 3A4#0000000000000000
(1789545435.643894) can0 3A2#0000288803FF005C
(1789545435.643995) can0 39F#3E0500B8000022A1
(1789545435.644247) can0 3A4#0000000000000000
(1789545435.743853) can0 3A2#0000288C03FF0058
(1789545435.744057) can0 39F#3E0500B8000023A0
(1789545435.744304) can0 3A4#0000000000000000
(1789545435.843869) can0 3A2#0000289003FF0044
(1789545435.844069) can0 39F#3E0500B8000024A7
(1789545435.844318) can0 3A4#0000000000000000
(1789545435.943860) can0 3A2#0000289403FF0040
(1789545435.944086) can0 39F#3E0500B8000025A6
(1789545435.944325) can0 3A4#0000000000000000
(1789545436.043932) can0 3A2#0000289803FF004C
(1789545436.044141) can0 39F#3E0500B8000026A5
(1789545436.044387) can0 3A4#0000000000000000
(1789545436.143825) can0 3A2#0000289C03FF0048
(1789545436.144032) can0 39F#3E0500B8000027A4
(1789545436.144276) can0 3A4#0000000000000000
(1789545436.243903) can0 3A2#000028A003FF0074
(1789545436.244118) can0 39F#3E0500B8000028AB
(1789545436.244369) can0 3A4#0000000000000000
(1789545436.343831) can0 3A2#000028A403FF0070
(1789545436.344063) can0 39F#3E0500B8000029AA
(1789545436.344295) can0 3A4#0000000000000000
(1789545436.443823) can0 3A2#000028A803FF007C
(1789545436.444040) can0 39F#3E0500B800002AA9
(1789545436.444296) can0 3A4#0000000000000000
(1789545436.543961) can0 3A2#000028AC03FF0078
(1789545436.544174) can0 39F#3E0500B800002BA8
(1789545436.544413) can0 3A4#0000000000000000
(1789545436.643814) can0 3A2#000028B003FF0064
(1789545436.644039) can0 39F#3E0500B800002CAF
(1789545436.644299) can0 3A4#0000000000000000
(1789545436.743835) can0 3A2#000028B403FF0060
(1789545436.744052) can0 39F#3E0500B800002DAE
(1789545436.744297) can0 3A4#0000000000000000
(1789545436.843933) can0 3A2#000028B803FF006C
(1789545436.844135) can0 39F#3E0500B800002EAD
(1789545436.844379) can0 3A4#0000000000000000
(1789545436.943847) can0 3A2#000028BC03FF0068
(1789545436.944068) can0 39F#3E0500B800002FAC
(1789545436.944309) can0 3A4#0000000000000000
(1789545437.044180) can0 3A2#0000288003FF0054
(1789545437.044403) can0 39F#3E0500B8000020A3
(1789545437.044654) can0 3A4#0000000000000000
(1789545437.143892) can0 3A2#0000288403FF0050
(1789545437.144155) can0 39F#3E0500B8000021A2
(1789545437.144372) can0 3A4#0000000000000000
(1789545437.243861) can0 3A2#0000288803FF005C
(1789545437.244057) can0 39F#3E0500B8000022A1
(1789545437.244303) can0 3A4#0000000000000000
(1789545437.343946) can0 3A2#0000288C03FF0058
(1789545437.344158) can0 39F#3E0500B8000023A0
(1789545437.344407) can0 3A4#0000000000000000
(1789545437.443931) can0 3A2#0000289003FF0044
(1789545437.444137) can0 39F#3E0500B8000024A7
(1789545437.444402) can0 3A4#0000000000000000
(1789545437.543901) can0 3A2#0000289403FF0040
(1789545437.544125) can0 39F#3E0500B8000025A6
(1789545437.544373) can0 3A4#0000000000000000
(1789545437.643945) can0 3A2#0000289803FF004C
(1789545437.644154) can0 39F#3E0500B8000026A5
(1789545437.644401) can0 3A4#0000000000000000
(1789545437.743921) can0 3A2#0000289C03FF0048
(1789545437.744067) can0 39F#3E0500B8000027A4
(1789545437.744323) can0 3A4#0000000000000000
(1789545437.843948) can0 3A2#000028A003FF0074
(1789545437.844179) can0 39F#3E0500B8000028AB
(1789545437.844419) can0 3A4#0000000000000000
(1789545437.943983) can0 3A2#000028A403FF0070
(1789545437.944186) can0 39F#3E0500B8000029AA
(1789545437.944432) can0 3A4#0000000000000000
(1789545438.043976) can0 3A2#000028A803FF007C
(1789545438.044192) can0 39F#3E0500B800002AA9
(1789545438.044441) can0 3A4#0000000000000000
(1789545438.143978) can0 3A2#000028AC03FF0078
(1789545438.144159) can0 39F#3E0500B800002BA8
(1789545438.144398) can0 3A4#0000000000000000
(1789545438.243890) can0 3A2#000028B003FF0064
(1789545438.244097) can0 39F#3E0500B800002CAF
(1789545438.244350) can0 3A4#0000000000000000
(1789545438.343902) can0 3A2#000028B403FF0060
(1789545438.344101) can0 39F#3E0500B800002DAE
(1789545438.344357) can0 3A4#0000000000000000
(1789545438.443947) can0 3A2#000028B803FF006C
(1789545438.444157) can0 39F#3E0500B800002EAD
(1789545438.444408) can0 3A4#0000000000000000
(1789545438.544034) can0 3A2#000028BC03FF0068
(1789545438.544212) can0 39F#3E0500B800002FAC
(1789545438.544474) can0 3A4#0000000000000000
(1789545438.643966) can0 3A2#0000288003FF0054
(1789545438.644176) can0 39F#3E0500B8000020A3
(1789545438.644421) can0 3A4#0000000000000000
(1789545438.743908) can0 3A2#0000288403FF0050
(1789545438.744117) can0 39F#3E0500B8000021A2
(1789545438.744362) can0 3A4#0000000000000000
(1789545438.843900) can0 3A2#0000288803FF005C
(1789545438.844118) can0 39F#3E0500B8000022A1
(1789545438.844374) can0 3A4#0000000000000000
(1789545438.943973) can0 3A2#0000288C03FF0058
(1789545438.944186) can0 39F#3E0500B8000023A0
(1789545438.944416) can0 3A4#0000000000000000
(1789545439.044244) can0 3A2#0000289003FF0044
(1789545439.044458) can0 39F#3E0500B8000024A7
(1789545439.044705) can0 3A4#0000000000000000
(1789545439.143900) can0 3A2#0000289403FF0040
(1789545439.144122) can0 39F#3E0500B8000025A6
(1789545439.144370) can0 3A4#0000000000000000
(1789545439.243909) can0 3A2#0000289803FF004C
(1789545439.244130) can0 39F#3E0500B8000026A5
(1789545439.244373) can0 3A4#0000000000000000
(1789545439.344018) can0 3A2#0000289C03FF0048
(1789545439.344244) can0 39F#3E0500B8000027A4
(1789545439.344487) can0 3A4#0000000000000000
(1789545439.443944) can0 3A2#000028A003FF0074
(1789545439.444153) can0 39F#3E0500B8000028AB
(1789545439.444416) can0 3A4#0000000000000000
(1789545439.544071) can0 3A2#000028A403FF0070
(1789545439.544284) can0 39F#3E0500B8000029AA
(1789545439.544528) can0 3A4#0000000000000000
(1789545439.643919) can0 3A2#000028A803FF007C
(1789545439.644149) can0 39F#3E0500B800002AA9
(1789545439.644404) can0 3A4#0000000000000000
(1789545439.743997) can0 3A2#000028AC03FF0078
(1789545439.744204) can0 39F#3E0500B800002BA8
(1789545439.744451) can0 3A4#0000000000000000
(1789545439.843989) can0 3A2#000028B003FF0064
(1789545439.844197) can0 39F#3E0500B800002CAF
(1789545439.844459) can0 3A4#0000000000000000
(1789545439.943927) can0 3A2#000028B403FF0060
(1789545439.944202) can0 39F#3E0500B800002DAE
(1789545439.944401) can0 3A4#0000000000000000
(1789545440.043994) can0 3A2#000028B803FF006C
(1789545440.044204) can0 39F#3E0500B800002EAD
(1789545440.044466) can0 3A4#0000000000000000
(1789545440.144026) can0 3A2#000028BC03FF0068
(1789545440.144281) can0 39F#3E0500B800002FAC
(1789545440.144476) can0 3A4#0000000000000000
(1789545440.243986) can0 3A2#0000288003FF0054
(1789545440.244234) can0 39F#3E0500B8000020A3
(1789545440.244429) can0 3A4#0000000000000000
(1789545440.343949) can0 3A2#0000288403FF0050
(1789545440.344179) can0 39F#3E0500B8000021A2
(1789545440.344420) can0 3A4#0000000000000000
(1789545440.443944) can0 3A2#0000288803FF005C
(1789545440.444175) can0 39F#3E0500B8000022A1
(1789545440.444414) can0 3A4#0000000000000000
(1789545440.544060) can0 3A2#0000288C03FF0058
(1789545440.544298) can0 39F#3E0500B8000023A0
(1789545440.544541) can0 3A4#0000000000000000
(1789545440.644076) can0 3A2#0000289003FF0044
(1789545440.644295) can0 39F#3E0500B8000024A7
(1789545440.644518) can0 3A4#0000000000000000
(1789545440.744053) can0 3A2#0000289403FF0040
(1789545440.744181) can0 39F#3E0500B8000025A6
(1789545440.744422) can0 3A4#0000000000000000
(1789545440.843966) can0 3A2#0000289803FF004C
(1789545440.844190) can0 39F#3E0500B8000026A5
(1789545440.844437) can0 3A4#0000000000000000
(1789545440.943981) can0 3A2#0000289C03FF0048
(1789545440.944176) can0 39F#3E0500B8000027A4
(1789545440.944422) can0 3A4#0000000000000000
(1789545441.044368) can0 3A2#000028A003FF0074
(1789545441.044527) can0 39F#3E0500B8000028AB
(1789545441.044773) can0 3A4#0000000000000000
(1789545441.143978) can0 3A2#000028A403FF0070
(1789545441.144204) can0 39F#3E0500B8000029AA
(1789545441.144450) can0 3A4#0000000000000000
(1789545441.243997) can0 3A2#000028A803FF007C
(1789545441.244195) can0 39F#3E0500B800002AA9
(1789545441.244445) can0 3A4#0000000000000000
(1789545441.344076) can0 3A2#000028AC03FF0078
(1789545441.344286) can0 39F#3E0500B800002BA8
(1789545441.344534) can0 3A4#0000000000000000
(1789545441.443991) can0 3A2#000028B003FF0064
(1789545441.444205) can0 39F#3E0500B800002CAF
(1789545441.444495) can0 3A4#0000000000000000
(1789545441.544140) can0 3A2#000028B403FF0060
(1789545441.544416) can0 39F#3E0500B800002DAE
(1789545441.544613) can0 3A4#0000000000000000
(1789545441.643980) can0 3A2#000028B803FF006C
(1789545441.644211) can0 39F#3E0500B800002EAD
(1789545441.644459) can0 3A4#0000000000000000
(1789545441.744065) can0 3A2#000028BC03FF0068
(1789545441.744296) can0 39F#3E0500B800002FAC
(1789545441.744536) can0 3A4#0000000000000000
(1789545441.844095) can0 3A2#0000288003FF0054
(1789545441.844305) can0 39F#3E0500B8000020A3
(1789545441.844544) can0 3A4#0000000000000000
(1789545441.944011) can0 3A2#0000288403FF0050
(1789545441.944219) can0 39F#3E0500B8000021A2
(1789545441.944459) can0 3A4#0000000000000000
(1789545442.044080) can0 3A2#0000288803FF005C
(1789545442.044289) can0 39F#3E0500B8000022A1
(1789545442.044545) can0 3A4#0000000000000000
(1789545442.144084) can0 3A2#0000288C03FF0058
(1789545442.144290) can0 39F#3E0500B8000023A0
(1789545442.144541) can0 3A4#0000000000000000
(1789545442.244019) can0 3A2#0000289003FF0044
(1789545442.244229) can0 39F#3E0500B8000024A7
(1789545442.244501) can0 3A4#0000000000000000
(1789545442.344024) can0 3A2#0000289403FF0040
(1789545442.344238) can0 39F#3E0500B8000025A6
(1789545442.344513) can0 3A4#0000000000000000
(1789545442.444115) can0 3A2#0000289803FF004C
(1789545442.444300) can0 39F#3E0500B8000026A5
(1789545442.444557) can0 3A4#0000000000000000
(1789545442.544184) can0 3A2#0000289C03FF0048
(1789545442.544394) can0 39F#3E0500B8000027A4
(1789545442.544645) can0 3A4#0000000000000000
(1789545442.644045) can0 3A2#000028A003FF0074
(1789545442.644250) can0 39F#3E0500B8000028AB
(1789545442.644560) can0 3A4#0000000000000000
(1789545442.744109) can0 3A2#000028A403FF0070
(1789545442.744321) can0 39F#3E0500B8000029AA
(1789545442.744577) can0 3A4#0000000000000000
(1789545442.844048) can0 3A2#000028A803FF007C
(1789545442.844258) can0 39F#3E0500B800002AA9
(1789545442.844497) can0 3A4#0000000000000000
(1789545442.944031) can0 3A2#000028AC03FF0078
(1789545442.944255) can0 39F#3E0500B800002BA8
(1789545442.944506) can0 3A4#0000000000000000
(1789545443.044310) can0 3A2#000028B003FF0064
(1789545443.044514) can0 39F#3E0500B800002CAF
(1789545443.044770) can0 3A4#0000000000000000
(1789545443.144035) can0 3A2#000028B403FF0060
(1789545443.144269) can0 39F#3E0500B800002DAE
(1789545443.144509) can0 3A4#0000000000000000
(1789545443.244117) can0 3A2#000028B803FF006C
(1789545443.244322) can0 39F#3E0500B800002EAD
(1789545443.244646) can0 3A4#0000000000000000
(1789545443.344160) can0 3A2#000028BC03FF0068
(1789545443.344357) can0 39F#3E0500B800002FAC
(1789545443.344649) can0 3A4#0000000000000000
(1789545443.444059) can0 3A2#0000288003FF0054
(1789545443.444276) can0 39F#3E0500B8000020A3
(1789545443.444521) can0 3A4#0000000000000000
(1789545443.544197) can0 3A2#0000288403FF0050
(1789545443.544436) can0 39F#3E0500B8000021A2
(1789545443.544675) can0 3A4#0000000000000000
(1789545443.644131) can0 3A2#0000288803FF005C
(1789545443.644345) can0 39F#3E0500B8000022A1
(1789545443.644608) can0 3A4#0000000000000000
(1789545443.744063) can0 3A2#0000288C03FF0058
(1789545443.744295) can0 39F#3E0500B8000023A0
(1789545443.744533) can0 3A4#0000000000000000
(1789545443.844126) can0 3A2#0000289003FF0044
(1789545443.844332) can0 39F#3E0500B8000024A7
(1789545443.844600) can0 3A4#0000000000000000
(1789545443.944132) can0 3A2#0000289403FF0040
(1789545443.944343) can0 39F#3E0500B8000025A6
(1789545443.944592) can0 3A4#0000000000000000
(1789545444.044203) can0 3A2#0000289803FF004C
(1789545444.044417) can0 39F#3E0500B8000026A5
(1789545444.044669) can0 3A4#0000000000000000
(1789545444.144081) can0 3A2#0000289C03FF0048
(1789545444.144285) can0 39F#3E0500B8000027A4
(1789545444.144554) can0 3A4#0000000000000000
(1789545444.244157) can0 3A2#000028A003FF0074
(1789545444.244369) can0 39F#3E0500B8000028AB
(1789545444.244619) can0 3A4#0000000000000000
(1789545444.344178) can0 3A2#000028A403FF0070
(1789545444.344383) can0 39F#3E0500B8000029AA
(1789545444.344642) can0 3A4#0000000000000000
(1789545444.444124) can0 3A2#000028A803FF007C
(1789545444.444313) can0 39F#3E0500B800002AA9
(1789545444.444549) can0 3A4#0000000000000000
(1789545444.544219) can0 3A2#000028AC03FF0078
(1789545444.544445) can0 39F#3E0500B800002BA8
(1789545444.544691) can0 3A4#0000000000000000
(1789545444.644106) can0 3A2#000028B003FF0064
(1789545444.644307) can0 39F#3E0500B800002CAF
(1789545444.644577) can0 3A4#0000000000000000
(1789545444.744128) can0 3A2#000028B403FF0060
(1789545444.744341) can0 39F#3E0500B800002DAE
(1789545444.744598) can0 3A4#0000000000000000
(1789545444.844196) can0 3A2#000028B803FF006C
(1789545444.844404) can0 39F#3E0500B800002EAD
(1789545444.844672) can0 3A4#0000000000000000
(1789545444.944107) can0 3A2#000028BC03FF0068
(1789545444.944329) can0 3A4#0000000000000000
(1789545444.944572) can0 39F#3E0500B800002FAC
(1789545445.044370) can0 3A2#0000288003FF0054
(1789545445.044579) can0 39F#3E0500B8000020A3
(1789545445.044885) can0 3A4#0000000000000000
(1789545445.144108) can0 3A2#0000288403FF0050
(1789545445.144334) can0 39F#3E0500B8000021A2
(1789545445.144577) can0 3A4#0000000000000000
(1789545445.244190) can0 3A2#0000288803FF005C
(1789545445.244397) can0 39F#3E0500B8000022A1
(1789545445.244663) can0 3A4#0000000000000000
(1789545445.344211) can0 3A2#0000288C03FF0058
(1789545445.344406) can0 39F#3E0500B8000023A0
(1789545445.344674) can0 3A4#0000000000000000
(1789545445.444194) can0 3A2#0000289003FF0044
(1789545445.444409) can0 39F#3E0500B8000024A7
(1789545445.444666) can0 3A4#0000000000000000
(1789545445.544276) can0 3A2#0000289403FF0040
(1789545445.544489) can0 39F#3E0500B8000025A6
(1789545445.544737) can0 3A4#0000000000000000
(1789545445.644148) can0 3A2#0000289803FF004C
(1789545445.644371) can0 39F#3E0500B8000026A5
(1789545445.644606) can0 3A4#0000000000000000
(1789545445.744185) can0 3A2#0000289C03FF0048
(1789545445.744418) can0 39F#3E0500B8000027A4
(1789545445.744657) can0 3A4#0000000000000000
(1789545445.844288) can0 3A2#000028A003FF0074
(1789545445.844404) can0 39F#3E0500B8000028AB
(1789545445.844661) can0 3A4#0000000000000000
(1789545445.944234) can0 3A2#000028A403FF0070
(1789545445.944447) can0 39F#3E0500B8000029AA
(1789545445.944703) can0 3A4#0000000000000000
(1789545446.044189) can0 3A2#000028A803FF007C
(1789545446.044424) can0 39F#3E0500B800002AA9
(1789545446.044665) can0 3A4#0000000000000000
(1789545446.144208) can0 3A2#000028AC03FF0078
(1789545446.144438) can0 39F#3E0500B800002BA8
(1789545446.144680) can0 3A4#0000000000000000
(1789545446.244133) can0 3A2#000028B003FF0064
(1789545446.244396) can0 3A4#0000000000000000
(1789545446.244608) can0 39F#3E0500B800002CAF
(1789545446.344157) can0 3A2#000028B403FF0060
(1789545446.344364) can0 39F#3E0500B800002DAE
(1789545446.344619) can0 3A4#0000000000000000
(1789545446.444242) can0 3A2#000028B803FF006C
(1789545446.444471) can0 39F#3E0500B800002EAD
(1789545446.444713) can0 3A4#0000000000000000
(1789545446.544307) can0 3A2#000028BC03FF0068
(1789545446.544530) can0 39F#3E0500B800002FAC
(1789545446.544777) can0 3A4#0000000000000000
(1789545446.644166) can0 3A2#0000288003FF0054
(1789545446.644388) can0 39F#3E0500B8000020A3
(1789545446.644633) can0 3A4#0000000000000000
(1789545446.744192) can0 3A2#0000288403FF0050
(1789545446.744402) can0 39F#3E0500B8000021A2
(1789545446.744645) can0 3A4#0000000000000000
(1789545446.844261) can0 3A2#0000288803FF005C
(1789545446.844478) can0 39F#3E0500B8000022A1
(1789545446.844733) can0 3A4#0000000000000000
(1789545446.944186) can0 3A2#0000288C03FF0058
(1789545446.944392) can0 39F#3E0500B8000023A0
(1789545446.944635) can0 3A4#0000000000000000
(1789545447.044444) can0 3A2#0000289003FF0044
(1789545447.044650) can0 39F#3E0500B8000024A7
(1789545447.044904) can0 3A4#0000000000000000
(1789545447.144249) can0 3A2#0000289403FF0040
(1789545447.144478) can0 39F#3E0500B8000025A6
(1789545447.144723) can0 3A4#0000000000000000
(1789545447.244294) can0 3A2#0000289803FF004C
(1789545447.244507) can0 39F#3E0500B8000026A5
(1789545447.244747) can0 3A4#0000000000000000
(1789545447.344219) can0 3A2#0000289C03FF0048
(1789545447.344419) can0 39F#3E0500B8000027A4
(1789545447.344662) can0 3A4#0000000000000000
(1789545447.444279) can0 3A2#000028A003FF0074
(1789545447.444513) can0 39F#3E0500B8000028AB
(1789545447.444753) can0 3A4#0000000000000000
(1789545447.544344) can0 3A2#000028A403FF0070
(1789545447.544550) can0 39F#3E0500B8000029AA
(1789545447.544798) can0 3A4#0000000000000000
(1789545447.644302) can0 3A2#000028A803FF007C
(1789545447.644508) can0 39F#3E0500B800002AA9
(1789545447.644749) can0 3A4#0000000000000000
(1789545447.744279) can0 3A2#000028AC03FF0078
(1789545447.744485) can0 39F#3E0500B800002BA8
(1789545447.744729) can0 3A4#0000000000000000
(1789545447.844282) can0 3A2#000028B003FF0064
(1789545447.844468) can0 39F#3E0500B800002CAF
(1789545447.844713) can0 3A4#0000000000000000
(1789545447.944305) can0 3A2#000028B403FF0060
(1789545447.944498) can0 39F#3E0500B800002DAE
(1789545447.944744) can0 3A4#0000000000000000
(1789545448.044333) can0 3A2#000028B803FF006C
(1789545448.044541) can0 39F#3E0500B800002EAD
(1789545448.044786) can0 3A4#0000000000000000
(1789545448.144206) can0 3A2#000028BC03FF0068
(1789545448.144441) can0 39F#3E0500B800002FAC
(1789545448.144675) can0 3A4#0000000000000000
(1789545448.244216) can0 3A2#0000288003FF0054
(1789545448.244447) can0 39F#3E0500B8000020A3
(1789545448.244689) can0 3A4#0000000000000000
(1789545448.344280) can0 3A2#0000288403FF0050
(1789545448.344514) can0 39F#3E0500B8000021A2
(1789545448.344757) can0 3A4#0000000000000000
(1789545448.444227) can0 3A2#0000288803FF005C
(1789545448.444442) can0 39F#3E0500B8000022A1
(1789545448.444686) can0 3A4#0000000000000000
(1789545448.544381) can0 3A2#0000288C03FF0058
(1789545448.544569) can0 39F#3E0500B8000023A0
(1789545448.544824) can0 3A4#0000000000000000
(1789545448.644236) can0 3A2#0000289003FF0044
(1789545448.644440) can0 39F#3E0500B8000024A7
(1789545448.644697) can0 3A4#0000000000000000
(1789545448.744324) can0 3A2#0000289403FF0040
(1789545448.744538) can0 39F#3E0500B8000025A6
(1789545448.744803) can0 3A4#0000000000000000
(1789545448.844229) can0 3A2#0000289803FF004C
(1789545448.844451) can0 3A4#0000000000000000
(1789545448.844699) can0 39F#3E0500B8000026A5
(1789545448.944349) can0 3A2#0000289C03FF0048
(1789545448.944549) can0 39F#3E0500B8000027A4
(1789545448.944793) can0 3A4#0000000000000000
(1789545449.044546) can0 3A2#000028A003FF0074
(1789545449.044738) can0 39F#3E0500B8000028AB
(1789545449.044990) can0 3A4#0000000000000000
(1789545449.144343) can0 3A2#000028A403FF0070
(1789545449.144561) can0 39F#3E0500B8000029AA
(1789545449.144810) can0 3A4#0000000000000000
(1789545449.244256) can0 3A2#000028A803FF007C
(1789545449.244497) can0 39F#3E0500B800002AA9
(1789545449.244714) can0 3A4#0000000000000000
(1789545449.344258) can0 3A2#000028AC03FF0078
(1789545449.344473) can0 39F#3E0500B800002BA8
(1789545449.344722) can0 3A4#0000000000000000
(1789545449.444296) can0 3A2#000028B003FF0064
(1789545449.444494) can0 39F#3E0500B800002CAF
(1789545449.444736) can0 3A4#0000000000000000
(1789545449.544421) can0 3A2#000028B403FF0060
(1789545449.544634) can0 39F#3E0500B800002DAE
(1789545449.544890) can0 3A4#0000000000000000
(1789545449.644355) can0 3A2#000028B803FF006C
(1789545449.644509) can0 39F#3E0500B800002EAD
(1789545449.644743) can0 3A4#0000000000000000
(1789545449.744331) can0 3A2#000028BC03FF0068
(1789545449.744553) can0 39F#3E0500B800002FAC
(1789545449.744800) can0 3A4#0000000000000000
(1789545449.844336) can0 3A2#0000288003FF0054
(1789545449.844565) can0 39F#3E0500B8000020A3
(1789545449.844814) can0 3A4#0000000000000000
(1789545449.944369) can0 3A2#0000288403FF0050
(1789545449.944580) can0 39F#3E0500B8000021A2
(1789545449.944827) can0 3A4#0000000000000000
(1789545450.044315) can0 3A2#0000288803FF005C
(1789545450.044567) can0 39F#3E0500B8000022A1
(1789545450.044790) can0 3A4#0000000000000000
(1789545450.144365) can0 3A2#0000288C03FF0058
(1789545450.144579) can0 39F#3E0500B8000023A0
(1789545450.144869) can0 3A4#0000000000000000
(1789545450.244286) can0 3A2#0000289003FF0044
(1789545450.244506) can0 39F#3E0500B8000024A7
(1789545450.244758) can0 3A4#0000000000000000
(1789545450.344291) can0 3A2#0000289403FF0040
(1789545450.344515) can0 39F#3E0500B8000025A6
(1789545450.344764) can0 3A4#0000000000000000
(1789545450.444368) can0 3A2#0000289803FF004C
(1789545450.444618) can0 39F#3E0500B8000026A5
(1789545450.444814) can0 3A4#0000000000000000
(1789545450.544458) can0 3A2#0000289C03FF0048
(1789545450.544665) can0 39F#3E0500B8000027A4
(1789545450.544942) can0 3A4#0000000000000000
(1789545450.644296) can0 3A2#000028A003FF0074
(1789545450.644514) can0 39F#3E0500B8000028AB
(1789545450.644779) can0 3A4#0000000000000000
(1789545450.744315) can0 3A2#000028A403FF0070
(1789545450.744524) can0 39F#3E0500B8000029AA
(1789545450.744779) can0 3A4#0000000000000000
(1789545450.844419) can0 3A2#000028A803FF007C
(1789545450.844665) can0 39F#3E0500B800002AA9
(1789545450.844883) can0 3A4#0000000000000000
(1789545450.944492) can0 3A2#000028AC03FF0078
(1789545450.944676) can0 39F#3E0500B800002BA8
(1789545450.944850) can0 3A4#0000000000000000
(1789545451.044570) can0 3A2#000028B003FF0064
(1789545451.044787) can0 39F#3E0500B800002CAF
(1789545451.045035) can0 3A4#0000000000000000
(1789545451.144407) can0 3A2#000028B403FF0060
(1789545451.144616) can0 39F#3E0500B800002DAE
(1789545451.144859) can0 3A4#0000000000000000
(1789545451.244319) can0 3A2#000028B803FF006C
(1789545451.244543) can0 39F#3E0500B800002EAD
(1789545451.244798) can0 3A4#0000000000000000
(1789545451.344324) can0 3A2#000028BC03FF0068
(1789545451.344547) can0 39F#3E0500B800002FAC
(1789545451.344788) can0 3A4#0000000000000000
(1789545451.444413) can0 3A2#0000288003FF0054
(1789545451.444621) can0 39F#3E0500B8000020A3
(1789545451.444866) can0 3A4#0000000000000000
(1789545451.544490) can0 3A2#0000288403FF0050
(1789545451.544760) can0 39F#3E0500B8000021A2
(1789545451.544950) can0 3A4#0000000000000000
(1789545451.644403) can0 3A2#0000288803FF005C
(1789545451.644617) can0 39F#3E0500B8000022A1
(1789545451.644874) can0 3A4#0000000000000000
(1789545451.744371) can0 3A2#0000288C03FF0058
(1789545451.744584) can0 39F#3E0500B8000023A0
(1789545451.744811) can0 3A4#0000000000000000
(1789545451.844396) can0 3A2#0000289003FF0044
(1789545451.844627) can0 39F#3E0500B8000024A7
(1789545451.844865) can0 3A4#0000000000000000
(1789545451.944350) can0 3A2#0000289403FF0040
(1789545451.944553) can0 39F#3E0500B8000025A6
(1789545451.944820) can0 3A4#0000000000000000
(1789545452.044480) can0 3A2#0000289803FF004C
(1789545452.044696) can0 39F#3E0500B8000026A5
(1789545452.044933) can0 3A4#0000000000000000
(1789545452.144365) can0 3A2#0000289C03FF0048
(1789545452.144567) can0 39F#3E0500B8000027A4
(1789545452.144840) can0 3A4#0000000000000000
(1789545452.244367) can0 3A2#000028A003FF0074
(1789545452.244579) can0 39F#3E0500B8000028AB
(1789545452.244853) can0 3A4#0000000000000000
(1789545452.344454) can0 3A2#000028A403FF0070
(1789545452.344678) can0 39F#3E0500B8000029AA
(1789545452.344935) can0 3A4#0000000000000000
(1789545452.444356) can0 3A2#000028A803FF007C
(1789545452.444575) can0 39F#3E0500B800002AA9
(1789545452.444880) can0 3A4#0000000000000000
(1789545452.544492) can0 3A2#000028AC03FF0078
(1789545452.544705) can0 39F#3E0500B800002BA8
(1789545452.544949) can0 3A4#0000000000000000
(1789545452.644368) can0 3A2#000028B003FF0064
(1789545452.644591) can0 39F#3E0500B800002CAF
(1789545452.644909) can0 3A4#0000000000000000
(1789545452.744444) can0 3A2#000028B403FF0060
(1789545452.744663) can0 39F#3E0500B800002DAE
(1789545452.744921) can0 3A4#0000000000000000
(1789545452.844472) can0 3A2#000028B803FF006C
(1789545452.844696) can0 39F#3E0500B800002EAD
(1789545452.844952) can0 3A4#0000000000000000
(1789545452.944482) can0 3A2#000028BC03FF0068
(1789545452.944710) can0 39F#3E0500B800002FAC
(1789545452.944954) can0 3A4#0000000000000000
(1789545453.044650) can0 3A2#0000288003FF0054
(1789545453.044851) can0 39F#3E0500B8000020A3
(1789545453.045103) can0 3A4#0000000000000000
(1789545453.144494) can0 3A2#0000288403FF0050
(1789545453.144657) can0 39F#3E0500B8000021A2
(1789545453.144979) can0 3A4#0000000000000000
(1789545453.244398) can0 3A2#0000288803FF005C
(1789545453.244596) can0 39F#3E0500B8000022A1
(1789545453.244843) can0 3A4#0000000000000000
(1789545453.344422) can0 3A2#0000288C03FF0058
(1789545453.344651) can0 39F#3E0500B8000023A0
(1789545453.344896) can0 3A4#0000000000000000
(1789545453.444490) can0 3A2#0000289003FF0044
(1789545453.444719) can0 39F#3E0500B8000024A7
(1789545453.445018) can0 3A4#0000000000000000
(1789545453.544558) can0 3A2#0000289403FF0040
(1789545453.544759) can0 39F#3E0500B8000025A6
(1789545453.545032) can0 3A4#0000000000000000
(1789545453.644400) can0 3A2#0000289803FF004C
(1789545453.644602) can0 39F#3E0500B8000026A5
(1789545453.644867) can0 3A4#0000000000000000
(1789545453.744515) can0 3A2#0000289C03FF0048
(1789545453.744721) can0 39F#3E0500B8000027A4
(1789545453.744968) can0 3A4#0000000000000000
(1789545453.844416) can0 3A2#000028A003FF0074
(1789545453.844626) can0 39F#3E0500B8000028AB
(1789545453.844877) can0 3A4#0000000000000000
(1789545453.944419) can0 3A2#000028A403FF0070
(1789545453.944633) can0 39F#3E0500B8000029AA
(1789545453.944886) can0 3A4#0000000000000000
(1789545454.044559) can0 3A2#000028A803FF007C
(1789545454.044797) can0 39F#3E0500B800002AA9
(1789545454.045094) can0 3A4#0000000000000000
(1789545454.144531) can0 3A2#000028AC03FF0078
(1789545454.144736) can0 39F#3E0500B800002BA8
(1789545454.144993) can0 3A4#0000000000000000
(1789545454.244506) can0 3A2#000028B003FF0064
(1789545454.244709) can0 39F#3E0500B800002CAF
(1789545454.244975) can0 3A4#0000000000000000
(1789545454.344439) can0 3A2#000028B403FF0060
(1789545454.344634) can0 39F#3E0500B800002DAE
(1789545454.344886) can0 3A4#0000000000000000
(1789545454.444512) can0 3A2#000028B803FF006C
(1789545454.444710) can0 39F#3E0500B800002EAD
(1789545454.444963) can0 3A4#0000000000000000
(1789545454.544591) can0 3A2#000028BC03FF0068
(1789545454.544787) can0 39F#3E0500B800002FAC
(1789545454.545048) can0 3A4#0000000000000000
(1789545454.644434) can0 3A2#0000288003FF0054
(1789545454.644648) can0 39F#3E0500B8000020A3
(1789545454.644910) can0 3A4#0000000000000000
(1789545454.744442) can0 3A2#0000288403FF0050
(1789545454.744662) can0 39F#3E0500B8000021A2
(1789545454.744910) can0 3A4#0000000000000000
(1789545454.844606) can0 3A2#0000288803FF005C
(1789545454.844724) can0 39F#3E0500B8000022A1
(1789545454.844970) can0 3A4#0000000000000000
(1789545454.944453) can0 3A2#0000288C03FF0058
(1789545454.944671) can0 39F#3E0500B8000023A0
(1789545454.944920) can0 3A4#0000000000000000
(1789545455.044708) can0 3A2#0000289003FF0044
(1789545455.044922) can0 39F#3E0500B8000024A7
(1789545455.045230) can0 3A4#0000000000000000
(1789545455.144537) can0 3A2#0000289403FF0040
(1789545455.144742) can0 39F#3E0500B8000025A6
(1789545455.144976) can0 3A4#0000000000000000
(1789545455.244560) can0 3A2#0000289803FF004C
(1789545455.244765) can0 39F#3E0500B8000026A5
(1789545455.245017) can0 3A4#0000000000000000
(1789545455.344470) can0 3A2#0000289C03FF0048
(1789545455.344685) can0 39F#3E0500B8000027A4
(1789545455.344922) can0 3A4#0000000000000000
(1789545455.444463) can0 3A2#000028A003FF0074
(1789545455.444680) can0 39F#3E0500B8000028AB
(1789545455.444925) can0 3A4#0000000000000000
(1789545455.544620) can0 3A2#000028A403FF0070
(1789545455.544826) can0 39F#3E0500B8000029AA
(1789545455.545072) can0 3A4#0000000000000000
(1789545455.644477) can0 3A2#000028A803FF007C
(1789545455.644688) can0 39F#3E0500B800002AA9
(1789545455.644986) can0 3A4#0000000000000000
(1789545455.744531) can0 3A2#000028AC03FF0078
(1789545455.744741) can0 39F#3E0500B800002BA8
(1789545455.745005) can0 3A4#0000000000000000
(1789545455.844470) can0 3A2#000028B003FF0064
(1789545455.844694) can0 39F#3E0500B800002CAF
(1789545455.844959) can0 3A4#0000000000000000
(1789545455.944627) can0 3A2#000028B403FF0060
(1789545455.944795) can0 39F#3E0500B800002DAE
(1789545455.945044) can0 3A4#0000000000000000
(1789545456.044623) can0 3A2#000028B803FF006C
(1789545456.044850) can0 39F#3E0500B800002EAD
(1789545456.045098) can0 3A4#0000000000000000
(1789545456.144477) can0 3A2#000028BC03FF0068
(1789545456.144690) can0 39F#3E0500B800002FAC
(1789545456.144953) can0 3A4#0000000000000000
(1789545456.244581) can0 3A2#0000288003FF0054
(1789545456.244814) can0 39F#3E0500B8000020A3
(1789545456.245056) can0 3A4#0000000000000000
(1789545456.344499) can0 3A2#0000288403FF0050
(1789545456.344735) can0 39F#3E0500B8000021A2
(1789545456.344950) can0 3A4#0000000000000000
(1789545456.444598) can0 3A2#0000288803FF005C
(1789545456.444806) can0 39F#3E0500B8000022A1
(1789545456.445073) can0 3A4#0000000000000000
(1789545456.544648) can0 3A2#0000288C03FF0058
(1789545456.544869) can0 39F#3E0500B8000023A0
(1789545456.545123) can0 3A4#0000000000000000
(1789545456.644571) can0 3A2#0000289003FF0044
(1789545456.644792) can0 39F#3E0500B8000024A7
(1789545456.645041) can0 3A4#0000000000000000
(1789545456.744613) can0 3A2#0000289403FF0040
(1789545456.744816) can0 39F#3E0500B8000025A6
(1789545456.745064) can0 3A4#0000000000000000
(1789545456.844519) can0 3A2#0000289803FF004C
(1789545456.844717) can0 39F#3E0500B8000026A5
(1789545456.844981) can0 3A4#0000000000000000
(1789545456.944519) can0 3A2#0000289C03FF0048
(1789545456.944740) can0 39F#3E0500B8000027A4
(1789545456.944991) can0 3A4#0000000000000000
(1789545457.044793) can0 3A2#000028A003FF0074
(1789545457.045002) can0 39F#3E0500B8000028AB
(1789545457.045233) can0 3A4#0000000000000000
(1789545457.144595) can0 3A2#000028A403FF0070
(1789545457.144821) can0 39F#3E0500B8000029AA
(1789545457.145058) can0 3A4#0000000000000000
(1789545457.244610) can0 3A2#000028A803FF007C
(1789545457.244812) can0 39F#3E0500B800002AA9
(1789545457.245107) can0 3A4#0000000000000000
(1789545457.344578) can0 3A2#000028AC03FF0078
(1789545457.344751) can0 39F#3E0500B800002BA8
(1789545457.344993) can0 3A4#0000000000000000
(1789545457.444621) can0 3A2#000028B003FF0064
(1789545457.444822) can0 39F#3E0500B800002CAF
(1789545457.445065) can0 3A4#0000000000000000
(1789545457.544664) can0 3A2#000028B403FF0060
(1789545457.544899) can0 39F#3E0500B800002DAE
(1789545457.545165) can0 3A4#0000000000000000
(1789545457.644540) can0 3A2#000028B803FF006C
(1789545457.644752) can0 39F#3E0500B800002EAD
(1789545457.644994) can0 3A4#0000000000000000
(1789545457.744644) can0 3A2#000028BC03FF0068
(1789545457.744870) can0 39F#3E0500B800002FAC
(1789545457.745113) can0 3A4#0000000000000000
(1789545457.844631) can0 3A2#0000288003FF0054
(1789545457.844776) can0 39F#3E0500B8000020A3
(1789545457.845021) can0 3A4#0000000000000000
(1789545457.944651) can0 3A2#0000288403FF0050
(1789545457.944865) can0 39F#3E0500B8000021A2
(1789545457.945077) can0 3A4#0000000000000000
(1789545458.044710) can0 3A2#0000288803FF005C
(1789545458.044909) can0 39F#3E0500B8000022A1
(1789545458.045157) can0 3A4#0000000000000000
(1789545458.144570) can0 3A2#0000288C03FF0058
(1789545458.144780) can0 39F#3E0500B8000023A0
(1789545458.145026) can0 3A4#0000000000000000
(1789545458.244699) can0 3A2#0000289003FF0044
(1789545458.244854) can0 39F#3E0500B8000024A7
(1789545458.245094) can0 3A4#0000000000000000
(1789545458.344564) can0 3A2#0000289403FF0040
(1789545458.344788) can0 39F#3E0500B8000025A6
(1789545458.345032) can0 3A4#0000000000000000
(1789545458.444578) can0 3A2#0000289803FF004C
(1789545458.444780) can0 39F#3E0500B8000026A5
(1789545458.445035) can0 3A4#0000000000000000
(1789545458.544738) can0 3A2#0000289C03FF0048
(1789545458.544908) can0 39F#3E0500B8000027A4
(1789545458.545157) can0 3A4#0000000000000000
(1789545458.644637) can0 3A2#000028A003FF0074
(1789545458.644798) can0 39F#3E0500B8000028AB
(1789545458.645037) can0 3A4#0000000000000000
(1789545458.744676) can0 3A2#000028A403FF0070
(1789545458.744901) can0 39F#3E0500B8000029AA
(1789545458.745152) can0 3A4#0000000000000000
(1789545458.844588) can0 3A2#000028A803FF007C
(1789545458.844806) can0 39F#3E0500B800002AA9
(1789545458.845053) can0 3A4#0000000000000000
(1789545458.944652) can0 3A2#000028AC03FF0078
(1789545458.944860) can0 39F#3E0500B800002BA8
(1789545458.945113) can0 3A4#0000000000000000
(1789545459.044852) can0 3A2#000028B003FF0064
(1789545459.045077) can0 39F#3E0500B800002CAF
(1789545459.045317) can0 3A4#0000000000000000
(1789545459.144618) can0 3A2#000028B403FF0060
(1789545459.144845) can0 39F#3E0500B800002DAE
(1789545459.145095) can0 3A4#0000000000000000
(1789545459.244710) can0 3A2#000028B803FF006C
(1789545459.244906) can0 39F#3E0500B800002EAD
(1789545459.245158) can0 3A4#0000000000000000
(1789545459.344667) can0 3A2#000028BC03FF0068
(1789545459.344874) can0 39F#3E0500B800002FAC
(1789545459.345140) can0 3A4#0000000000000000
(1789545459.444703) can0 3A2#0000288003FF0054
(1789545459.444926) can0 39F#3E0500B8000020A3
(1789545459.445171) can0 3A4#0000000000000000
(1789545459.544757) can0 3A2#0000288403FF0050
(1789545459.544989) can0 39F#3E0500B8000021A2
(1789545459.545215) can0 3A4#0000000000000000
(1789545459.644614) can0 3A2#0000288803FF005C
(1789545459.644856) can0 39F#3E0500B8000022A1
(1789545459.645073) can0 3A4#0000000000000000
(1789545459.744679) can0 3A2#0000288C03FF0058
(1789545459.744908) can0 39F#3E0500B8000023A0
(1789545459.745153) can0 3A4#0000000000000000
(1789545459.844724) can0 3A2#0000289003FF0044
(1789545459.844921) can0 39F#3E0500B8000024A7
(1789545459.845166) can0 3A4#0000000000000000
(1789545459.944719) can0 3A2#0000289403FF0040
(1789545459.944899) can0 39F#3E0500B8000025A6
(1789545459.945093) can0 3A4#0000000000000000
(1789545460.044773) can0 3A2#0000289803FF004C
(1789545460.044988) can0 39F#3E0500B8000026A5
(1789545460.045252) can0 3A4#0000000000000000
(1789545460.144747) can0 3A2#0000289C03FF0048
(1789545460.144923) can0 39F#3E0500B8000027A4
(1789545460.145139) can0 3A4#0000000000000000
(1789545460.244762) can0 3A2#000028A003FF0074
(1789545460.244934) can0 39F#3E0500B8000028AB
(1789545460.245181) can0 3A4#0000000000000000
(1789545460.344736) can0 3A2#000028A403FF0070
(1789545460.344944) can0 39F#3E0500B8000029AA
(1789545460.345196) can0 3A4#0000000000000000
(1789545460.444658) can0 3A2#000028A803FF007C
(1789545460.444915) can0 39F#3E0500B800002AA9
(1789545460.445133) can0 3A4#0000000000000000
(1789545460.544775) can0 3A2#000028AC03FF0078
(1789545460.545012) can0 39F#3E0500B800002BA8
(1789545460.545258) can0 3A4#0000000000000000
(1789545460.644645) can0 3A2#000028B003FF0064
(1789545460.644862) can0 39F#3E0500B800002CAF
(1789545460.645107) can0 3A4#0000000000000000
(1789545460.744757) can0 3A2#000028B403FF0060
(1789545460.745003) can0 39F#3E0500B800002DAE
(1789545460.745225) can0 3A4#0000000000000000
(1789545460.844649) can0 3A2#000028B803FF006C
(1789545460.844868) can0 39F#3E0500B800002EAD
(1789545460.845122) can0 3A4#0000000000000000
(1789545460.944668) can0 3A2#000028BC03FF0068
(1789545460.944879) can0 39F#3E0500B800002FAC
(1789545460.945124) can0 3A4#0000000000000000
(1789545461.044952) can0 3A2#0000288003FF0054
(1789545461.045145) can0 39F#3E0500B8000020A3
(1789545461.045389) can0 3A4#0000000000000000
(1789545461.144688) can0 3A2#0000288403FF0050
(1789545461.144908) can0 39F#3E0500B8000021A2
(1789545461.145151) can0 3A4#0000000000000000
(1789545461.244767) can0 3A2#0000288803FF005C
(1789545461.244974) can0 39F#3E0500B8000022A1
(1789545461.245223) can0 3A4#0000000000000000
(1789545461.344664) can0 3A2#0000288C03FF0058
(1789545461.344894) can0 39F#3E0500B8000023A0
(1789545461.345138) can0 3A4#0000000000000000
(1789545461.444737) can0 3A2#0000289003FF0044
(1789545461.444958) can0 39F#3E0500B8000024A7
(1789545461.445217) can0 3A4#0000000000000000
(1789545461.544828) can0 3A2#0000289403FF0040
(1789545461.545120) can0 39F#3E0500B8000025A6
(1789545461.545288) can0 3A4#0000000000000000
(1789545461.644678) can0 3A2#0000289803FF004C
(1789545461.644879) can0 39F#3E0500B8000026A5
(1789545461.645149) can0 3A4#0000000000000000
(1789545461.744768) can0 3A2#0000289C03FF0048
(1789545461.744982) can0 39F#3E0500B8000027A4
(1789545461.745230) can0 3A4#0000000000000000
(1789545461.844706) can0 3A2#000028A003FF0074
(1789545461.844915) can0 39F#3E0500B8000028AB
(1789545461.845170) can0 3A4#0000000000000000
(1789545461.944764) can0 3A2#000028A403FF0070
(1789545461.944969) can0 39F#3E0500B8000029AA
(1789545461.945217) can0 3A4#0000000000000000
(1789545462.044808) can0 3A2#000028A803FF007C
(1789545462.045022) can0 39F#3E0500B800002AA9
(1789545462.045270) can0 3A4#0000000000000000
(1789545462.144819) can0 3A2#000028AC03FF0078
(1789545462.145008) can0 39F#3E0500B800002BA8
(1789545462.145254) can0 3A4#0000000000000000
(1789545462.244711) can0 3A2#000028B003FF0064
(1789545462.244906) can0 39F#3E0500B800002CAF
(1789545462.245198) can0 3A4#0000000000000000
(1789545462.344773) can0 3A2#000028B403FF0060
(1789545462.344966) can0 39F#3E0500B800002DAE
(1789545462.345232) can0 3A4#0000000000000000
(1789545462.444813) can0 3A2#000028B803FF006C
(1789545462.445019) can0 39F#3E0500B800002EAD
(1789545462.445265) can0 3A4#0000000000000000
(1789545462.544778) can0 3A2#000028BC03FF0068
(1789545462.544969) can0 39F#3E0500B800002FAC
(1789545462.545239) can0 3A4#0000000000000000
(1789545462.644726) can0 3A2#0000288003FF0054
(1789545462.644918) can0 39F#3E0500B8000020A3
(1789545462.645167) can0 3A4#0000000000000000
(1789545462.744820) can0 3A2#0000288403FF0050
(1789545462.745022) can0 39F#3E0500B8000021A2
(1789545462.745282) can0 3A4#0000000000000000
(1789545462.844725) can0 3A2#0000288803FF005C
(1789545462.844942) can0 39F#3E0500B8000022A1
(1789545462.845185) can0 3A4#0000000000000000
(1789545462.944807) can0 3A2#0000288C03FF0058
(1789545462.945007) can0 39F#3E0500B8000023A0
(1789545462.945296) can0 3A4#0000000000000000
(1789545463.044988) can0 3A2#0000289003FF0044
(1789545463.045198) can0 39F#3E0500B8000024A7
(1789545463.045447) can0 3A4#0000000000000000
(1789545463.144735) can0 3A2#0000289403FF0040
(1789545463.144956) can0 39F#3E0500B8000025A6
(1789545463.145200) can0 3A4#0000000000000000
(1789545463.244842) can0 3A2#0000289803FF004C
(1789545463.245038) can0 39F#3E0500B8000026A5
(1789545463.245335) can0 3A4#0000000000000000
(1789545463.344741) can0 3A2#0000289C03FF0048
(1789545463.344956) can0 39F#3E0500B8000027A4
(1789545463.345198) can0 3A4#0000000000000000
(1789545463.444853) can0 3A2#000028A003FF0074
(1789545463.445052) can0 39F#3E0500B8000028AB
(1789545463.445365) can0 3A4#0000000000000000
(1789545463.544879) can0 3A2#000028A403FF0070
(1789545463.545119) can0 39F#3E0500B8000029AA
(1789545463.545379) can0 3A4#0000000000000000
(1789545463.644753) can0 3A2#000028A803FF007C
(1789545463.644956) can0 39F#3E0500B800002AA9
(1789545463.645209) can0 3A4#0000000000000000
(1789545463.744745) can0 3A2#000028AC03FF0078
(1789545463.744968) can0 39F#3E0500B800002BA8
(1789545463.745222) can0 3A4#0000000000000000
(1789545463.844853) can0 3A2#000028B003FF0064
(1789545463.845078) can0 39F#3E0500B800002CAF
(1789545463.845324) can0 3A4#0000000000000000
(1789545463.944758) can0 3A2#000028B403FF0060
(1789545463.944980) can0 39F#3E0500B800002DAE
(1789545463.945233) can0 3A4#0000000000000000
(1789545464.044877) can0 3A2#000028B803FF006C
(1789545464.045083) can0 39F#3E0500B800002EAD
(1789545464.045334) can0 3A4#0000000000000000
(1789545464.144760) can0 3A2#000028BC03FF0068
(1789545464.144988) can0 39F#3E0500B800002FAC
(1789545464.145235) can0 3A4#0000000000000000
(1789545464.244770) can0 3A2#0000288003FF0054
(1789545464.244994) can0 39F#3E0500B8000020A3
(1789545464.245243) can0 3A4#0000000000000000
(1789545464.344874) can0 3A2#0000288403FF0050
(1789545464.345084) can0 39F#3E0500B8000021A2
(1789545464.345353) can0 3A4#0000000000000000
(1789545464.444761) can0 3A2#0000288803FF005C
(1789545464.444986) can0 39F#3E0500B8000022A1
(1789545464.445233) can0 3A4#0000000000000000
(1789545464.544917) can0 3A2#0000288C03FF0058
(1789545464.545144) can0 39F#3E0500B8000023A0
(1789545464.545389) can0 3A4#0000000000000000
(1789545464.644796) can0 3A2#0000289003FF0044
(1789545464.645003) can0 39F#3E0500B8000024A7
(1789545464.645262) can0 3A4#0000000000000000
(1789545464.744803) can0 3A2#0000289403FF0040
(1789545464.745015) can0 39F#3E0500B8000025A6
(1789545464.745251) can0 3A4#0000000000000000
(1789545464.844894) can0 3A2#0000289803FF004C
(1789545464.845104) can0 39F#3E0500B8000026A5
(1789545464.845360) can0 3A4#0000000000000000
(1789545464.944897) can0 3A2#0000289C03FF0048
(1789545464.945128) can0 39F#3E0500B8000027A4
(1789545464.945367) can0 3A4#0000000000000000
(1789545465.045226) can0 3A2#000028A003FF0074
(1789545465.045265) can0 39F#3E0500B8000028AB
(1789545465.045582) can0 3A4#0000000000000000
(1789545465.144806) can0 3A2#000028A403FF0070
(1789545465.145027) can0 39F#3E0500B8000029AA
(1789545465.145277) can0 3A4#0000000000000000
(1789545465.244892) can0 3A2#000028A803FF007C
(1789545465.245120) can0 39F#3E0500B800002AA9
(1789545465.245359) can0 3A4#0000000000000000
(1789545465.344836) can0 3A2#000028AC03FF0078
(1789545465.345034) can0 39F#3E0500B800002BA8
(1789545465.345272) can0 3A4#0000000000000000
(1789545465.444891) can0 3A2#000028B003FF0064
(1789545465.445091) can0 39F#3E0500B800002CAF
(1789545465.445359) can0 3A4#0000000000000000
(1789545465.544975) can0 3A2#000028B403FF0060
(1789545465.545179) can0 39F#3E0500B800002DAE
(1789545465.545463) can0 3A4#0000000000000000
(1789545465.644817) can0 3A2#000028B803FF006C
(1789545465.645049) can0 39F#3E0500B800002EAD
(1789545465.645288) can0 3A4#0000000000000000
(1789545465.744877) can0 3A2#000028BC03FF0068
(1789545465.745090) can0 39F#3E0500B800002FAC
(1789545465.745345) can0 3A4#0000000000000000
(1789545465.844901) can0 3A2#0000288003FF0054
(1789545465.845122) can0 39F#3E0500B8000020A3
(1789545465.845383) can0 3A4#0000000000000000
(1789545465.944830) can0 3A2#0000288403FF0050
(1789545465.945034) can0 39F#3E0500B8000021A2
(1789545465.945292) can0 3A4#0000000000000000
(1789545466.044975) can0 3A2#0000288803FF005C
(1789545466.045176) can0 39F#3E0500B8000022A1
(1789545466.045410) can0 3A4#0000000000000000
(1789545466.144916) can0 3A2#0000288C03FF0058
(1789545466.145041) can0 39F#3E0500B8000023A0
(1789545466.145295) can0 3A4#0000000000000000
(1789545466.244828) can0 3A2#0000289003FF0044
(1789545466.245050) can0 39F#3E0500B8000024A7
(1789545466.245301) can0 3A4#0000000000000000
(1789545466.344939) can0 3A2#0000289403FF0040
(1789545466.345162) can0 39F#3E0500B8000025A6
(1789545466.345410) can0 3A4#0000000000000000
(1789545466.444933) can0 3A2#0000289803FF004C
(1789545466.445146) can0 39F#3E0500B8000026A5
(1789545466.445394) can0 3A4#0000000000000000
(1789545466.544962) can0 3A2#0000289C03FF0048
(1789545466.545207) can0 39F#3E0500B8000027A4
(1789545466.545444) can0 3A4#0000000000000000
(1789545466.644860) can0 3A2#000028A003FF0074
(1789545466.645064) can0 39F#3E0500B8000028AB
(1789545466.645312) can0 3A4#0000000000000000
(1789545466.744872) can0 3A2#000028A403FF0070
(1789545466.745077) can0 39F#3E0500B8000029AA
(1789545466.745312) can0 3A4#0000000000000000
(1789545466.844956) can0 3A2#000028A803FF007C
(1789545466.845171) can0 39F#3E0500B800002AA9
(1789545466.845429) can0 3A4#0000000000000000
(1789545466.944889) can0 3A2#000028AC03FF0078
(1789545466.945095) can0 39F#3E0500B800002BA8
(1789545466.945337) can0 3A4#0000000000000000
(1789545467.045135) can0 3A2#000028B003FF0064
(1789545467.045339) can0 39F#3E0500B800002CAF
(1789545467.045595) can0 3A4#0000000000000000
(1789545467.144970) can0 3A2#000028B403FF0060
(1789545467.145186) can0 39F#3E0500B800002DAE
(1789545467.145441) can0 3A4#0000000000000000
(1789545467.244910) can0 3A2#000028B803FF006C
(1789545467.245081) can0 39F#3E0500B800002EAD
(1789545467.245350) can0 3A4#0000000000000000
(1789545467.345011) can0 3A2#000028BC03FF0068
(1789545467.345180) can0 39F#3E0500B800002FAC
(1789545467.345430) can0 3A4#0000000000000000
(1789545467.444857) can0 3A2#0000288003FF0054
(1789545467.445091) can0 39F#3E0500B8000020A3
(1789545467.445338) can0 3A4#0000000000000000
(1789545467.545049) can0 3A2#0000288403FF0050
(1789545467.545243) can0 39F#3E0500B8000021A2
(1789545467.545487) can0 3A4#0000000000000000
(1789545467.645006) can0 3A2#0000288803FF005C
(1789545467.645206) can0 39F#3E0500B8000022A1
(1789545467.645442) can0 3A4#0000000000000000
(1789545467.744988) can0 3A2#0000288C03FF0058
(1789545467.745206) can0 39F#3E0500B8000023A0
(1789545467.745456) can0 3A4#0000000000000000
(1789545467.844887) can0 3A2#0000289003FF0044
(1789545467.845107) can0 39F#3E0500B8000024A7
(1789545467.845357) can0 3A4#0000000000000000
(1789545467.945008) can0 3A2#0000289403FF0040
(1789545467.945183) can0 39F#3E0500B8000025A6
(1789545467.945443) can0 3A4#0000000000000000
(1789545468.045049) can0 3A2#0000289803FF004C
(1789545468.045254) can0 39F#3E0500B8000026A5
(1789545468.045512) can0 3A4#0000000000000000
(1789545468.144902) can0 3A2#0000289C03FF0048
(1789545468.145132) can0 39F#3E0500B8000027A4
(1789545468.145365) can0 3A4#0000000000000000
(1789545468.245048) can0 3A2#000028A003FF0074
(1789545468.245242) can0 39F#3E0500B8000028AB
(1789545468.245485) can0 3A4#0000000000000000
(1789545468.344961) can0 3A2#000028A403FF0070
(1789545468.345192) can0 39F#3E0500B8000029AA
(1789545468.345439) can0 3A4#0000000000000000
(1789545468.445073) can0 3A2#000028A803FF007C
(1789545468.445233) can0 39F#3E0500B800002AA9
(1789545468.445470) can0 3A4#0000000000000000
(1789545468.544957) can0 3A2#000028AC03FF0078
(1789545468.545187) can0 39F#3E0500B800002BA8
(1789545468.545429) can0 3A4#0000000000000000
(1789545468.645019) can0 3A2#000028B003FF0064
(1789545468.645232) can0 39F#3E0500B800002CAF
(1789545468.645479) can0 3A4#0000000000000000
(1789545468.744917) can0 3A2#000028B403FF0060
(1789545468.745148) can0 39F#3E0500B800002DAE
(1789545468.745388) can0 3A4#0000000000000000
(1789545468.845015) can0 3A2#000028B803FF006C
(1789545468.845212) can0 39F#3E0500B800002EAD
(1789545468.845477) can0 3A4#0000000000000000
(1789545468.945029) can0 3A2#000028BC03FF0068
(1789545468.945240) can0 39F#3E0500B800002FAC
(1789545468.945484) can0 3A4#0000000000000000
(1789545469.045180) can0 3A2#0000288003FF0054
(1789545469.045402) can0 39F#3E0500B8000020A3
(1789545469.045657) can0 3A4#0000000000000000
(1789545469.145021) can0 3A2#0000288403FF0050
(1789545469.145259) can0 39F#3E0500B8000021A2
(1789545469.145494) can0 3A4#0000000000000000
(1789545469.244937) can0 3A2#0000288803FF005C
(1789545469.245167) can0 39F#3E0500B8000022A1
(1789545469.245409) can0 3A4#0000000000000000
(1789545469.345015) can0 3A2#0000288C03FF0058
(1789545469.345221) can0 39F#3E0500B8000023A0
(1789545469.345468) can0 3A4#0000000000000000
(1789545469.444949) can0 3A2#0000289003FF0044
(1789545469.445177) can0 39F#3E0500B8000024A7
(1789545469.445425) can0 3A4#0000000000000000
(1789545469.544995) can0 3A2#0000289403FF0040
(1789545469.545217) can0 39F#3E0500B8000025A6
(1789545469.545476) can0 3A4#0000000000000000
(1789545469.645042) can0 3A2#0000289803FF004C
(1789545469.645251) can0 39F#3E0500B8000026A5
(1789545469.645497) can0 3A4#0000000000000000
(1789545469.744968) can0 3A2#0000289C03FF0048
(1789545469.745213) can0 39F#3E0500B8000027A4
(1789545469.745436) can0 3A4#0000000000000000
(1789545469.845067) can0 3A2#000028A003FF0074
(1789545469.845269) can0 39F#3E0500B8000028AB
(1789545469.845524) can0 3A4#0000000000000000
(1789545469.944979) can0 3A2#000028A403FF0070
(1789545469.945169) can0 39F#3E0500B8000029AA
(1789545469.945419) can0 3A4#0000000000000000
(1789545470.045014) can0 3A2#000028A803FF007C
(1789545470.045257) can0 39F#3E0500B800002AA9
(1789545470.045488) can0 3A4#0000000000000000
(1789545470.145178) can0 3A2#000028AC03FF0078
(1789545470.145294) can0 39F#3E0500B800002BA8
(1789545470.145529) can0 3A4#0000000000000000
(1789545470.245072) can0 3A2#000028B003FF0064
(1789545470.245290) can0 39F#3E0500B800002CAF
(1789545470.245542) can0 3A4#0000000000000000
(1789545470.344995) can0 3A2#000028B403FF0060
(1789545470.345180) can0 39F#3E0500B800002DAE
(1789545470.345439) can0 3A4#0000000000000000
(1789545470.444994) can0 3A2#000028B803FF006C
(1789545470.445197) can0 39F#3E0500B800002EAD
(1789545470.445455) can0 3A4#0000000000000000
(1789545470.545142) can0 3A2#000028BC03FF0068
(1789545470.545343) can0 39F#3E0500B800002FAC
(1789545470.545600) can0 3A4#0000000000000000
(1789545470.644993) can0 3A2#0000288003FF0054
(1789545470.645227) can0 39F#3E0500B8000020A3
(1789545470.645468) can0 3A4#0000000000000000
(1789545470.745013) can0 3A2#0000288403FF0050
(1789545470.745248) can0 39F#3E0500B8000021A2
(1789545470.745486) can0 3A4#0000000000000000
(1789545470.845047) can0 3A2#0000288803FF005C
(1789545470.845278) can0 39F#3E0500B8000022A1
(1789545470.845520) can0 3A4#0000000000000000
(1789545470.945098) can0 3A2#0000288C03FF0058
(1789545470.945302) can0 39F#3E0500B8000023A0
(1789545470.945561) can0 3A4#0000000000000000
(1789545471.045331) can0 3A2#0000289003FF0044
(1789545471.045525) can0 39F#3E0500B8000024A7
(1789545471.045766) can0 3A4#0000000000000000
(1789545471.145012) can0 3A2#0000289403FF0040
(1789545471.145216) can0 39F#3E0500B8000025A6
(1789545471.145479) can0 3A4#0000000000000000
(1789545471.245192) can0 3A2#0000289803FF004C
(1789545471.245301) can0 39F#3E0500B8000026A5
(1789545471.245552) can0 3A4#0000000000000000
(1789545471.345025) can0 3A2#0000289C03FF0048
(1789545471.345218) can0 39F#3E0500B8000027A4
(1789545471.345466) can0 3A4#0000000000000000
(1789545471.445113) can0 3A2#000028A003FF0074
(1789545471.445320) can0 39F#3E0500B8000028AB
(1789545471.445593) can0 3A4#0000000000000000
(1789545471.545126) can0 3A2#000028A403FF0070
(1789545471.545331) can0 39F#3E0500B8000029AA
(1789545471.545589) can0 3A4#0000000000000000
(1789545471.645015) can0 3A2#000028A803FF007C
(1789545471.645246) can0 39F#3E0500B800002AA9
(1789545471.645492) can0 3A4#0000000000000000
(1789545471.745023) can0 3A2#000028AC03FF0078
(1789545471.745238) can0 39F#3E0500B800002BA8
(1789545471.745500) can0 3A4#0000000000000000
(1789545471.845087) can0 3A2#000028B003FF0064
(1789545471.845287) can0 39F#3E0500B800002CAF
(1789545471.845553) can0 3A4#0000000000000000
(1789545471.945141) can0 3A2#000028B403FF0060
(1789545471.945349) can0 39F#3E0500B800002DAE
(1789545471.945589) can0 3A4#0000000000000000
(1789545472.045092) can0 3A2#000028B803FF006C
(1789545472.045296) can0 39F#3E0500B800002EAD
(1789545472.045568) can0 3A4#0000000000000000
(1789545472.145037) can0 3A2#000028BC03FF0068
(1789545472.145267) can0 39F#3E0500B800002FAC
(1789545472.145540) can0 3A4#0000000000000000
(1789545472.245138) can0 3A2#0000288003FF0054
(1789545472.245368) can0 39F#3E0500B8000020A3
(1789545472.245608) can0 3A4#0000000000000000
(1789545472.345049) can0 3A2#0000288403FF0050
(1789545472.345253) can0 39F#3E0500B8000021A2
(1789545472.345563) can0 3A4#0000000000000000
(1789545472.445118) can0 3A2#0000288803FF005C
(1789545472.445341) can0 39F#3E0500B8000022A1
(1789545472.445578) can0 3A4#0000000000000000
(1789545472.545191) can0 3A2#0000288C03FF0058
(1789545472.545406) can0 39F#3E0500B8000023A0
(1789545472.545669) can0 3A4#0000000000000000
(1789545472.645068) can0 3A2#0000289003FF0044
(1789545472.645269) can0 39F#3E0500B8000024A7
(1789545472.645521) can0 3A4#0000000000000000
(1789545472.745116) can0 3A2#0000289403FF0040
(1789545472.745352) can0 39F#3E0500B8000025A6
(1789545472.745623) can0 3A4#0000000000000000
(1789545472.845172) can0 3A2#0000289803FF004C
(1789545472.845387) can0 39F#3E0500B8000026A5
(1789545472.845640) can0 3A4#0000000000000000
(1789545472.945072) can0 3A2#0000289C03FF0048
(1789545472.945280) can0 39F#3E0500B8000027A4
(1789545472.945531) can0 3A4#0000000000000000
(1789545473.045332) can0 3A2#000028A003FF0074
(1789545473.045548) can0 39F#3E0500B8000028AB
(1789545473.045795) can0 3A4#0000000000000000
(1789545473.145174) can0 3A2#000028A403FF0070
(1789545473.145378) can0 39F#3E0500B8000029AA
(1789545473.145674) can0 3A4#0000000000000000
(1789545473.245084) can0 3A2#000028A803FF007C
(1789545473.245293) can0 39F#3E0500B800002AA9
(1789545473.245534) can0 3A4#0000000000000000
(1789545473.345079) can0 3A2#000028AC03FF0078
(1789545473.345314) can0 39F#3E0500B800002BA8
(1789545473.345565) can0 3A4#0000000000000000
(1789545473.445168) can0 3A2#000028B003FF0064
(1789545473.445405) can0 39F#3E0500B800002CAF
(1789545473.445640) can0 3A4#0000000000000000
(1789545473.545238) can0 3A2#000028B403FF0060
(1789545473.545470) can0 39F#3E0500B800002DAE
(1789545473.545731) can0 3A4#0000000000000000
(1789545473.645098) can0 3A2#000028B803FF006C
(1789545473.645313) can0 39F#3E0500B800002EAD
(1789545473.645567) can0 3A4#0000000000000000
(1789545473.745165) can0 3A2#000028BC03FF0068
(1789545473.745379) can0 39F#3E0500B800002FAC
(1789545473.745638) can0 3A4#0000000000000000
(1789545473.845095) can0 3A2#0000288003FF0054
(1789545473.845319) can0 39F#3E0500B8000020A3
(1789545473.845568) can0 3A4#0000000000000000
(1789545473.945195) can0 3A2#0000288403FF0050
(1789545473.945425) can0 39F#3E0500B8000021A2
(1789545473.945658) can0 3A4#0000000000000000
(1789545474.045155) can0 3A2#0000288803FF005C
(1789545474.045376) can0 39F#3E0500B8000022A1
(1789545474.045615) can0 3A4#0000000000000000
(1789545474.145175) can0 3A2#0000288C03FF0058
(1789545474.145397) can0 39F#3E0500B8000023A0
(1789545474.145638) can0 3A4#0000000000000000
(1789545474.245186) can0 3A2#0000289003FF0044
(1789545474.245390) can0 39F#3E0500B8000024A7
(1789545474.245670) can0 3A4#0000000000000000
(1789545474.345232) can0 3A2#0000289403FF0040
(1789545474.345435) can0 39F#3E0500B8000025A6
(1789545474.345683) can0 3A4#0000000000000000
(1789545474.445121) can0 3A2#0000289803FF004C
(1789545474.445322) can0 39F#3E0500B8000026A5
(1789545474.445600) can0 3A4#0000000000000000
(1789545474.545248) can0 3A2#0000289C03FF0048
(1789545474.545459) can0 39F#3E0500B8000027A4
(1789545474.545717) can0 3A4#0000000000000000
(1789545474.645138) can0 3A2#000028A003FF0074
(1789545474.645349) can0 39F#3E0500B8000028AB
(1789545474.645581) can0 3A4#0000000000000000
(1789545474.745228) can0 3A2#000028A403FF0070
(1789545474.745444) can0 39F#3E0500B8000029AA
(1789545474.745687) can0 3A4#0000000000000000
(1789545474.845158) can0 3A2#000028A803FF007C
(1789545474.845353) can0 39F#3E0500B800002AA9
(1789545474.845593) can0 3A4#0000000000000000
(1789545474.945139) can0 3A2#000028AC03FF0078
(1789545474.945343) can0 39F#3E0500B800002BA8
(1789545474.945588) can0 3A4#0000000000000000
(1789545475.045455) can0 3A2#000028B003FF0064
(1789545475.045690) can0 39F#3E0500B800002CAF
(1789545475.045929) can0 3A4#0000000000000000
(1789545475.145255) can0 3A2#000028B403FF0060
(1789545475.145464) can0 39F#3E0500B800002DAE
(1789545475.145722) can0 3A4#0000000000000000
(1789545475.245218) can0 3A2#000028B803FF006C
(1789545475.245420) can0 39F#3E0500B800002EAD
(1789545475.245685) can0 3A4#0000000000000000
(1789545475.345259) can0 3A2#000028BC03FF0068
(1789545475.345464) can0 39F#3E0500B800002FAC
(1789545475.345706) can0 3A4#0000000000000000
(1789545475.445149) can0 3A2#0000288003FF0054
(1789545475.445380) can0 39F#3E0500B8000020A3
(1789545475.445620) can0 3A4#0000000000000000
(1789545475.545285) can0 3A2#0000288403FF0050
(1789545475.545517) can0 39F#3E0500B8000021A2
(1789545475.545770) can0 3A4#0000000000000000
(1789545475.645235) can0 3A2#0000288803FF005C
(1789545475.645437) can0 39F#3E0500B8000022A1
(1789545475.645683) can0 3A4#0000000000000000
(1789545475.745212) can0 3A2#0000288C03FF0058
(1789545475.745469) can0 39F#3E0500B8000023A0
(1789545475.745692) can0 3A4#0000000000000000
(1789545475.845261) can0 3A2#0000289003FF0044
(1789545475.845470) can0 39F#3E0500B8000024A7
(1789545475.845718) can0 3A4#0000000000000000
(1789545475.945156) can0 3A2#0000289403FF0040
(1789545475.945378) can0 39F#3E0500B8000025A6
(1789545475.945630) can0 3A4#0000000000000000
(1789545476.045215) can0 3A2#0000289803FF004C
(1789545476.045441) can0 39F#3E0500B8000026A5
(1789545476.045689) can0 3A4#0000000000000000
(1789545476.145202) can0 3A2#0000289C03FF0048
(1789545476.145426) can0 39F#3E0500B8000027A4
(1789545476.145685) can0 3A4#0000000000000000
(1789545476.245260) can0 3A2#000028A003FF0074
(1789545476.245471) can0 39F#3E0500B8000028AB
(1789545476.245722) can0 3A4#0000000000000000
(1789545476.345280) can0 3A2#000028A403FF0070
(1789545476.345391) can0 39F#3E0500B8000029AA
(1789545476.345659) can0 3A4#0000000000000000
(1789545476.445254) can0 3A2#000028A803FF007C
(1789545476.445468) can0 39F#3E0500B800002AA9
(1789545476.445722) can0 3A4#0000000000000000
(1789545476.545356) can0 3A2#000028AC03FF0078
(1789545476.545561) can0 39F#3E0500B800002BA8
(1789545476.545799) can0 3A4#0000000000000000
(1789545476.645282) can0 3A2#000028B003FF0064
(1789545476.645474) can0 39F#3E0500B800002CAF
(1789545476.645717) can0 3A4#0000000000000000
(1789545476.745196) can0 3A2#000028B403FF0060
(1789545476.745421) can0 39F#3E0500B800002DAE
(1789545476.745668) can0 3A4#0000000000000000
(1789545476.845267) can0 3A2#000028B803FF006C
(1789545476.845499) can0 39F#3E0500B800002EAD
(1789545476.845743) can0 3A4#0000000000000000
(1789545476.945214) can0 3A2#000028BC03FF0068
(1789545476.945434) can0 39F#3E0500B800002FAC
(1789545476.945707) can0 3A4#0000000000000000
(1789545477.045475) can0 3A2#0000288003FF0054
(1789545477.045684) can0 39F#3E0500B8000020A3
(1789545477.045932) can0 3A4#0000000000000000
(1789545477.145286) can0 3A2#0000288403FF0050
(1789545477.145502) can0 39F#3E0500B8000021A2
(1789545477.145761) can0 3A4#0000000000000000
(1789545477.245307) can0 3A2#0000288803FF005C
(1789545477.245516) can0 39F#3E0500B8000022A1
(1789545477.245776) can0 3A4#0000000000000000
(1789545477.345267) can0 3A2#0000288C03FF0058
(1789545477.345432) can0 39F#3E0500B8000023A0
(1789545477.345684) can0 3A4#0000000000000000
(1789545477.445294) can0 3A2#0000289003FF0044
(1789545477.445498) can0 39F#3E0500B8000024A7
(1789545477.445738) can0 3A4#0000000000000000
(1789545477.545402) can0 3A2#0000289403FF0040
(1789545477.545590) can0 39F#3E0500B8000025A6
(1789545477.545837) can0 3A4#0000000000000000
(1789545477.645216) can0 3A2#0000289803FF004C
(1789545477.645469) can0 39F#3E0500B8000026A5
(1789545477.645699) can0 3A4#0000000000000000
(1789545477.745332) can0 3A2#0000289C03FF0048
(1789545477.745557) can0 39F#3E0500B8000027A4
(1789545477.745795) can0 3A4#0000000000000000
(1789545477.845331) can0 3A2#000028A003FF0074
(1789545477.845524) can0 39F#3E0500B8000028AB
(1789545477.845788) can0 3A4#0000000000000000
(1789545477.945358) can0 3A2#000028A403FF0070
(1789545477.945560) can0 39F#3E0500B8000029AA
(1789545477.945810) can0 3A4#0000000000000000
(1789545478.045371) can0 3A2#000028A803FF007C
(1789545478.045568) can0 39F#3E0500B800002AA9
(1789545478.045808) can0 3A4#0000000000000000
(1789545478.145262) can0 3A2#000028AC03FF0078
(1789545478.145460) can0 39F#3E0500B800002BA8
(1789545478.145699) can0 3A4#0000000000000000
(1789545478.245296) can0 3A2#000028B003FF0064
(1789545478.245509) can0 39F#3E0500B800002CAF
(1789545478.245765) can0 3A4#0000000000000000
(1789545478.345412) can0 3A2#000028B403FF0060
(1789545478.345578) can0 39F#3E0500B800002DAE
(1789545478.345821) can0 3A4#0000000000000000
(1789545478.445313) can0 3A2#000028B803FF006C
(1789545478.445516) can0 39F#3E0500B800002EAD
(1789545478.445781) can0 3A4#0000000000000000
(1789545478.545421) can0 3A2#000028BC03FF0068
(1789545478.545626) can0 39F#3E0500B800002FAC
(1789545478.545878) can0 3A4#0000000000000000
(1789545478.645302) can0 3A2#0000288003FF0054
(1789545478.645521) can0 39F#3E0500B8000020A3
(1789545478.645764) can0 3A4#0000000000000000
(1789545478.745343) can0 3A2#0000288403FF0050
(1789545478.745554) can0 39F#3E0500B8000021A2
(1789545478.745793) can0 3A4#0000000000000000
(1789545478.845386) can0 3A2#0000288803FF005C
(1789545478.845587) can0 39F#3E0500B8000022A1
(1789545478.845839) can0 3A4#0000000000000000
(1789545478.945280) can0 3A2#0000288C03FF0058
(1789545478.945496) can0 39F#3E0500B8000023A0
(1789545478.945744) can0 3A4#0000000000000000
(1789545479.045545) can0 3A2#0000289003FF0044
(1789545479.045744) can0 39F#3E0500B8000024A7
(1789545479.045988) can0 3A4#0000000000000000
(1789545479.145283) can0 3A2#0000289403FF0040
(1789545479.145489) can0 39F#3E0500B8000025A6
(1789545479.145735) can0 3A4#0000000000000000
(1789545479.245384) can0 3A2#0000289803FF004C
(1789545479.245595) can0 39F#3E0500B8000026A5
(1789545479.245850) can0 3A4#0000000000000000
(1789545479.345302) can0 3A2#0000289C03FF0048
(1789545479.345513) can0 39F#3E0500B8000027A4
(1789545479.345771) can0 3A4#0000000000000000
(1789545479.445404) can0 3A2#000028A003FF0074
(1789545479.445632) can0 39F#3E0500B8000028AB
(1789545479.445871) can0 3A4#0000000000000000
(1789545479.545373) can0 3A2#000028A403FF0070
(1789545479.545588) can0 39F#3E0500B8000029AA
(1789545479.545836) can0 3A4#0000000000000000
(1789545479.645390) can0 3A2#000028A803FF007C
(1789545479.645609) can0 39F#3E0500B800002AA9
(1789545479.645862) can0 3A4#0000000000000000
(1789545479.745392) can0 3A2#000028AC03FF0078
(1789545479.745613) can0 39F#3E0500B800002BA8
(1789545479.745873) can0 3A4#0000000000000000
(1789545479.845300) can0 3A2#000028B003FF0064
(1789545479.845587) can0 39F#3E0500B800002CAF
(1789545479.845782) can0 3A4#0000000000000000
(1789545479.945358) can0 3A2#000028B403FF0060
(1789545479.945594) can0 39F#3E0500B800002DAE
(1789545479.945851) can0 3A4#0000000000000000
(1789545480.045472) can0 3A2#000028B803FF006C
(1789545480.045672) can0 39F#3E0500B800002EAD
(1789545480.045913) can0 3A4#0000000000000000
(1789545480.145380) can0 3A2#000028BC03FF0068
(1789545480.145620) can0 39F#3E0500B800002FAC
(1789545480.145847) can0 3A4#0000000000000000
(1789545480.245314) can0 3A2#0000288003FF0054
(1789545480.245528) can0 39F#3E0500B8000020A3
(1789545480.245784) can0 3A4#0000000000000000
(1789545480.345468) can0 3A2#0000288403FF0050
(1789545480.345657) can0 39F#3E0500B8000021A2
(1789545480.345848) can0 3A4#0000000000000000
(1789545480.445414) can0 3A2#0000288803FF005C
(1789545480.445667) can0 39F#3E0500B8000022A1
(1789545480.445899) can0 3A4#0000000000000000
(1789545480.545422) can0 3A2#0000288C03FF0058
(1789545480.545673) can0 39F#3E0500B8000023A0
(1789545480.545868) can0 3A4#0000000000000000
(1789545480.645447) can0 3A2#0000289003FF0044
(1789545480.645692) can0 39F#3E0500B8000024A7
(1789545480.645887) can0 3A4#0000000000000000
(1789545480.745392) can0 3A2#0000289403FF0040
(1789545480.745607) can0 39F#3E0500B8000025A6
(1789545480.745862) can0 3A4#0000000000000000
(1789545480.845396) can0 3A2#0000289803FF004C
(1789545480.845624) can0 39F#3E0500B8000026A5
(1789545480.845859) can0 3A4#0000000000000000
(1789545480.945443) can0 3A2#0000289C03FF0048
(1789545480.945733) can0 39F#3E0500B8000027A4
(1789545480.945904) can0 3A4#0000000000000000
(1789545481.045692) can0 3A2#000028A003FF0074
(1789545481.045893) can0 39F#3E0500B8000028AB
(1789545481.046143) can0 3A4#0000000000000000
(1789545481.145419) can0 3A2#000028A403FF0070
(1789545481.145647) can0 39F#3E0500B8000029AA
(1789545481.145910) can0 3A4#0000000000000000
(1789545481.245348) can0 3A2#000028A803FF007C
(1789545481.245575) can0 39F#3E0500B800002AA9
(1789545481.245833) can0 3A4#0000000000000000
(1789545481.345447) can0 3A2#000028AC03FF0078
(1789545481.345635) can0 39F#3E0500B800002BA8
(1789545481.345878) can0 3A4#0000000000000000
(1789545481.445422) can0 3A2#000028B003FF0064
(1789545481.445574) can0 39F#3E0500B800002CAF
(1789545481.445834) can0 3A4#0000000000000000
(1789545481.545517) can0 3A2#000028B403FF0060
(1789545481.545722) can0 39F#3E0500B800002DAE
(1789545481.545992) can0 3A4#0000000000000000
(1789545481.645439) can0 3A2#000028B803FF006C
(1789545481.645649) can0 39F#3E0500B800002EAD
(1789545481.645906) can0 3A4#0000000000000000
(1789545481.745364) can0 3A2#000028BC03FF0068
(1789545481.745586) can0 39F#3E0500B800002FAC
(1789545481.745844) can0 3A4#0000000000000000
(1789545481.845423) can0 3A2#0000288003FF0054
(1789545481.845655) can0 39F#3E0500B8000020A3
(1789545481.845896) can0 3A4#0000000000000000
(1789545481.945400) can0 3A2#0000288403FF0050
(1789545481.945589) can0 39F#3E0500B8000021A2
(1789545481.945863) can0 3A4#0000000000000000
(1789545482.045520) can0 3A2#0000288803FF005C
(1789545482.045741) can0 39F#3E0500B8000022A1
(1789545482.045999) can0 3A4#0000000000000000
(1789545482.145425) can0 3A2#0000288C03FF0058
(1789545482.145627) can0 39F#3E0500B8000023A0
(1789545482.145887) can0 3A4#0000000000000000
(1789545482.245487) can0 3A2#0000289003FF0044
(1789545482.245706) can0 39F#3E0500B8000024A7
(1789545482.245951) can0 3A4#0000000000000000
(1789545482.345451) can0 3A2#0000289403FF0040
(1789545482.345673) can0 39F#3E0500B8000025A6
(1789545482.345924) can0 3A4#0000000000000000
(1789545482.445398) can0 3A2#0000289803FF004C
(1789545482.445604) can0 39F#3E0500B8000026A5
(1789545482.445865) can0 3A4#0000000000000000
(1789545482.545554) can0 3A2#0000289C03FF0048
(1789545482.545755) can0 39F#3E0500B8000027A4
(1789545482.546019) can0 3A4#0000000000000000
(1789545482.645487) can0 3A2#000028A003FF0074
(1789545482.645727) can0 39F#3E0500B8000028AB
(1789545482.645965) can0 3A4#0000000000000000
(1789545482.745424) can0 3A2#000028A403FF0070
(1789545482.745638) can0 39F#3E0500B8000029AA
(1789545482.745883) can0 3A4#0000000000000000
(1789545482.845523) can0 3A2#000028A803FF007C
(1789545482.845724) can0 39F#3E0500B800002AA9
(1789545482.845989) can0 3A4#0000000000000000
(1789545482.945490) can0 3A2#000028AC03FF0078
(1789545482.945691) can0 39F#3E0500B800002BA8
(1789545482.946001) can0 3A4#0000000000000000
(1789545483.045728) can0 3A2#000028B003FF0064
(1789545483.045936) can0 39F#3E0500B800002CAF
(1789545483.046196) can0 3A4#0000000000000000
(1789545483.145572) can0 3A2#000028B403FF0060
(1789545483.145728) can0 39F#3E0500B800002DAE
(1789545483.146020) can0 3A4#0000000000000000
(1789545483.245507) can0 3A2#000028B803FF006C
(1789545483.245705) can0 39F#3E0500B800002EAD
(1789545483.245970) can0 3A4#0000000000000000
(1789545483.345524) can0 3A2#000028BC03FF0068
(1789545483.345724) can0 39F#3E0500B800002FAC
(1789545483.345973) can0 3A4#0000000000000000
(1789545483.445519) can0 3A2#0000288003FF0054
(1789545483.445737) can0 39F#3E0500B8000020A3
(1789545483.445988) can0 3A4#0000000000000000
(1789545483.545589) can0 3A2#0000288403FF0050
(1789545483.545790) can0 39F#3E0500B8000021A2
(1789545483.546078) can0 3A4#0000000000000000
(1789545483.645496) can0 3A2#0000288803FF005C
(1789545483.645700) can0 39F#3E0500B8000022A1
(1789545483.645957) can0 3A4#0000000000000000
(1789545483.745432) can0 3A2#0000288C03FF0058
(1789545483.745654) can0 39F#3E0500B8000023A0
(1789545483.745901) can0 3A4#0000000000000000
(1789545483.845526) can0 3A2#0000289003FF0044
(1789545483.845744) can0 39F#3E0500B8000024A7
(1789545483.846010) can0 3A4#0000000000000000
(1789545483.945431) can0 3A2#0000289403FF0040
(1789545483.945642) can0 39F#3E0500B8000025A6
(1789545483.945910) can0 3A4#0000000000000000
(1789545484.045583) can0 3A2#0000289803FF004C
(1789545484.045789) can0 39F#3E0500B8000026A5
(1789545484.046039) can0 3A4#0000000000000000
(1789545484.145474) can0 3A2#0000289C03FF0048
(1789545484.145686) can0 39F#3E0500B8000027A4
(1789545484.145936) can0 3A4#0000000000000000
(1789545484.245547) can0 3A2#000028A003FF0074
(1789545484.245769) can0 39F#3E0500B8000028AB
(1789545484.246027) can0 3A4#0000000000000000
(1789545484.345474) can0 3A2#000028A403FF0070
(1789545484.345662) can0 39F#3E0500B8000029AA
(1789545484.345912) can0 3A4#0000000000000000
(1789545484.445573) can0 3A2#000028A803FF007C
(1789545484.445786) can0 39F#3E0500B800002AA9
(1789545484.446054) can0 3A4#0000000000000000
(1789545484.545613) can0 3A2#000028AC03FF0078
(1789545484.545820) can0 39F#3E0500B800002BA8
(1789545484.546088) can0 3A4#0000000000000000
(1789545484.645486) can0 3A2#000028B003FF0064
(1789545484.645702) can0 39F#3E0500B800002CAF
(1789545484.645955) can0 3A4#0000000000000000
(1789545484.745568) can0 3A2#000028B403FF0060
(1789545484.745795) can0 39F#3E0500B800002DAE
(1789545484.746040) can0 3A4#0000000000000000
(1789545484.845478) can0 3A2#000028B803FF006C
(1789545484.845690) can0 39F#3E0500B800002EAD
(1789545484.845936) can0 3A4#0000000000000000
(1789545484.945601) can0 3A2#000028BC03FF0068
(1789545484.945805) can0 39F#3E0500B800002FAC
(1789545484.946064) can0 3A4#0000000000000000
(1789545485.045744) can0 3A2#0000288003FF0054
(1789545485.045958) can0 39F#3E0500B8000020A3
(1789545485.046204) can0 3A4#0000000000000000
(1789545485.145501) can0 3A2#0000288403FF0050
(1789545485.145709) can0 39F#3E0500B8000021A2
(1789545485.145960) can0 3A4#0000000000000000
(1789545485.245551) can0 3A2#0000288803FF005C
(1789545485.245763) can0 39F#3E0500B8000022A1
(1789545485.246022) can0 3A4#0000000000000000
