(1791117053.863987) can0 297#0101E040FFFF8525
(1791117053.864227) can0 29B#BB967002FD100000
(1791117053.868632) can0 29C#2800000000000000
(1791117053.868910) can0 33F#0000000028000040
(1791117053.869189) can0 394#0036000010370312
(1791117053.869449) can0 396#3B6D4E2800454545
(1791117053.869782) can0 39A#0036020067000000
(1791117053.870038) can0 39B#3C3A820000000C88
(1791117053.913985) can0 297#0101E040FFFF8626
(1791117053.914234) can0 29B#BB967002FD100000
(1791117053.948955) can0 33B#1B00003F00008000
(1791117053.949171) can0 33D#0000A04000280000
(1791117053.949420) can0 323#0000000000001FAD
(1791117053.949651) can0 324#370000414400001F
(1791117053.949901) can0 3B7#0000400000084800
(1791117053.950170) can0 491#0000000000000000
(1791117053.963980) can0 297#0101E040FFFF8727
(1791117053.964220) can0 29B#BB967002FD100000
(1791117053.968647) can0 29C#2800000000000000
(1791117053.968903) can0 33F#0000000028000040
(1791117053.969182) can0 394#0036000010370415
(1791117053.969442) can0 396#3B6D4E2800454545
(1791117053.969795) can0 39A#0036020076C00000
(1791117053.970026) can0 39B#3C3A820000001094
(1791117054.013978) can0 297#0101E040FFFF8828
(1791117054.014220) can0 29B#BB967002FD100000
(1791117054.048971) can0 33B#1B00003F00008000
(1791117054.049181) can0 33D#0000A04000280000
(1791117054.049418) can0 323#0000000000001FAD
(1791117054.049667) can0 324#370000414400001F
(1791117054.049915) can0 3B7#0000400000094900
(1791117054.050154) can0 491#0000000000000000
(1791117054.063981) can0 297#0101E040FFFF8929
(1791117054.064216) can0 29B#BB967002FD100000
(1791117054.068707) can0 29C#2800000000000000
(1791117054.068944) can0 33F#0000000028000040
(1791117054.069211) can0 394#0036000010370514
(1791117054.069452) can0 396#3B6D4E2800454545
(1791117054.069744) can0 39A#0036020086800000
(1791117054.070028) can0 39B#3C3A820000001490
(1791117054.113982) can0 297#0101E040FFFF8A2A
(1791117054.114222) can0 29B#BB967002FD100000
(1791117054.149014) can0 33B#1B00003F00008000
(1791117054.149207) can0 323#0000000000001FAD
(1791117054.149452) can0 324#370000414400001F
(1791117054.149687) can0 33D#0000A04000280000
(1791117054.149907) can0 3B7#00004000000A4A00
(1791117054.150173) can0 491#0000000000000000
(1791117054.163980) can0 297#0101E040FFFF8B2B
(1791117054.164229) can0 29B#BB967002FD100000
(1791117054.168667) can0 29C#2800000000000000
(1791117054.168924) can0 33F#0000000028000040
(1791117054.169197) can0 394#0036000010370617
(1791117054.169452) can0 396#3B6D4E2800454545
(1791117054.169740) can0 39A#0036020096400000
(1791117054.170020) can0 39B#3C3A82000000189C
(1791117054.213998) can0 297#0101E040FFFF8C2C
(1791117054.214227) can0 29B#BB967002FD100000
(1791117054.249120) can0 33B#1B00003F00008000
(1791117054.249336) can0 323#0000000000001FAD
(1791117054.249566) can0 324#370000414400001F
(1791117054.249853) can0 33D#0000A04000280000
(1791117054.250062) can0 3B7#00004000000B4B00
(1791117054.250306) can0 491#0000000000000000
(1791117054.264034) can0 297#0101E040FFFF8D2D
(1791117054.264246) can0 29B#BB967002FD100000
(1791117054.268649) can0 29C#2800000000000000
(1791117054.268914) can0 33F#0000000028000040
(1791117054.269187) can0 394#0036000010370716
(1791117054.269446) can0 396#3B6D4E2800454545
(1791117054.269742) can0 39A#00360200A6000000
(1791117054.270013) can0 39B#3C3A820000001C98
(1791117054.313986) can0 297#0101E040FFFF8E2E
(1791117054.314236) can0 29B#BB967002FD100000
(1791117054.348978) can0 33B#1B00003F00008000
(1791117054.349199) can0 33D#0000A04000280000
(1791117054.349446) can0 323#0000000000001FC5
(1791117054.349670) can0 324#370000414400001F
(1791117054.349926) can0 3B7#00004000000C4C00
(1791117054.350167) can0 491#0000000000000000
(1791117054.363981) can0 297#0101E040FFFF8F2F
(1791117054.364232) can0 29B#BB967002FD100000
(1791117054.368644) can0 29C#2800000000000000
(1791117054.368899) can0 33F#0000000028000040
(1791117054.369187) can0 394#0036000010370819
(1791117054.369449) can0 396#3B6D4E2800454545
(1791117054.369738) can0 39A#00360200B5C00000
(1791117054.370018) can0 39B#3C3A8200000020A4
(1791117054.413991) can0 297#0101E040FFFF8020
(1791117054.414239) can0 29B#BB967002FD100000
(1791117054.449006) can0 33B#1B00003F00008000
(1791117054.449212) can0 323#0000000000001FC5
(1791117054.449460) can0 324#370000414400001F
(1791117054.449710) can0 33D#0000A04000280000
(1791117054.449960) can0 3B7#00004000000D4D00
(1791117054.450190) can0 491#0000000000000000
(1791117054.463977) can0 297#0101E040FFFF8121
(1791117054.464229) can0 29B#BB967002FD100000
(1791117054.468643) can0 29C#2800000000000000
(1791117054.468903) can0 33F#0000000028000040
(1791117054.469184) can0 394#0036000010370918
(1791117054.469445) can0 396#3B6D4E2800454545
(1791117054.469758) can0 39A#00360200C5800000
(1791117054.470034) can0 39B#3C3A8200000024A0
(1791117054.513978) can0 297#0101E040FFFF8222
(1791117054.514235) can0 29B#BB967002FD100000
(1791117054.549041) can0 33B#1B00003F00008000
(1791117054.549256) can0 323#0000000000001FC5
(1791117054.549503) can0 324#370000414400001F
(1791117054.549754) can0 33D#0000A04000280000
(1791117054.549996) can0 3B7#00004000000E4E00
(1791117054.550273) can0 491#0000000000000000
(1791117054.563979) can0 297#0101E040FFFF8323
(1791117054.564232) can0 29B#BB967002FD100000
(1791117054.568688) can0 29C#2800000000000000
(1791117054.568915) can0 33F#0000000028000040
(1791117054.569215) can0 394#0036000010370A1B
(1791117054.569458) can0 396#3B6D4E2800454545
(1791117054.569765) can0 39A#00360200D5400000
(1791117054.570021) can0 39B#3C3A8200000028AC
(1791117054.613989) can0 297#0101E040FFFF8424
(1791117054.614241) can0 29B#BB967002FD100000
(1791117054.649075) can0 33B#1B00003F00008000
(1791117054.649270) can0 323#0000000000001FC5
(1791117054.649502) can0 324#370000414400001F
(1791117054.649740) can0 33D#0000A04000280000
(1791117054.649981) can0 3B7#00004000000F4F00
(1791117054.650230) can0 491#0000000000000000
(1791117054.663999) can0 297#0101E040FFFF8525
(1791117054.664263) can0 29B#BB967002FD100000
(1791117054.668678) can0 29C#2800000000000000
(1791117054.668925) can0 33F#0000000028000040
(1791117054.669226) can0 394#0036000010370B1A
(1791117054.669484) can0 396#3B6D4E2800454545
(1791117054.669771) can0 39A#00360200E5000000
(1791117054.670030) can0 39B#3C3A820000002CA8
(1791117054.714017) can0 297#0101E040FFFF8626
(1791117054.714239) can0 29B#BB967002FD100000
(1791117054.749165) can0 33B#1B00003F00008000
(1791117054.749374) can0 323#0000000000001FC5
(1791117054.749622) can0 324#370000414400001F
(1791117054.749900) can0 33D#0000A04000280000
(1791117054.750115) can0 3B7#0000400000004000
(1791117054.750349) can0 491#0000000000000000
(1791117054.763973) can0 297#0101E040FFFF8727
(1791117054.764223) can0 29B#BB967002FD100000
(1791117054.768629) can0 29C#2800000000000000
(1791117054.768901) can0 33F#0000000028000040
(1791117054.769183) can0 394#0036000010370C1D
(1791117054.769450) can0 396#3B6D4E2800454545
(1791117054.769750) can0 39A#00360200F4C00000
(1791117054.770031) can0 39B#3C3A8200000030B4
(1791117054.813986) can0 297#0101E040FFFF8828
(1791117054.814232) can0 29B#BB967002FD100000
(1791117054.849110) can0 33B#1B00003F00008000
(1791117054.849331) can0 323#0000000000000000
(1791117054.849578) can0 324#370000414400001F
(1791117054.849818) can0 33D#0000A04000280000
(1791117054.850051) can0 3B7#0000400000014100
(1791117054.850309) can0 491#0000000000000000
(1791117054.863999) can0 297#0101E040FFFF8929
(1791117054.864254) can0 29B#BB967002FD100000
(1791117054.868660) can0 29C#2800000000000000
(1791117054.868925) can0 33F#0000000028000040
(1791117054.869198) can0 394#0036000010370D1C
(1791117054.869452) can0 396#3B6D4E2800454545
(1791117054.869746) can0 39A#0036020004800000
(1791117054.870030) can0 39B#3C3A8200000034B0
(1791117054.913991) can0 297#0101E040FFFF8A2A
(1791117054.914222) can0 29B#BB967002FD100000
(1791117054.949022) can0 33B#1B00003F00008000
(1791117054.949241) can0 323#0000000000000000
(1791117054.949480) can0 324#370000414400001F
(1791117054.949724) can0 33D#0000A04000280000
(1791117054.949969) can0 3B7#0000400000024200
(1791117054.950231) can0 491#0000000000000000
(1791117054.963991) can0 297#0101E040FFFF8B2B
(1791117054.964210) can0 29B#BB967002FD100000
(1791117054.968678) can0 29C#2800000000000000
(1791117054.968946) can0 33F#0000000028000040
(1791117054.969175) can0 394#0036000010370E1F
(1791117054.969465) can0 396#3B6D4E2800454545
(1791117054.969749) can0 39A#0036020014400000
(1791117054.970045) can0 39B#3C3A8200000038BC
(1791117055.013973) can0 297#0101E040FFFF8C2C
(1791117055.014218) can0 29B#BB967002FD100000
(1791117055.049121) can0 33B#1B00003F00008000
(1791117055.049344) can0 323#0000000000000000
(1791117055.049579) can0 324#370000414400001F
(1791117055.049824) can0 33D#0000A04000280000
(1791117055.050071) can0 3B7#0000400000034300
(1791117055.050325) can0 491#0000000000000000
(1791117055.063983) can0 297#0101E040FFFF8D2D
(1791117055.064240) can0 29B#BB967002FD100000
(1791117055.068654) can0 29C#2800000000000000
(1791117055.068949) can0 33F#0000000028000040
(1791117055.069181) can0 394#0036000010370F1E
(1791117055.069446) can0 396#3B6D4E2800454545
(1791117055.069735) can0 39A#0036020024000000
(1791117055.070022) can0 39B#3C3A820000003CB8
(1791117055.114003) can0 297#0101E040FFFF8E2E
(1791117055.114244) can0 29B#BB967002FD100000
(1791117055.149129) can0 33B#1B00003F00008000
(1791117055.149331) can0 323#0000000000000000
(1791117055.149580) can0 324#370000414400001F
(1791117055.149842) can0 33D#0000A04000280000
(1791117055.150079) can0 3B7#0000400000044400
(1791117055.150313) can0 491#0000000000000000
(1791117055.164045) can0 297#0101E040FFFF8F2F
(1791117055.164246) can0 29B#BB967002FD100000
(1791117055.168666) can0 29C#2800000000000000
(1791117055.168955) can0 33F#0000000028000040
(1791117055.169184) can0 394#0036000010370011
(1791117055.169442) can0 396#3B6D4E2800454545
(1791117055.169737) can0 39A#0036020033C00000
(1791117055.170025) can0 39B#3C3A820000000084
(1791117055.214031) can0 297#0101E040FFFF8020
(1791117055.214224) can0 29B#BB967002FD100000
(1791117055.249071) can0 33B#1B00003F00008000
(1791117055.249294) can0 323#0000000000000000
(1791117055.249531) can0 324#370000414400001F
(1791117055.249774) can0 33D#0000A04000280000
(1791117055.250025) can0 3B7#0000400000054500
(1791117055.250264) can0 491#0000000000000000
(1791117055.264009) can0 297#0101E040FFFF8121
(1791117055.264220) can0 29B#BB967002FD100000
(1791117055.268633) can0 29C#2800000000000000
(1791117055.268971) can0 33F#0000000028000040
(1791117055.269170) can0 394#0036000010370110
(1791117055.269445) can0 396#3B6D4E2800454545
(1791117055.269730) can0 39A#0036020043800000
(1791117055.270027) can0 39B#3C3A820000000480
(1791117055.314018) can0 297#0101E040FFFF8222
(1791117055.314217) can0 29B#BB967002FD100000
(1791117055.349044) can0 33B#1B00003F00008000
(1791117055.349252) can0 323#0000000000001D65
(1791117055.349492) can0 324#370000414400001F
(1791117055.349741) can0 33D#0000A04000280000
(1791117055.349989) can0 3B7#0000400000064600
(1791117055.350234) can0 491#0000000000000000
(1791117055.364017) can0 297#0101E040FFFF8323
(1791117055.364208) can0 29B#BB967002FD100000
(1791117055.368640) can0 29C#2800000000000000
(1791117055.368908) can0 33F#0000000028000040
(1791117055.369168) can0 394#0036000010370213
(1791117055.369457) can0 396#3B6D4E2800454545
(1791117055.369762) can0 39A#0036020053400000
(1791117055.370048) can0 39B#3C3A82000000088C
(1791117055.414028) can0 297#0101E040FFFF8424
(1791117055.414215) can0 29B#BB967002FD100000
(1791117055.449128) can0 33B#1B00003F00008000
(1791117055.449315) can0 323#0000000000001D65
(1791117055.449555) can0 324#370000414400001F
(1791117055.449812) can0 33D#0000A04000280000
(1791117055.450068) can0 3B7#0000400000074700
(1791117055.450343) can0 491#0000000000000000
(1791117055.464033) can0 297#0101E040FFFF8525
(1791117055.464218) can0 29B#BB967002FD100000
(1791117055.468686) can0 29C#2800000000000000
(1791117055.468907) can0 33F#0000000028000040
(1791117055.469204) can0 394#0036000010370312
(1791117055.469454) can0 396#3B6D4E2800454545
(1791117055.469746) can0 39A#0036020063000000
(1791117055.470025) can0 39B#3C3A820000000C88
(1791117055.514045) can0 297#0101E040FFFF8626
(1791117055.514236) can0 29B#BB967002FD100000
(1791117055.549090) can0 33B#1B00003F00008000
(1791117055.549270) can0 323#0000000000001D65
(1791117055.549515) can0 324#370000414400001F
(1791117055.549754) can0 33D#0000A04000280000
(1791117055.550016) can0 3B7#0000400000084800
(1791117055.550231) can0 491#0000000000000000
(1791117055.563970) can0 297#0101E040FFFF8727
(1791117055.564237) can0 29B#BB967002FD100000
(1791117055.568668) can0 29C#2800000000000000
(1791117055.568905) can0 33F#0000000028000040
(1791117055.569165) can0 394#0036000010370415
(1791117055.569435) can0 396#3B6D4E2800454545
(1791117055.569731) can0 39A#0036020072C00000
(1791117055.570010) can0 39B#3C3A820000001094
(1791117055.614101) can0 297#0101E040FFFF8828
(1791117055.614216) can0 29B#BB967002FD100000
(1791117055.649067) can0 33B#1B00003F00008000
(1791117055.649288) can0 323#0000000000001D65
(1791117055.649530) can0 324#370000414400001F
(1791117055.649793) can0 33D#0000A04000280000
(1791117055.650038) can0 3B7#0000400000094900
(1791117055.650267) can0 491#0000000000000000
(1791117055.663972) can0 297#0101E040FFFF8929
(1791117055.664218) can0 29B#BB967002FD100000
(1791117055.668621) can0 29C#2800000000000000
(1791117055.668898) can0 33F#0000000028000040
(1791117055.669174) can0 394#0036000010370514
(1791117055.669444) can0 396#3B6D4E2800454545
(1791117055.669744) can0 39A#0036020082800000
(1791117055.670021) can0 39B#3C3A820000001490
(1791117055.713972) can0 297#0101E040FFFF8A2A
(1791117055.714217) can0 29B#BB967002FD100000
(1791117055.749096) can0 33B#1B00003F00008000
(1791117055.749303) can0 323#0000000000001D65
(1791117055.749550) can0 324#370000414400001F
(1791117055.749791) can0 33D#0000A04000280000
(1791117055.750042) can0 3B7#00004000000A4A00
(1791117055.750284) can0 491#0000000000000000
(1791117055.763968) can0 297#0101E040FFFF8B2B
(1791117055.764211) can0 29B#BB967002FD100000
(1791117055.768633) can0 29C#2800000000000000
(1791117055.768892) can0 33F#0000000028000040
(1791117055.769168) can0 394#0036000010370617
(1791117055.769432) can0 396#3B6D4E2800454545
(1791117055.769736) can0 39A#0036020092400000
(1791117055.770046) can0 39B#3C3A82000000189C
(1791117055.813968) can0 297#0101E040FFFF8C2C
(1791117055.814210) can0 29B#BB967002FD100000
(1791117055.849089) can0 33B#1B00003F00008000
(1791117055.849268) can0 323#0000000000001FAD
(1791117055.849517) can0 324#370000414400001F
(1791117055.849747) can0 33D#0000A04000280000
(1791117055.850051) can0 3B7#00004000000B4B00
(1791117055.850252) can0 491#0000000000000000
(1791117055.863975) can0 297#0101E040FFFF8D2D
(1791117055.864216) can0 29B#BB967002FD100000
(1791117055.868676) can0 29C#2800000000000000
(1791117055.868923) can0 33F#0000000028000040
(1791117055.869183) can0 394#0036000010370716
(1791117055.869449) can0 396#3B6D4E2800454545
(1791117055.869733) can0 39A#00360200A2000000
(1791117055.870064) can0 39B#3C3A820000001C98
(1791117055.913970) can0 297#0101E040FFFF8E2E
(1791117055.914209) can0 29B#BB967002FD100000
(1791117055.949119) can0 33B#1B00003F00008000
(1791117055.949284) can0 323#0000000000001FAD
(1791117055.949520) can0 324#370000414400001F
(1791117055.949765) can0 33D#0000A04000280000
(1791117055.950071) can0 3B7#00004000000C4C00
(1791117055.950255) can0 491#0000000000000000
(1791117055.963978) can0 297#0101E040FFFF8F2F
(1791117055.964217) can0 29B#BB967002FD100000
(1791117055.968663) can0 29C#2800000000000000
(1791117055.968916) can0 33F#0000000028000040
(1791117055.969170) can0 394#0036000010370819
(1791117055.969438) can0 396#3B6D4E2800454545
(1791117055.969727) can0 39A#00360200B1C00000
(1791117055.970061) can0 39B#3C3A8200000020A4
(1791117056.013991) can0 297#0101E040FFFF8020
(1791117056.014226) can0 29B#BB967002FD100000
(1791117056.049234) can0 33B#1B00003F00008000
(1791117056.049376) can0 323#0000000000001FAD
(1791117056.049578) can0 324#370000414400001F
(1791117056.049816) can0 33D#0000A04000280000
(1791117056.050118) can0 3B7#00004000000D4D00
(1791117056.050286) can0 491#0000000000000000
(1791117056.064028) can0 297#0101E040FFFF8121
(1791117056.064243) can0 29B#BB967002FD100000
(1791117056.068674) can0 29C#2800000000000000
(1791117056.068902) can0 33F#0000000028000040
(1791117056.069184) can0 394#0036000010370918
(1791117056.069444) can0 396#3B6D4E2800454545
(1791117056.069744) can0 39A#00360200C1800000
(1791117056.070085) can0 39B#3C3A8200000024A0
(1791117056.114051) can0 297#0101E040FFFF8222
(1791117056.114247) can0 29B#BB967002FD100000
(1791117056.149175) can0 33B#1B00003F00008000
(1791117056.149292) can0 323#0000000000001FAD
(1791117056.149549) can0 324#370000414400001F
(1791117056.149788) can0 33D#0000A04000280000
(1791117056.150097) can0 3B7#00004000000E4E00
(1791117056.150269) can0 491#0000000000000000
(1791117056.163983) can0 297#0101E040FFFF8323
(1791117056.164229) can0 29B#BB967002FD100000
(1791117056.168629) can0 29C#2800000000000000
(1791117056.168909) can0 33F#0000000028000040
(1791117056.169175) can0 394#0036000010370A1B
(1791117056.169445) can0 396#3B6D4E2800454545
(1791117056.169734) can0 39A#00360200D1400000
(1791117056.170024) can0 39B#3C3A8200000028AC
(1791117056.213996) can0 297#0101E040FFFF8424
(1791117056.214235) can0 29B#BB967002FD100000
(1791117056.249236) can0 33B#1B00003F00008000
(1791117056.249331) can0 323#0000000000001FAD
(1791117056.249580) can0 324#370000414400001F
(1791117056.249808) can0 33D#0000A04000280000
(1791117056.250109) can0 3B7#00004000000F4F00
(1791117056.250302) can0 491#0000000000000000
(1791117056.263985) can0 297#0101E040FFFF8525
(1791117056.264217) can0 29B#BB967002FD100000
(1791117056.268641) can0 29C#2800000000000000
(1791117056.268907) can0 33F#0000000028000040
(1791117056.269168) can0 394#0036000010370B1A
(1791117056.269431) can0 396#3B6D4E2800454545
(1791117056.269758) can0 39A#00360200E1000000
(1791117056.270028) can0 39B#3C3A820000002CA8
(1791117056.313983) can0 297#0101E040FFFF8626
(1791117056.314216) can0 29B#BB967002FD100000
(1791117056.349092) can0 33B#1B00003F00008000
(1791117056.349288) can0 323#0000000000001FC5
(1791117056.349533) can0 324#370000414400001F
(1791117056.349782) can0 33D#0000A04000280000
(1791117056.350025) can0 3B7#0000400000004000
(1791117056.350276) can0 491#0000000000000000
(1791117056.364000) can0 297#0101E040FFFF8727
(1791117056.364238) can0 29B#BB967002FD100000
(1791117056.368697) can0 29C#2800000000000000
(1791117056.368920) can0 33F#0000000028000040
(1791117056.369180) can0 394#0036000010370C1D
(1791117056.369470) can0 396#3B6D4E2800454545
(1791117056.369750) can0 39A#00360200F0C00000
(1791117056.370042) can0 39B#3C3A8200000030B4
(1791117056.413995) can0 297#0101E040FFFF8828
(1791117056.414237) can0 29B#BB967002FD100000
(1791117056.449125) can0 33B#1B00003F00008000
(1791117056.449307) can0 323#0000000000001FC5
(1791117056.449556) can0 324#370000414400001F
(1791117056.449791) can0 33D#0000A04000280000
(1791117056.450077) can0 3B7#0000400000014100
(1791117056.450291) can0 491#0000000000000000
(1791117056.463992) can0 297#0101E040FFFF8929
(1791117056.464245) can0 29B#BB967002FD100000
(1791117056.468761) can0 29C#2800000000000000
(1791117056.468968) can0 33F#0000000028000040
(1791117056.469203) can0 394#0036000010370D1C
(1791117056.469440) can0 396#3B6D4E2800454545
(1791117056.469740) can0 39A#0036020000800000
(1791117056.470033) can0 39B#3C3A8200000034B0
(1791117056.513980) can0 297#0101E040FFFF8A2A
(1791117056.514225) can0 29B#BB967002FD100000
(1791117056.549119) can0 33B#1B00003F00008000
(1791117056.549317) can0 323#0000000000001FC5
(1791117056.549542) can0 324#370000414400001F
(1791117056.549788) can0 33D#0000A04000280000
(1791117056.550032) can0 3B7#0000400000024200
(1791117056.550291) can0 491#0000000000000000
(1791117056.564004) can0 297#0101E040FFFF8B2B
(1791117056.564220) can0 29B#BB967002FD100000
(1791117056.568659) can0 29C#2800000000000000
(1791117056.568901) can0 33F#0000000028000040
(1791117056.569176) can0 394#0036000010370E1F
(1791117056.569437) can0 396#3B6D4E2800454545
(1791117056.569725) can0 39A#0036020010400000
(1791117056.570026) can0 39B#3C3A8200000038BC
(1791117056.613977) can0 297#0101E040FFFF8C2C
(1791117056.614212) can0 29B#BB967002FD100000
(1791117056.649105) can0 33B#1B00003F00008000
(1791117056.649315) can0 323#0000000000001FC5
(1791117056.649555) can0 324#370000414400001F
(1791117056.649801) can0 33D#0000A04000280000
(1791117056.650047) can0 3B7#0000400000034300
(1791117056.650295) can0 491#0000000000000000
(1791117056.663968) can0 297#0101E040FFFF8D2D
(1791117056.664212) can0 29B#BB967002FD100000
(1791117056.668639) can0 29C#2800000000000000
(1791117056.668909) can0 33F#0000000028000040
(1791117056.669159) can0 394#0036000010370F1E
(1791117056.669442) can0 396#3B6D4E2800454545
(1791117056.669740) can0 39A#0036020020000000
(1791117056.670009) can0 39B#3C3A820000003CB8
(1791117056.713974) can0 297#0101E040FFFF8E2E
(1791117056.714217) can0 29B#BB967002FD100000
(1791117056.749331) can0 33B#1B00003F00008000
(1791117056.749520) can0 323#0000000000001FC5
(1791117056.749761) can0 324#370000414400001F
(1791117056.750018) can0 33D#0000A04000280000
(1791117056.750262) can0 3B7#0000400000044400
(1791117056.750508) can0 491#0000000000000000
(1791117056.763983) can0 297#0101E040FFFF8F2F
(1791117056.764203) can0 29B#BB967002FD100000
(1791117056.768650) can0 29C#2800000000000000
(1791117056.768913) can0 33F#0000000028000040
(1791117056.769191) can0 394#0036000010370011
(1791117056.769457) can0 396#3B6D4E2800454545
(1791117056.769757) can0 39A#003602002FC00000
(1791117056.770060) can0 39B#3C3A820000000084
(1791117056.813978) can0 297#0101E040FFFF8020
(1791117056.814212) can0 29B#BB967002FD100000
(1791117056.849127) can0 33B#1B00003F00008000
(1791117056.849348) can0 323#0000000000000000
(1791117056.849588) can0 324#370000414400001F
(1791117056.849888) can0 33D#0000A04000280000
(1791117056.850080) can0 3B7#0000400000054500
(1791117056.850342) can0 491#0000000000000000
(1791117056.863982) can0 297#0101E040FFFF8121
(1791117056.864218) can0 29B#BB967002FD100000
(1791117056.868721) can0 29C#2800000000000000
(1791117056.868931) can0 33F#0000000028000040
(1791117056.869212) can0 394#0036000010370110
(1791117056.869452) can0 396#3B6D4E2800454545
(1791117056.869756) can0 39A#003602003F800000
(1791117056.870026) can0 39B#3C3A820000000480
(1791117056.914001) can0 297#0101E040FFFF8222
(1791117056.914245) can0 29B#BB967002FD100000
(1791117056.949199) can0 33B#1B00003F00008000
(1791117056.949352) can0 323#0000000000000000
(1791117056.949594) can0 324#370000414400001F
(1791117056.949824) can0 33D#0000A04000280000
(1791117056.950070) can0 3B7#0000400000064600
(1791117056.950302) can0 491#0000000000000000
(1791117056.963992) can0 297#0101E040FFFF8323
(1791117056.964220) can0 29B#BB967002FD100000
(1791117056.968668) can0 29C#2800000000000000
(1791117056.968906) can0 33F#0000000028000040
(1791117056.969203) can0 394#0036000010370213
(1791117056.969456) can0 396#3B6D4E2800454545
(1791117056.969723) can0 39A#003602004F400000
(1791117056.970006) can0 39B#3C3A82000000088C
(1791117057.014045) can0 297#0101E040FFFF8424
(1791117057.014230) can0 29B#BB967002FD100000
(1791117057.049261) can0 33B#1B00003F00008000
(1791117057.049393) can0 323#0000000000000000
(1791117057.049634) can0 324#370000414400001F
(1791117057.049890) can0 33D#0000A04000280000
(1791117057.050211) can0 3B7#0000400000074700
(1791117057.050389) can0 491#0000000000000000
(1791117057.064062) can0 297#0101E040FFFF8525
(1791117057.064218) can0 29B#BB967002FD100000
(1791117057.068612) can0 29C#2800000000000000
(1791117057.068889) can0 33F#0000000028000040
(1791117057.069211) can0 394#0036000010370312
(1791117057.069435) can0 396#3B6D4E2800454545
(1791117057.069723) can0 39A#003602005F000000
(1791117057.070005) can0 39B#3C3A820000000C88
(1791117057.113970) can0 297#0101E040FFFF8626
(1791117057.114221) can0 29B#BB967002FD100000
(1791117057.149123) can0 33B#1B00003F00008000
(1791117057.149357) can0 323#0000000000000000
(1791117057.149598) can0 324#370000414400001F
(1791117057.149908) can0 33D#0000A04000280000
(1791117057.150067) can0 3B7#0000400000084800
(1791117057.150307) can0 491#0000000000000000
(1791117057.163980) can0 297#0101E040FFFF8727
(1791117057.164231) can0 29B#BB967002FD100000
(1791117057.168606) can0 29C#2800000000000000
(1791117057.168885) can0 33F#0000000028000040
(1791117057.169227) can0 394#0036000010370415
(1791117057.169424) can0 396#3B6D4E2800454545
(1791117057.169740) can0 39A#003602006EC00000
(1791117057.170007) can0 39B#3C3A820000001094
(1791117057.213988) can0 297#0101E040FFFF8828
(1791117057.214239) can0 29B#BB967002FD100000
(1791117057.249162) can0 33B#1B00003F00008000
(1791117057.249364) can0 323#0000000000000000
(1791117057.249599) can0 324#370000414400001F
(1791117057.249862) can0 33D#0000A04000280000
(1791117057.250099) can0 3B7#0000400000094900
(1791117057.250352) can0 491#0000000000000000
(1791117057.263982) can0 297#0101E040FFFF8929
(1791117057.264244) can0 29B#BB967002FD100000
(1791117057.268697) can0 29C#2800000000000000
(1791117057.268923) can0 33F#0000000028000040
(1791117057.269189) can0 394#0036000010370514
(1791117057.269448) can0 396#3B6D4E2800454545
(1791117057.269748) can0 39A#003602007E800000
(1791117057.270021) can0 39B#3C3A820000001490
(1791117057.313972) can0 297#0101E040FFFF8A2A
(1791117057.314259) can0 29B#BB967002FD100000
(1791117057.349184) can0 33B#1B00003F00008000
(1791117057.349346) can0 323#0000000000001D65
(1791117057.349594) can0 324#370000414400001F
(1791117057.349896) can0 33D#0000A04000280000
(1791117057.350073) can0 3B7#00004000000A4A00
(1791117057.350308) can0 491#0000000000000000
(1791117057.363980) can0 297#0101E040FFFF8B2B
(1791117057.364262) can0 29B#BB967002FD100000
(1791117057.368715) can0 29C#2800000000000000
(1791117057.368918) can0 33F#0000000028000040
(1791117057.369181) can0 394#0036000010370617
(1791117057.369427) can0 396#3B6D4E2800454545
(1791117057.369728) can0 39A#003602008E400000
(1791117057.370010) can0 39B#3C3A82000000189C
(1791117057.413988) can0 297#0101E040FFFF8C2C
(1791117057.414296) can0 29B#BB967002FD100000
(1791117057.449177) can0 33B#1B00003F00008000
(1791117057.449393) can0 323#0000000000001D65
(1791117057.449599) can0 324#370000414400001F
(1791117057.449898) can0 33D#0000A04000280000
(1791117057.450078) can0 3B7#00004000000B4B00
(1791117057.450322) can0 491#0000000000000000
(1791117057.464025) can0 297#0101E040FFFF8D2D
(1791117057.464290) can0 29B#BB967002FD100000
(1791117057.468670) can0 29C#2800000000000000
(1791117057.468898) can0 33F#0000000028000040
(1791117057.469168) can0 394#0036000010370716
(1791117057.469432) can0 396#3B6D4E2800454545
(1791117057.469722) can0 39A#003602009E000000
(1791117057.470009) can0 39B#3C3A820000001C98
(1791117057.514037) can0 297#0101E040FFFF8E2E
(1791117057.514217) can0 29B#BB967002FD100000
(1791117057.549123) can0 33B#1B00003F00008000
(1791117057.549337) can0 323#0000000000001D65
(1791117057.549577) can0 324#370000414400001F
(1791117057.549824) can0 33D#0000A04000280000
(1791117057.550072) can0 3B7#00004000000C4C00
(1791117057.550315) can0 491#0000000000000000
(1791117057.563972) can0 297#0101E040FFFF8F2F
(1791117057.564204) can0 29B#BB967002FD100000
(1791117057.568631) can0 29C#2800000000000000
(1791117057.568890) can0 33F#0000000028000040
(1791117057.569166) can0 394#0036000010370819
(1791117057.569426) can0 396#3B6D4E2800454545
(1791117057.569722) can0 39A#00360200ADC00000
(1791117057.570007) can0 39B#3C3A8200000020A4
(1791117057.613968) can0 297#0101E040FFFF8020
(1791117057.614205) can0 29B#BB967002FD100000
(1791117057.649144) can0 33B#1B00003F00008000
(1791117057.649330) can0 323#0000000000001D65
(1791117057.649578) can0 324#370000414400001F
(1791117057.649818) can0 33D#0000A04000280000
(1791117057.650061) can0 3B7#00004000000D4D00
(1791117057.650310) can0 491#0000000000000000
(1791117057.663966) can0 297#0101E040FFFF8121
(1791117057.664204) can0 29B#BB967002FD100000
(1791117057.668621) can0 29C#2800000000000000
(1791117057.668892) can0 33F#0000000028000040
(1791117057.669168) can0 394#0036000010370918
(1791117057.669428) can0 396#3B6D4E2800454545
(1791117057.669734) can0 39A#00360200BD800000
(1791117057.670033) can0 39B#3C3A8200000024A0
(1791117057.713977) can0 297#0101E040FFFF8222
(1791117057.714215) can0 29B#BB967002FD100000
(1791117057.749271) can0 33B#1B00003F00008000
(1791117057.749475) can0 323#0000000000001D65
(1791117057.749714) can0 324#370000414400001F
(1791117057.749964) can0 33D#0000A04000280000
(1791117057.750204) can0 3B7#00004000000E4E00
(1791117057.750456) can0 491#0000000000000000
(1791117057.763977) can0 297#0101E040FFFF8323
(1791117057.764203) can0 29B#BB967002FD100000
(1791117057.768667) can0 29C#2800000000000000
(1791117057.768902) can0 33F#0000000028000040
(1791117057.769176) can0 394#0036000010370A1B
(1791117057.769442) can0 396#3B6D4E2800454545
(1791117057.769727) can0 39A#00360200CD400000
(1791117057.770049) can0 39B#3C3A8200000028AC
(1791117057.813971) can0 297#0101E040FFFF8424
(1791117057.814202) can0 29B#BB967002FD100000
(1791117057.849146) can0 33B#1B00003F00008000
(1791117057.849348) can0 323#0000000000001FAD
(1791117057.849587) can0 324#370000414400001F
(1791117057.849910) can0 33D#0000A04000280000
(1791117057.850080) can0 3B7#00004000000F4F00
(1791117057.850358) can0 491#0000000000000000
(1791117057.863998) can0 297#0101E040FFFF8525
(1791117057.864235) can0 29B#BB967002FD100000
(1791117057.868688) can0 29C#2800000000000000
(1791117057.868895) can0 33F#0000000028000040
(1791117057.869176) can0 394#0036000010370B1A
(1791117057.869429) can0 396#3B6D4E2800454545
(1791117057.869727) can0 39A#00360200DD000000
(1791117057.870009) can0 39B#3C3A820000002CA8
(1791117057.913986) can0 297#0101E040FFFF8626
(1791117057.914220) can0 29B#BB967002FD100000
(1791117057.949213) can0 33B#1B00003F00008000
(1791117057.949396) can0 323#0000000000001FAD
(1791117057.949669) can0 324#370000414400001F
(1791117057.949871) can0 33D#0000A04000280000
(1791117057.950104) can0 3B7#0000400000004000
(1791117057.950351) can0 491#0000000000000000
(1791117057.964048) can0 297#0101E040FFFF8727
(1791117057.964241) can0 29B#BB967002FD100000
(1791117057.968640) can0 29C#2800000000000000
(1791117057.968895) can0 33F#0000000028000040
(1791117057.969155) can0 394#0036000010370C1D
(1791117057.969436) can0 396#3B6D4E2800454545
(1791117057.969715) can0 39A#00360200ECC00000
(1791117057.970017) can0 39B#3C3A8200000030B4
(1791117058.014028) can0 297#0101E040FFFF8828
(1791117058.014210) can0 29B#BB967002FD100000
(1791117058.049183) can0 33B#1B00003F00008000
(1791117058.049384) can0 323#0000000000001FAD
(1791117058.049614) can0 324#370000414400001F
(1791117058.049895) can0 33D#0000A04000280000
(1791117058.050100) can0 3B7#0000400000014100
(1791117058.050363) can0 491#0000000000000000
(1791117058.063967) can0 297#0101E040FFFF8929
(1791117058.064203) can0 29B#BB967002FD100000
(1791117058.068600) can0 29C#2800000000000000
(1791117058.068877) can0 33F#0000000028000040
(1791117058.069157) can0 394#0036000010370D1C
(1791117058.069423) can0 396#3B6D4E2800454545
(1791117058.069724) can0 39A#00360200FC800000
(1791117058.070004) can0 39B#3C3A8200000034B0
(1791117058.113968) can0 297#0101E040FFFF8A2A
(1791117058.114205) can0 29B#BB967002FD100000
(1791117058.149255) can0 33B#1B00003F00008000
(1791117058.149457) can0 323#0000000000001FAD
(1791117058.149705) can0 324#370000414400001F
(1791117058.149935) can0 33D#0000A04000280000
(1791117058.150178) can0 3B7#0000400000024200
(1791117058.150424) can0 491#0000000000000000
(1791117058.163970) can0 297#0101E040FFFF8B2B
(1791117058.164209) can0 29B#BB967002FD100000
(1791117058.168633) can0 29C#2800000000000000
(1791117058.168896) can0 33F#0000000028000040
(1791117058.169178) can0 394#0036000010370E1F
(1791117058.169442) can0 396#3B6D4E2800454545
(1791117058.169740) can0 39A#003602000C400000
(1791117058.170060) can0 39B#3C3A8200000038BC
(1791117058.213976) can0 297#0101E040FFFF8C2C
(1791117058.214197) can0 29B#BB967002FD100000
(1791117058.249209) can0 33B#1B00003F00008000
(1791117058.249427) can0 323#0000000000001FAD
(1791117058.249658) can0 324#370000414400001F
(1791117058.249923) can0 33D#0000A04000280000
(1791117058.250150) can0 3B7#0000400000034300
(1791117058.250428) can0 491#0000000000000000
(1791117058.263976) can0 297#0101E040FFFF8D2D
(1791117058.264211) can0 29B#BB967002FD100000
(1791117058.268691) can0 29C#2800000000000000
(1791117058.268909) can0 33F#0000000028000040
(1791117058.269164) can0 394#0036000010370F1E
(1791117058.269436) can0 396#3B6D4E2800454545
(1791117058.269740) can0 39A#003602001C000000
(1791117058.270013) can0 39B#3C3A820000003CB8
(1791117058.313985) can0 297#0101E040FFFF8E2E
(1791117058.314230) can0 29B#BB967002FD100000
(1791117058.349271) can0 33B#1B00003F00008000
(1791117058.349462) can0 323#0000000000001FC5
(1791117058.349691) can0 324#370000414400001F
(1791117058.349947) can0 33D#0000A04000280000
(1791117058.350176) can0 3B7#0000400000044400
(1791117058.350419) can0 491#0000000000000000
(1791117058.363991) can0 297#0101E040FFFF8F2F
(1791117058.364208) can0 29B#BB967002FD100000
(1791117058.368642) can0 29C#2800000000000000
(1791117058.368889) can0 33F#0000000028000040
(1791117058.369168) can0 394#0036000010370011
(1791117058.369424) can0 396#3B6D4E2800454545
(1791117058.369733) can0 39A#003602002BC00000
(1791117058.370015) can0 39B#3C3A820000000084
(1791117058.414032) can0 297#0101E040FFFF8020
(1791117058.414222) can0 29B#BB967002FD100000
(1791117058.449165) can0 33B#1B00003F00008000
(1791117058.449397) can0 323#0000000000001FC5
(1791117058.449619) can0 324#370000414400001F
(1791117058.449876) can0 33D#0000A04000280000
(1791117058.450102) can0 3B7#0000400000054500
(1791117058.450396) can0 491#0000000000000000
(1791117058.464045) can0 297#0101E040FFFF8121
(1791117058.464200) can0 29B#BB967002FD100000
(1791117058.468641) can0 29C#2800000000000000
(1791117058.468889) can0 33F#0000000028000040
(1791117058.469155) can0 394#0036000010370110
(1791117058.469429) can0 396#3B6D4E2800454545
(1791117058.469712) can0 39A#003602003B800000
(1791117058.470009) can0 39B#3C3A820000000480
(1791117058.513968) can0 297#0101E040FFFF8222
(1791117058.514202) can0 29B#BB967002FD100000
(1791117058.549161) can0 33B#1B00003F00008000
(1791117058.549413) can0 323#0000000000001FC5
(1791117058.549605) can0 324#370000414400001F
(1791117058.549858) can0 33D#0000A04000280000
(1791117058.550094) can0 3B7#0000400000064600
(1791117058.550410) can0 491#0000000000000000
(1791117058.563992) can0 297#0101E040FFFF8323
(1791117058.564209) can0 29B#BB967002FD100000
(1791117058.568625) can0 29C#2800000000000000
(1791117058.568886) can0 33F#0000000028000040
(1791117058.569165) can0 394#0036000010370213
(1791117058.569423) can0 396#3B6D4E2800454545
(1791117058.569727) can0 39A#003602004B400000
(1791117058.570037) can0 39B#3C3A82000000088C
(1791117058.613968) can0 297#0101E040FFFF8424
(1791117058.614206) can0 29B#BB967002FD100000
(1791117058.649200) can0 33B#1B00003F00008000
(1791117058.649428) can0 323#0000000000001FC5
(1791117058.649627) can0 324#370000414400001F
(1791117058.649873) can0 33D#0000A04000280000
(1791117058.650111) can0 3B7#0000400000074700
(1791117058.650430) can0 491#0000000000000000
(1791117058.663970) can0 297#0101E040FFFF8525
(1791117058.664200) can0 29B#BB967002FD100000
(1791117058.668657) can0 29C#2800000000000000
(1791117058.668913) can0 33F#0000000028000040
(1791117058.669192) can0 394#0036000010370312
(1791117058.669445) can0 396#3B6D4E2800454545
(1791117058.669748) can0 39A#003602005B000000
(1791117058.670001) can0 39B#3C3A820000000C88
(1791117058.713967) can0 297#0101E040FFFF8626
(1791117058.714200) can0 29B#BB967002FD100000
(1791117058.749353) can0 33B#1B00003F00008000
(1791117058.749543) can0 323#0000000000001FC5
(1791117058.749779) can0 324#370000414400001F
(1791117058.750031) can0 33D#0000A04000280000
(1791117058.750282) can0 3B7#0000400000084800
(1791117058.750523) can0 491#0000000000000000
(1791117058.763958) can0 297#0101E040FFFF8727
(1791117058.764192) can0 29B#BB967002FD100000
(1791117058.768704) can0 29C#2800000000000000
(1791117058.768893) can0 33F#0000000028000040
(1791117058.769173) can0 394#0036000010370415
(1791117058.769438) can0 396#3B6D4E2800454545
(1791117058.769710) can0 39A#003602006AC00000
(1791117058.769998) can0 39B#3C3A820000001094
(1791117058.813976) can0 297#0101E040FFFF8828
(1791117058.814224) can0 29B#BB967002FD100000
(1791117058.849238) can0 33B#1B00003F00008000
(1791117058.849465) can0 323#0000000000000000
(1791117058.849651) can0 324#370000414400001F
(1791117058.849887) can0 33D#0000A04000280000
(1791117058.850132) can0 3B7#0000400000094900
(1791117058.850371) can0 491#0000000000000000
(1791117058.864009) can0 297#0101E040FFFF8929
(1791117058.864217) can0 29B#BB967002FD100000
(1791117058.868637) can0 29C#2800000000000000
(1791117058.868876) can0 33F#0000000028000040
(1791117058.869175) can0 394#0036000010370514
(1791117058.869451) can0 396#3B6D4E2800454545
(1791117058.869714) can0 39A#003602007A800000
(1791117058.869996) can0 39B#3C3A820000001490
(1791117058.914043) can0 297#0101E040FFFF8A2A
(1791117058.914225) can0 29B#BB967002FD100000
(1791117058.949180) can0 33B#1B00003F00008000
(1791117058.949479) can0 323#0000000000000000
(1791117058.949651) can0 324#370000414400001F
(1791117058.949909) can0 33D#0000A04000280000
(1791117058.950149) can0 3B7#00004000000A4A00
(1791117058.950390) can0 491#0000000000000000
(1791117058.963961) can0 297#0101E040FFFF8B2B
(1791117058.964198) can0 29B#BB967002FD100000
(1791117058.968606) can0 29C#2800000000000000
(1791117058.968883) can0 33F#0000000028000040
(1791117058.969139) can0 394#0036000010370617
(1791117058.969465) can0 396#3B6D4E2800454545
(1791117058.969703) can0 39A#003602008A400000
(1791117058.969998) can0 39B#3C3A82000000189C
(1791117059.013961) can0 297#0101E040FFFF8C2C
(1791117059.014200) can0 29B#BB967002FD100000
(1791117059.049243) can0 33B#1B00003F00008000
(1791117059.049479) can0 323#0000000000000000
(1791117059.049699) can0 324#370000414400001F
(1791117059.049950) can0 33D#0000A04000280000
(1791117059.050181) can0 3B7#00004000000B4B00
(1791117059.050477) can0 491#0000000000000000
(1791117059.063955) can0 297#0101E040FFFF8D2D
(1791117059.064187) can0 29B#BB967002FD100000
(1791117059.068618) can0 29C#2800000000000000
(1791117059.068891) can0 33F#0000000028000040
(1791117059.069147) can0 394#0036000010370716
(1791117059.069479) can0 396#3B6D4E2800454545
(1791117059.069707) can0 39A#003602009A000000
(1791117059.069996) can0 39B#3C3A820000001C98
(1791117059.113976) can0 297#0101E040FFFF8E2E
(1791117059.114211) can0 29B#BB967002FD100000
(1791117059.149266) can0 33B#1B00003F00008000
(1791117059.149500) can0 323#0000000000000000
(1791117059.149698) can0 324#370000414400001F
(1791117059.149947) can0 33D#0000A04000280000
(1791117059.150213) can0 3B7#00004000000C4C00
(1791117059.150513) can0 491#0000000000000000
(1791117059.163965) can0 297#0101E040FFFF8F2F
(1791117059.164189) can0 29B#BB967002FD100000
(1791117059.168684) can0 29C#2800000000000000
(1791117059.168887) can0 33F#0000000028000040
(1791117059.169156) can0 394#0036000010370819
(1791117059.169547) can0 396#3B6D4E2800454545
(1791117059.169709) can0 39A#00360200A9C00000
(1791117059.170009) can0 39B#3C3A8200000020A4
(1791117059.213976) can0 297#0101E040FFFF8020
(1791117059.214188) can0 29B#BB967002FD100000
(1791117059.249253) can0 33B#1B00003F00008000
(1791117059.249437) can0 323#0000000000000000
(1791117059.249684) can0 324#370000414400001F
(1791117059.249939) can0 33D#0000A04000280000
(1791117059.250161) can0 3B7#00004000000D4D00
(1791117059.250432) can0 491#0000000000000000
(1791117059.263987) can0 297#0101E040FFFF8121
(1791117059.264217) can0 29B#BB967002FD100000
(1791117059.268701) can0 29C#2800000000000000
(1791117059.268894) can0 33F#0000000028000040
(1791117059.269145) can0 394#0036000010370918
(1791117059.269413) can0 396#3B6D4E2800454545
(1791117059.269713) can0 39A#00360200B9800000
(1791117059.269995) can0 39B#3C3A8200000024A0
(1791117059.313981) can0 297#0101E040FFFF8222
(1791117059.314209) can0 29B#BB967002FD100000
(1791117059.349363) can0 33B#1B00003F00008000
(1791117059.349537) can0 323#0000000000001D65
(1791117059.349757) can0 324#370000414400001F
(1791117059.349991) can0 33D#0000A04000280000
(1791117059.350257) can0 3B7#00004000000E4E00
(1791117059.350528) can0 491#0000000000000000
(1791117059.364022) can0 297#0101E040FFFF8323
(1791117059.364197) can0 29B#BB967002FD100000
(1791117059.368630) can0 29C#2800000000000000
(1791117059.368880) can0 33F#0000000028000040
(1791117059.369146) can0 394#0036000010370A1B
(1791117059.369415) can0 396#3B6D4E2800454545
(1791117059.369705) can0 39A#00360200C9400000
(1791117059.370002) can0 39B#3C3A8200000028AC
(1791117059.413963) can0 297#0101E040FFFF8424
(1791117059.414204) can0 29B#BB967002FD100000
(1791117059.449208) can0 33B#1B00003F00008000
(1791117059.449418) can0 323#0000000000001D65
(1791117059.449657) can0 324#370000414400001F
(1791117059.449903) can0 33D#0000A04000280000
(1791117059.450156) can0 3B7#00004000000F4F00
(1791117059.450406) can0 491#0000000000000000
(1791117059.463960) can0 297#0101E040FFFF8525
(1791117059.464199) can0 29B#BB967002FD100000
(1791117059.468602) can0 29C#2800000000000000
(1791117059.468884) can0 33F#0000000028000040
(1791117059.469144) can0 394#0036000010370B1A
(1791117059.469420) can0 396#3B6D4E2800454545
(1791117059.469701) can0 39A#00360200D9000000
(1791117059.469986) can0 39B#3C3A820000002CA8
(1791117059.513964) can0 297#0101E040FFFF8626
(1791117059.514189) can0 29B#BB967002FD100000
(1791117059.549313) can0 33B#1B00003F00008000
(1791117059.549547) can0 323#0000000000001D65
(1791117059.549750) can0 324#370000414400001F
(1791117059.550001) can0 33D#0000A04000280000
(1791117059.550246) can0 3B7#0000400000004000
(1791117059.550543) can0 491#0000000000000000
(1791117059.564076) can0 297#0101E040FFFF8727
(1791117059.564192) can0 29B#BB967002FD100000
(1791117059.568614) can0 29C#2800000000000000
(1791117059.568909) can0 33F#0000000028000040
(1791117059.569159) can0 394#0036000010370C1D
(1791117059.569422) can0 396#3B6D4E2800454545
(1791117059.569731) can0 39A#00360200E8C00000
(1791117059.570006) can0 39B#3C3A8200000030B4
(1791117059.613978) can0 297#0101E040FFFF8828
(1791117059.614205) can0 29B#BB967002FD100000
(1791117059.649359) can0 33B#1B00003F00008000
(1791117059.649577) can0 323#0000000000001D65
(1791117059.649743) can0 324#370000414400001F
(1791117059.649990) can0 33D#0000A04000280000
(1791117059.650237) can0 3B7#0000400000014100
(1791117059.650500) can0 491#0000000000000000
(1791117059.663973) can0 297#0101E040FFFF8929
(1791117059.664230) can0 29B#BB967002FD100000
(1791117059.668643) can0 29C#2800000000000000
(1791117059.668896) can0 33F#0000000028000040
(1791117059.669177) can0 394#0036000010370D1C
(1791117059.669434) can0 396#3B6D4E2800454545
(1791117059.669728) can0 39A#00360200F8800000
(1791117059.670002) can0 39B#3C3A8200000034B0
(1791117059.713991) can0 297#0101E040FFFF8A2A
(1791117059.714223) can0 29B#BB967002FD100000
(1791117059.749383) can0 33B#1B00003F00008000
(1791117059.749584) can0 323#0000000000001D65
(1791117059.749791) can0 324#370000414400001F
(1791117059.750036) can0 33D#0000A04000280000
(1791117059.750288) can0 3B7#0000400000024200
(1791117059.750575) can0 491#0000000000000000
(1791117059.763989) can0 297#0101E040FFFF8B2B
(1791117059.764237) can0 29B#BB967002FD100000
(1791117059.768661) can0 29C#2800000000000000
(1791117059.768876) can0 33F#0000000028000040
(1791117059.769147) can0 394#0036000010370E1F
(1791117059.769419) can0 396#3B6D4E2800454545
(1791117059.769708) can0 39A#0036020008400000
(1791117059.769989) can0 39B#3C3A8200000038BC
(1791117059.814117) can0 297#0101E040FFFF8C2C
(1791117059.814232) can0 29B#BB967002FD100000
(1791117059.849290) can0 33B#1B00003F00008000
(1791117059.849496) can0 323#0000000000001FAD
(1791117059.849739) can0 324#370000414400001F
(1791117059.849989) can0 33D#0000A04000280000
(1791117059.850237) can0 3B7#0000400000034300
(1791117059.850494) can0 491#0000000000000000
(1791117059.864025) can0 297#0101E040FFFF8D2D
(1791117059.864204) can0 29B#BB967002FD100000
(1791117059.868628) can0 29C#2800000000000000
(1791117059.868867) can0 33F#0000000028000040
(1791117059.869147) can0 394#0036000010370F1E
(1791117059.869404) can0 396#3B6D4E2800454545
(1791117059.869713) can0 39A#0036020018000000
(1791117059.869984) can0 39B#3C3A820000003CB8
(1791117059.913949) can0 297#0101E040FFFF8E2E
(1791117059.914196) can0 29B#BB967002FD100000
(1791117059.949214) can0 33B#1B00003F00008000
(1791117059.949420) can0 323#0000000000001FAD
(1791117059.949667) can0 324#370000414400001F
(1791117059.949909) can0 33D#0000A04000280000
(1791117059.950154) can0 3B7#0000400000044400
(1791117059.950409) can0 491#0000000000000000
(1791117059.963958) can0 297#0101E040FFFF8F2F
(1791117059.964197) can0 29B#BB967002FD100000
(1791117059.968604) can0 29C#2800000000000000
(1791117059.968880) can0 33F#0000000028000040
(1791117059.969139) can0 394#0036000010370011
(1791117059.969405) can0 396#3B6D4E2800454545
(1791117059.969705) can0 39A#0036020027C00000
(1791117059.969989) can0 39B#3C3A820000000084
(1791117060.013962) can0 297#0101E040FFFF8020
(1791117060.014182) can0 29B#BB967002FD100000
(1791117060.049305) can0 33B#1B00003F00008000
(1791117060.049498) can0 323#0000000000001FAD
(1791117060.049744) can0 324#370000414400001F
(1791117060.049963) can0 33D#0000A04000280000
(1791117060.050211) can0 3B7#0000400000054500
(1791117060.050473) can0 491#0000000000000000
(1791117060.063956) can0 297#0101E040FFFF8121
(1791117060.064182) can0 29B#BB967002FD100000
(1791117060.068664) can0 29C#2800000000000000
(1791117060.068902) can0 33F#0000000028000040
(1791117060.069157) can0 394#0036000010370110
(1791117060.069442) can0 396#3B6D4E2800454545
(1791117060.069727) can0 39A#0036020037800000
(1791117060.070010) can0 39B#3C3A820000000480
(1791117060.113964) can0 297#0101E040FFFF8222
(1791117060.114176) can0 29B#BB967002FD100000
(1791117060.149251) can0 33B#1B00003F00008000
(1791117060.149461) can0 323#0000000000001FAD
(1791117060.149711) can0 324#370000414400001F
(1791117060.149948) can0 33D#0000A04000280000
(1791117060.150173) can0 3B7#0000400000064600
(1791117060.150406) can0 491#0000000000000000
(1791117060.163941) can0 297#0101E040FFFF8323
(1791117060.164182) can0 29B#BB967002FD100000
(1791117060.168726) can0 29C#2800000000000000
(1791117060.168884) can0 33F#0000000028000040
(1791117060.169143) can0 394#0036000010370213
(1791117060.169449) can0 396#3B6D4E2800454545
(1791117060.169738) can0 39A#0036020047400000
(1791117060.170004) can0 39B#3C3A82000000088C
(1791117060.213972) can0 297#0101E040FFFF8424
(1791117060.214225) can0 29B#BB967002FD100000
(1791117060.249363) can0 33B#1B00003F00008000
(1791117060.249534) can0 323#0000000000001FAD
(1791117060.249773) can0 324#370000414400001F
(1791117060.250013) can0 33D#0000A04000280000
(1791117060.250252) can0 3B7#0000400000074700
(1791117060.250493) can0 491#0000000000000000
(1791117060.263959) can0 297#0101E040FFFF8525
(1791117060.264195) can0 29B#BB967002FD100000
(1791117060.268674) can0 29C#2800000000000000
(1791117060.268865) can0 33F#0000000028000040
(1791117060.269147) can0 394#0036000010370312
(1791117060.269409) can0 396#3B6D4E2800454545
(1791117060.269707) can0 39A#0036020057000000
(1791117060.269990) can0 39B#3C3A820000000C88
(1791117060.314023) can0 297#0101E040FFFF8626
(1791117060.314208) can0 29B#BB967002FD100000
(1791117060.349232) can0 33B#1B00003F00008000
(1791117060.349437) can0 323#0000000000001FC5
(1791117060.349677) can0 324#370000414400001F
(1791117060.349931) can0 33D#0000A04000280000
(1791117060.350167) can0 3B7#0000400000084800
(1791117060.350429) can0 491#0000000000000000
(1791117060.363957) can0 297#0101E040FFFF8727
(1791117060.364183) can0 29B#BB967002FD100000
(1791117060.368664) can0 29C#2800000000000000
(1791117060.368865) can0 33F#0000000028000040
(1791117060.369156) can0 394#0036000010370415
(1791117060.369406) can0 396#3B6D4E2800454545
(1791117060.369700) can0 39A#0036020066C00000
(1791117060.369985) can0 39B#3C3A820000001094
(1791117060.413960) can0 297#0101E040FFFF8828
(1791117060.414183) can0 29B#BB967002FD100000
(1791117060.449247) can0 33B#1B00003F00008000
(1791117060.449448) can0 323#0000000000001FC5
(1791117060.449692) can0 324#370000414400001F
(1791117060.449936) can0 33D#0000A04000280000
(1791117060.450185) can0 3B7#0000400000094900
(1791117060.450422) can0 491#0000000000000000
(1791117060.463947) can0 297#0101E040FFFF8929
(1791117060.464180) can0 29B#BB967002FD100000
(1791117060.468677) can0 29C#2800000000000000
(1791117060.468878) can0 33F#0000000028000040
(1791117060.469142) can0 394#0036000010370514
(1791117060.469399) can0 396#3B6D4E2800454545
(1791117060.469696) can0 39A#0036020076800000
(1791117060.469977) can0 39B#3C3A820000001490
(1791117060.513945) can0 297#0101E040FFFF8A2A
(1791117060.514178) can0 29B#BB967002FD100000
(1791117060.549256) can0 33B#1B00003F00008000
(1791117060.549457) can0 323#0000000000001FC5
(1791117060.549719) can0 324#370000414400001F
(1791117060.549940) can0 33D#0000A04000280000
(1791117060.550186) can0 3B7#00004000000A4A00
(1791117060.550452) can0 491#0000000000000000
(1791117060.563952) can0 297#0101E040FFFF8B2B
(1791117060.564200) can0 29B#BB967002FD100000
(1791117060.568649) can0 29C#2800000000000000
(1791117060.568876) can0 33F#0000000028000040
(1791117060.569156) can0 394#0036000010370617
(1791117060.569415) can0 396#3B6D4E2800454545
(1791117060.569712) can0 39A#0036020086400000
(1791117060.570014) can0 39B#3C3A82000000189C
(1791117060.613957) can0 297#0101E040FFFF8C2C
(1791117060.614185) can0 29B#BB967002FD100000
(1791117060.649353) can0 33B#1B00003F00008000
(1791117060.649539) can0 323#0000000000001FC5
(1791117060.649755) can0 324#370000414400001F
(1791117060.650011) can0 33D#0000A04000280000
(1791117060.650259) can0 3B7#00004000000B4B00
(1791117060.650565) can0 491#0000000000000000
(1791117060.663979) can0 297#0101E040FFFF8D2D
(1791117060.664227) can0 29B#BB967002FD100000
(1791117060.668665) can0 29C#2800000000000000
(1791117060.668867) can0 33F#0000000028000040
(1791117060.669156) can0 394#0036000010370716
(1791117060.669413) can0 396#3B6D4E2800454545
(1791117060.669693) can0 39A#0036020096000000
(1791117060.669974) can0 39B#3C3A820000001C98
(1791117060.713961) can0 297#0101E040FFFF8E2E
(1791117060.714199) can0 29B#BB967002FD100000
(1791117060.749473) can0 33B#1B00003F00008000
(1791117060.749624) can0 323#0000000000001FC5
(1791117060.749911) can0 324#370000414400001F
(1791117060.750125) can0 33D#0000A04000280000
(1791117060.750372) can0 3B7#00004000000C4C00
(1791117060.750614) can0 491#0000000000000000
(1791117060.764004) can0 297#0101E040FFFF8F2F
(1791117060.764212) can0 29B#BB967002FD100000
(1791117060.768615) can0 29C#2800000000000000
(1791117060.768869) can0 33F#0000000028000040
(1791117060.769147) can0 394#0036000010370819
(1791117060.769409) can0 396#3B6D4E2800454545
(1791117060.769706) can0 39A#00360200A5C00000
(1791117060.769986) can0 39B#3C3A8200000020A4
(1791117060.813943) can0 297#0101E040FFFF8020
(1791117060.814184) can0 29B#BB967002FD100000
(1791117060.849289) can0 33B#1B00003F00008000
(1791117060.849488) can0 323#0000000000000000
(1791117060.849734) can0 324#370000414400001F
(1791117060.849982) can0 33D#0000A04000280000
(1791117060.850245) can0 3B7#00004000000D4D00
(1791117060.850471) can0 491#0000000000000000
(1791117060.863937) can0 297#0101E040FFFF8121
(1791117060.864171) can0 29B#BB967002FD100000
(1791117060.868596) can0 29C#2800000000000000
(1791117060.868871) can0 33F#0000000028000040
(1791117060.869133) can0 394#0036000010370918
(1791117060.869400) can0 396#3B6D4E2800454545
(1791117060.869717) can0 39A#00360200B5800000
(1791117060.869969) can0 39B#3C3A8200000024A0
(1791117060.913938) can0 297#0101E040FFFF8222
(1791117060.914183) can0 29B#BB967002FD100000
(1791117060.949255) can0 33B#1B00003F00008000
(1791117060.949472) can0 323#0000000000000000
(1791117060.949731) can0 324#370000414400001F
(1791117060.949964) can0 33D#0000A04000280000
(1791117060.950207) can0 3B7#00004000000E4E00
(1791117060.950453) can0 491#0000000000000000
(1791117060.963965) can0 297#0101E040FFFF8323
(1791117060.964183) can0 29B#BB967002FD100000
(1791117060.968630) can0 29C#2800000000000000
(1791117060.968890) can0 33F#0000000028000040
(1791117060.969158) can0 394#0036000010370A1B
(1791117060.969416) can0 396#3B6D4E2800454545
(1791117060.969756) can0 39A#00360200C5400000
(1791117060.970005) can0 39B#3C3A8200000028AC
(1791117061.013955) can0 297#0101E040FFFF8424
(1791117061.014191) can0 29B#BB967002FD100000
(1791117061.049264) can0 33B#1B00003F00008000
(1791117061.049489) can0 323#0000000000000000
(1791117061.049767) can0 324#370000414400001F
(1791117061.049960) can0 33D#0000A04000280000
(1791117061.050213) can0 3B7#00004000000F4F00
(1791117061.050465) can0 491#0000000000000000
(1791117061.063946) can0 297#0101E040FFFF8525
(1791117061.064197) can0 29B#BB967002FD100000
(1791117061.068641) can0 29C#2800000000000000
(1791117061.068884) can0 33F#0000000028000040
(1791117061.069157) can0 394#0036000010370B1A
(1791117061.069456) can0 396#3B6D4E2800454545
(1791117061.069793) can0 39A#00360200D5000000
(1791117061.069991) can0 39B#3C3A820000002CA8
(1791117061.113957) can0 297#0101E040FFFF8626
(1791117061.114208) can0 29B#BB967002FD100000
(1791117061.149319) can0 33B#1B00003F00008000
(1791117061.149491) can0 323#0000000000000000
(1791117061.149775) can0 324#370000414400001F
(1791117061.149973) can0 33D#0000A04000280000
(1791117061.150223) can0 3B7#0000400000004000
(1791117061.150480) can0 491#0000000000000000
(1791117061.163960) can0 297#0101E040FFFF8727
(1791117061.164202) can0 29B#BB967002FD100000
(1791117061.168617) can0 29C#2800000000000000
(1791117061.168866) can0 33F#0000000028000040
(1791117061.169145) can0 394#0036000010370C1D
(1791117061.169405) can0 396#3B6D4E2800454545
(1791117061.169756) can0 39A#00360200E4C00000
(1791117061.169982) can0 39B#3C3A8200000030B4
(1791117061.213982) can0 297#0101E040FFFF8828
(1791117061.214192) can0 29B#BB967002FD100000
(1791117061.249329) can0 33B#1B00003F00008000
(1791117061.249556) can0 323#0000000000000000
(1791117061.249794) can0 324#370000414400001F
(1791117061.250027) can0 33D#0000A04000280000
(1791117061.250269) can0 3B7#0000400000014100
(1791117061.250527) can0 491#0000000000000000
(1791117061.263935) can0 297#0101E040FFFF8929
(1791117061.264166) can0 29B#BB967002FD100000
(1791117061.268593) can0 29C#2800000000000000
(1791117061.268867) can0 33F#0000000028000040
(1791117061.269131) can0 394#0036000010370D1C
(1791117061.269407) can0 396#3B6D4E2800454545
(1791117061.269687) can0 39A#00360200F4800000
(1791117061.269965) can0 39B#3C3A8200000034B0
(1791117061.313947) can0 297#0101E040FFFF8A2A
(1791117061.314175) can0 29B#BB967002FD100000
(1791117061.349269) can0 33B#1B00003F00008000
(1791117061.349468) can0 323#0000000000001D65
(1791117061.349780) can0 324#370000414400001F
(1791117061.349960) can0 33D#0000A04000280000
(1791117061.350203) can0 3B7#0000400000024200
(1791117061.350447) can0 491#0000000000000000
(1791117061.363932) can0 297#0101E040FFFF8B2B
(1791117061.364176) can0 29B#BB967002FD100000
(1791117061.368587) can0 29C#2800000000000000
(1791117061.368863) can0 33F#0000000028000040
(1791117061.369135) can0 394#0036000010370E1F
(1791117061.369411) can0 396#3B6D4E2800454545
(1791117061.369691) can0 39A#0036020004400000
(1791117061.369974) can0 39B#3C3A8200000038BC
(1791117061.413964) can0 297#0101E040FFFF8C2C
(1791117061.414190) can0 29B#BB967002FD100000
(1791117061.449274) can0 33B#1B00003F00008000
(1791117061.449486) can0 323#0000000000001D65
(1791117061.449726) can0 324#370000414400001F
(1791117061.449974) can0 33D#0000A04000280000
(1791117061.450211) can0 3B7#0000400000034300
(1791117061.450462) can0 491#0000000000000000
(1791117061.463937) can0 297#0101E040FFFF8D2D
(1791117061.464182) can0 29B#BB967002FD100000
(1791117061.468655) can0 29C#2800000000000000
(1791117061.468885) can0 33F#0000000028000040
(1791117061.469185) can0 394#0036000010370F1E
(1791117061.469418) can0 396#3B6D4E2800454545
(1791117061.469718) can0 39A#0036020014000000
(1791117061.469990) can0 39B#3C3A820000003CB8
(1791117061.513948) can0 297#0101E040FFFF8E2E
(1791117061.514183) can0 29B#BB967002FD100000
(1791117061.549333) can0 33B#1B00003F00008000
(1791117061.549508) can0 323#0000000000001D65
(1791117061.549755) can0 324#370000414400001F
(1791117061.549990) can0 33D#0000A04000280000
(1791117061.550237) can0 3B7#0000400000044400
(1791117061.550459) can0 491#0000000000000000
(1791117061.563948) can0 297#0101E040FFFF8F2F
(1791117061.564191) can0 29B#BB967002FD100000
(1791117061.568677) can0 29C#2800000000000000
(1791117061.568880) can0 33F#0000000028000040
(1791117061.569163) can0 394#0036000010370011
(1791117061.569426) can0 396#3B6D4E2800454545
(1791117061.569704) can0 39A#0036020023C00000
(1791117061.569980) can0 39B#3C3A820000000084
(1791117061.613963) can0 297#0101E040FFFF8020
(1791117061.614210) can0 29B#BB967002FD100000
(1791117061.649345) can0 33B#1B00003F00008000
(1791117061.649491) can0 323#0000000000001D65
(1791117061.649724) can0 324#370000414400001F
(1791117061.649978) can0 33D#0000A04000280000
(1791117061.650241) can0 3B7#0000400000054500
(1791117061.650468) can0 491#0000000000000000
(1791117061.663957) can0 297#0101E040FFFF8121
(1791117061.664191) can0 29B#BB967002FD100000
(1791117061.668616) can0 29C#2800000000000000
(1791117061.668856) can0 33F#0000000028000040
(1791117061.669133) can0 394#0036000010370110
(1791117061.669402) can0 396#3B6D4E2800454545
(1791117061.669703) can0 39A#0036020033800000
(1791117061.669980) can0 39B#3C3A820000000480
(1791117061.714013) can0 297#0101E040FFFF8222
(1791117061.714201) can0 29B#BB967002FD100000
(1791117061.749340) can0 33B#1900003F00008000
(1791117061.749530) can0 323#0000000000001D65
(1791117061.749764) can0 324#370000414400001F
(1791117061.750003) can0 33D#0000A04000280000
(1791117061.750253) can0 3B7#0000400000064600
(1791117061.750509) can0 491#0000000000000000
(1791117061.763940) can0 297#0101E040FFFF8323
(1791117061.764187) can0 29B#BB967002FD100000
(1791117061.768592) can0 29C#2800000000000000
(1791117061.768857) can0 33F#0000000028000040
(1791117061.769129) can0 394#0036000010370213
(1791117061.769397) can0 396#3B6D4E2800454545
(1791117061.769690) can0 39A#0036020043400000
(1791117061.769978) can0 39B#3C3A82000000088C
(1791117061.813934) can0 297#0101E040FFFF8424
(1791117061.814169) can0 29B#BB967002FD100000
(1791117061.849307) can0 33B#1000003F00008000
(1791117061.849496) can0 323#0000000000001FAD
(1791117061.849745) can0 324#3700004144000014
(1791117061.849987) can0 33D#0000A04000280000
(1791117061.850235) can0 3B7#0000400000074700
(1791117061.850472) can0 491#0000000000000000
(1791117061.863946) can0 297#0101E040FFFF8525
(1791117061.864178) can0 29B#BB967002FD100000
(1791117061.868583) can0 29C#2800000000000000
(1791117061.868862) can0 33F#0000000028000040
(1791117061.869132) can0 394#0036000010370312
(1791117061.869401) can0 396#3B6D4E2800454545
(1791117061.869698) can0 39A#0036020053000000
(1791117061.869982) can0 39B#3C3A820000000C88
(1791117061.913945) can0 297#0101E040FFFF8626
(1791117061.914181) can0 29B#BB967002FD100000
(1791117061.949302) can0 33B#0D00003F00008000
(1791117061.949502) can0 323#0000000000001FAD
(1791117061.949743) can0 324#370000414400000F
(1791117061.949998) can0 33D#0000A04000280000
(1791117061.950235) can0 3B7#0000400000084800
(1791117061.950658) can0 491#0000000000000000
(1791117061.963946) can0 297#0101E040FFFF8727
(1791117061.964175) can0 29B#BB967002FD100000
(1791117061.968634) can0 29C#2800000000000000
(1791117061.968875) can0 33F#0000000028000040
(1791117061.969141) can0 394#0036000010370415
(1791117061.969406) can0 396#3B6D4E2800454545
(1791117061.969752) can0 39A#0036020062C00000
(1791117061.969993) can0 39B#3C3A820000001094
(1791117062.013966) can0 297#0101E040FFFF8828
(1791117062.014177) can0 29B#BB967002FD100000
(1791117062.049310) can0 33B#0B00003F00008000
(1791117062.049510) can0 323#0000000000001FAD
(1791117062.049758) can0 324#370000414400000D
(1791117062.050013) can0 33D#0000A04000280000
(1791117062.050241) can0 3B7#0000400000094900
(1791117062.050503) can0 491#0000000000000000
(1791117062.063946) can0 297#0101E040FFFF8929
(1791117062.064200) can0 29B#BB967002FD100000
(1791117062.068624) can0 29C#2800000000000000
(1791117062.068880) can0 33F#0000000028000040
(1791117062.069129) can0 394#0036000010370514
(1791117062.069405) can0 396#3B6D4E2800454545
(1791117062.069676) can0 39A#0036020072800000
(1791117062.069976) can0 39B#3C3A820000001490
(1791117062.113961) can0 297#0101E040FFFF8A2A
(1791117062.114194) can0 29B#BB967002FD100000
(1791117062.149310) can0 33B#0A00003F00008000
(1791117062.149519) can0 323#0000000000001FAD
(1791117062.149737) can0 324#370000414400000C
(1791117062.149990) can0 33D#0000A04000280000
(1791117062.150236) can0 3B7#00004000000A4A00
(1791117062.150486) can0 491#0000000000000000
(1791117062.163998) can0 297#0101E040FFFF8B2B
(1791117062.164199) can0 29B#BB967002FD100000
(1791117062.168618) can0 29C#2800000000000000
(1791117062.168894) can0 33F#0000000028000040
(1791117062.169144) can0 394#0036000010370617
(1791117062.169395) can0 396#3B6D4E2800454545
(1791117062.169695) can0 39A#0036020082400000
(1791117062.169975) can0 39B#3C3A82000000189C
(1791117062.213941) can0 297#0101E040FFFF8C2C
(1791117062.214179) can0 29B#BB967002FD100000
(1791117062.249323) can0 33B#0A00003F00008000
(1791117062.249529) can0 323#0000000000001FAD
(1791117062.249777) can0 324#370000414400000C
(1791117062.250025) can0 33D#0000A04000280000
(1791117062.250261) can0 3B7#00004000000B4B00
(1791117062.250510) can0 491#0000000000000000
(1791117062.263962) can0 297#0101E040FFFF8D2D
(1791117062.264177) can0 29B#BB967002FD100000
(1791117062.268627) can0 29C#2800000000000000
(1791117062.268903) can0 33F#0000000028000040
(1791117062.269128) can0 394#0036000010370716
(1791117062.269405) can0 396#3B6D4E2800454545
(1791117062.269693) can0 39A#0036020092000000
(1791117062.269963) can0 39B#3C3A820000001C98
(1791117062.313955) can0 297#0101E040FFFF8E2E
(1791117062.314166) can0 29B#BB967002FD100000
(1791117062.349338) can0 33B#0A00003F00008000
(1791117062.349536) can0 323#0000000000001FC5
(1791117062.349771) can0 324#370000414400000B
(1791117062.349998) can0 33D#0000A04000280000
(1791117062.350275) can0 3B7#00004000000C4C00
(1791117062.350503) can0 491#0000000000000000
(1791117062.363957) can0 297#0101E040FFFF8F2F
(1791117062.364169) can0 29B#BB967002FD100000
(1791117062.368598) can0 29C#2800000000000000
(1791117062.368919) can0 33F#0000000028000040
(1791117062.369152) can0 394#0036000010370819
(1791117062.369424) can0 396#3B6D4E2800454545
(1791117062.369735) can0 39A#00360200A1C00000
(1791117062.370015) can0 39B#3C3A8200000020A4
(1791117062.413975) can0 297#0101E040FFFF8020
(1791117062.414187) can0 29B#BB967002FD100000
(1791117062.449326) can0 33B#0A00003F00008000
(1791117062.449541) can0 323#0000000000001FC5
(1791117062.449777) can0 324#370000414400000B
(1791117062.450023) can0 33D#0000A04000280000
(1791117062.450249) can0 3B7#00004000000D4D00
(1791117062.450516) can0 491#0000000000000000
(1791117062.463984) can0 297#0101E040FFFF8121
(1791117062.464175) can0 29B#BB967002FD100000
(1791117062.468677) can0 29C#2800000000000000
(1791117062.468884) can0 33F#0000000028000040
(1791117062.469146) can0 394#0036000010370918
(1791117062.469423) can0 396#3B6D4E2800454545
(1791117062.469724) can0 39A#00360200B1800000
(1791117062.470005) can0 39B#3C3A8200000024A0
(1791117062.513991) can0 297#0101E040FFFF8222
(1791117062.514193) can0 29B#BB967002FD100000
(1791117062.549356) can0 33B#0A00003F00008000
(1791117062.549526) can0 323#0000000000001FC5
(1791117062.549785) can0 324#370000414400000B
(1791117062.549995) can0 33D#0000A04000280000
(1791117062.550248) can0 3B7#00004000000E4E00
(1791117062.550506) can0 491#0000000000000000
(1791117062.564007) can0 297#0101E040FFFF8323
(1791117062.564171) can0 29B#BB967002FD100000
(1791117062.568620) can0 29C#2800000000000000
(1791117062.568854) can0 33F#0000000028000040
(1791117062.569119) can0 394#0036000010370A1B
(1791117062.569395) can0 396#3B6D4E2800454545
(1791117062.569679) can0 39A#00360200C1400000
(1791117062.569974) can0 39B#3C3A8200000028AC
(1791117062.614072) can0 297#0101E040FFFF8424
(1791117062.614239) can0 29B#BB967002FD100000
(1791117062.649321) can0 33B#0A00003F00008000
(1791117062.649536) can0 323#0000000000001FC5
(1791117062.649780) can0 324#370000414400000B
(1791117062.650017) can0 33D#0000A04000280000
(1791117062.650267) can0 3B7#00004000000F4F00
(1791117062.650512) can0 491#0000000000000000
(1791117062.664066) can0 297#0101E040FFFF8525
(1791117062.664193) can0 29B#BB967002FD100000
(1791117062.668597) can0 29C#2800000000000000
(1791117062.668856) can0 33F#0000000028000040
(1791117062.669134) can0 394#0036000010370B1A
(1791117062.669390) can0 396#3B6D4E2800454545
(1791117062.669691) can0 39A#00360200D1000000
(1791117062.669970) can0 39B#3C3A820000002CA8
(1791117062.713933) can0 297#0101E040FFFF8626
(1791117062.714170) can0 29B#BB967002FD100000
(1791117062.749581) can0 33B#0A00003F00008000
(1791117062.749770) can0 323#0000000000001FC5
(1791117062.750021) can0 324#370000414400000B
(1791117062.750256) can0 33D#0000A04000280000
(1791117062.750511) can0 3B7#0000400000004000
(1791117062.750746) can0 491#0000000000000000
(1791117062.763945) can0 297#0101E040FFFF8727
(1791117062.764185) can0 29B#BB967002FD100000
(1791117062.768627) can0 29C#2800000000000000
(1791117062.768878) can0 33F#0000000028000040
(1791117062.769140) can0 394#0036000010370C1D
(1791117062.769404) can0 396#3B6D4E2800454545
(1791117062.769718) can0 39A#00360200E0C00000
(1791117062.770015) can0 39B#3C3A8200000030B4
(1791117062.813924) can0 297#0101E040FFFF8828
(1791117062.814172) can0 29B#BB967002FD100000
(1791117062.849329) can0 33B#0A00003F00008000
(1791117062.849535) can0 323#0000000000000000
(1791117062.849779) can0 324#370000414400000B
(1791117062.850020) can0 33D#0000A04000280000
(1791117062.850271) can0 3B7#0000400000014100
(1791117062.850520) can0 491#0000000000000000
(1791117062.863921) can0 297#0101E040FFFF8929
(1791117062.864169) can0 29B#BB967002FD100000
(1791117062.868633) can0 29C#2800000000000000
(1791117062.868889) can0 33F#0000000028000040
(1791117062.869136) can0 394#0036000010370D1C
(1791117062.869415) can0 396#3B6D4E2800454545
(1791117062.869710) can0 39A#00360200F0800000
(1791117062.869995) can0 39B#3C3A8200000034B0
(1791117062.913929) can0 297#0101E040FFFF8A2A
(1791117062.914176) can0 29B#BB967002FD100000
(1791117062.949441) can0 33B#0A00003F00008000
(1791117062.949636) can0 323#0000000000000000
(1791117062.949922) can0 324#370000414400000B
(1791117062.950133) can0 33D#0000A04000280000
(1791117062.950371) can0 3B7#0000400000024200
(1791117062.950618) can0 491#0000000000000000
(1791117062.963929) can0 297#0101E040FFFF8B2B
(1791117062.964181) can0 29B#BB967002FD100000
(1791117062.968651) can0 29C#2800000000000000
(1791117062.968878) can0 33F#0000000028000040
(1791117062.969142) can0 394#0036000010370E1F
(1791117062.969397) can0 396#3B6D4E2800454545
(1791117062.969692) can0 39A#0036020000400000
(1791117062.970006) can0 39B#3C3A8200000038BC
(1791117063.013953) can0 297#0101E040FFFF8C2C
(1791117063.014197) can0 29B#BB967002FD100000
(1791117063.049426) can0 33B#0A00003F00008000
(1791117063.049563) can0 323#0000000000000000
(1791117063.049786) can0 324#370000414400000B
(1791117063.050025) can0 33D#0000A04000280000
(1791117063.050283) can0 3B7#0000400000034300
(1791117063.050544) can0 491#0000000000000000
(1791117063.063944) can0 297#0101E040FFFF8D2D
(1791117063.064181) can0 29B#BB967002FD100000
(1791117063.068607) can0 29C#2800000000000000
(1791117063.068858) can0 33F#0000000028000040
(1791117063.069137) can0 394#0036000010370F1E
(1791117063.069386) can0 396#3B6D4E2800454545
(1791117063.069685) can0 39A#0036020010000000
(1791117063.070011) can0 39B#3C3A820000003CB8
(1791117063.114016) can0 297#0101E040FFFF8E2E
(1791117063.114188) can0 29B#BB967002FD100000
(1791117063.149343) can0 33B#0A00003F00008000
(1791117063.149541) can0 323#0000000000000000
(1791117063.149792) can0 324#370000414400000B
(1791117063.150043) can0 33D#0000A04000280000
(1791117063.150283) can0 3B7#0000400000044400
(1791117063.150522) can0 491#0000000000000000
(1791117063.163943) can0 297#0101E040FFFF8F2F
(1791117063.164157) can0 29B#BB967002FD100000
(1791117063.168576) can0 29C#2800000000000000
(1791117063.168851) can0 33F#0000000028000040
(1791117063.169120) can0 394#0036000010370011
(1791117063.169401) can0 396#3B6D4E2800454545
(1791117063.169670) can0 39A#003602001FC00000
(1791117063.170021) can0 39B#3C3A820000000084
(1791117063.213950) can0 297#0101E040FFFF8020
(1791117063.214179) can0 29B#BB967002FD100000
(1791117063.249358) can0 33B#0A00003F00008000
(1791117063.249585) can0 323#0000000000000000
(1791117063.249821) can0 324#370000414400000B
(1791117063.250072) can0 33D#0000A04000280000
(1791117063.250301) can0 3B7#0000400000054500
(1791117063.250554) can0 491#0000000000000000
(1791117063.263934) can0 297#0101E040FFFF8121
(1791117063.264168) can0 29B#BB967002FD100000
(1791117063.268569) can0 29C#2800000000000000
(1791117063.268852) can0 33F#0000000028000040
(1791117063.269134) can0 394#0036000010370110
(1791117063.269383) can0 396#3B6D4E2800454545
(1791117063.269682) can0 39A#003602002F800000
(1791117063.269964) can0 39B#3C3A820000000480
(1791117063.313941) can0 297#0101E040FFFF8222
(1791117063.314171) can0 29B#BB967002FD100000
(1791117063.349350) can0 33B#0A00003F00008000
(1791117063.349559) can0 323#0000000000001D65
(1791117063.349787) can0 324#370000414400000B
(1791117063.350050) can0 33D#0000A04000280000
(1791117063.350278) can0 3B7#0000400000064600
(1791117063.350524) can0 491#0000000000000000
(1791117063.363943) can0 297#0101E040FFFF8323
(1791117063.364172) can0 29B#BB967002FD100000
(1791117063.368635) can0 29C#2800000000000000
(1791117063.368877) can0 33F#0000000028000040
(1791117063.369139) can0 394#0036000010370213
(1791117063.369416) can0 396#3B6D4E2800454545
(1791117063.369702) can0 39A#003602003F400000
(1791117063.369995) can0 39B#3C3A82000000088C
(1791117063.413927) can0 297#0101E040FFFF8424
(1791117063.414171) can0 29B#BB967002FD100000
(1791117063.449373) can0 33B#0A00003F00008000
(1791117063.449559) can0 323#0000000000001D65
(1791117063.449797) can0 324#370000414400000B
(1791117063.450075) can0 33D#0000A04000280000
(1791117063.450294) can0 3B7#0000400000074700
(1791117063.450537) can0 491#0000000000000000
(1791117063.463934) can0 297#0101E040FFFF8525
(1791117063.464195) can0 29B#BB967002FD100000
(1791117063.468658) can0 29C#2800000000000000
(1791117063.468920) can0 33F#0000000028000040
(1791117063.469127) can0 394#0036000010370312
(1791117063.469381) can0 396#3B6D4E2800454545
(1791117063.469674) can0 39A#003602004F000000
(1791117063.469951) can0 39B#3C3A820000000C88
(1791117063.513959) can0 297#0101E040FFFF8626
(1791117063.514185) can0 29B#BB967002FD100000
(1791117063.549412) can0 33B#0A00003F00008000
(1791117063.549566) can0 323#0000000000001D65
(1791117063.549804) can0 324#370000414400000B
(1791117063.550082) can0 33D#0000A04000280000
(1791117063.550292) can0 3B7#0000400000084800
(1791117063.550534) can0 491#0000000000000000
(1791117063.563989) can0 297#0101E040FFFF8727
(1791117063.564191) can0 29B#BB967002FD100000
(1791117063.568600) can0 29C#2800000000000000
(1791117063.568841) can0 33F#0000000028000040
(1791117063.569127) can0 394#0036000010370415
(1791117063.569389) can0 396#3B6D4E2800454545
(1791117063.569685) can0 39A#003602005EC00000
(1791117063.569965) can0 39B#3C3A820000001094
(1791117063.613980) can0 297#0101E040FFFF8828
(1791117063.614174) can0 29B#BB967002FD100000
(1791117063.649401) can0 33B#0A00003F00008000
(1791117063.649585) can0 323#0000000000001D65
(1791117063.649820) can0 324#370000414400000B
(1791117063.650102) can0 33D#0000A04000280000
(1791117063.650315) can0 3B7#0000400000094900
(1791117063.650586) can0 491#0000000000000000
(1791117063.663926) can0 297#0101E040FFFF8929
(1791117063.664159) can0 29B#BB967002FD100000
(1791117063.668568) can0 29C#2800000000000000
(1791117063.668843) can0 33F#0000000028000040
(1791117063.669120) can0 394#0036000010370514
(1791117063.669381) can0 396#3B6D4E2800454545
(1791117063.669689) can0 39A#003602006E800000
(1791117063.669969) can0 39B#3C3A820000001490
(1791117063.713931) can0 297#0101E040FFFF8A2A
(1791117063.714166) can0 29B#BB967002FD100000
(1791117063.749385) can0 33B#0A00003F00008000
(1791117063.749584) can0 323#0000000000001D65
(1791117063.749825) can0 324#370000414400000B
(1791117063.750104) can0 33D#0000A04000280000
(1791117063.750322) can0 3B7#00004000000A4A00
(1791117063.750557) can0 491#0000000000000000
(1791117063.763930) can0 297#0101E040FFFF8B2B
(1791117063.764161) can0 29B#BB967002FD100000
(1791117063.768572) can0 29C#2800000000000000
(1791117063.768840) can0 33F#0000000028000040
(1791117063.769153) can0 394#0036000010370617
(1791117063.769396) can0 396#3B6D4E2800454545
(1791117063.769693) can0 39A#003602007E400000
(1791117063.769978) can0 39B#3C3A82000000189C
(1791117063.813928) can0 297#0101E040FFFF8C2C
(1791117063.814171) can0 29B#BB967002FD100000
(1791117063.849360) can0 33B#0A00003F00008000
(1791117063.849570) can0 323#0000000000001FAD
(1791117063.849820) can0 324#370000414400000B
(1791117063.850075) can0 33D#0000A04000280000
(1791117063.850300) can0 3B7#00004000000B4B00
(1791117063.850553) can0 491#0000000000000000
(1791117063.863926) can0 297#0101E040FFFF8D2D
(1791117063.864188) can0 29B#BB967002FD100000
(1791117063.868613) can0 29C#2800000000000000
(1791117063.868864) can0 33F#0000000028000040
(1791117063.869128) can0 394#0036000010370716
(1791117063.869431) can0 396#3B6D4E2800454545
(1791117063.869692) can0 39A#003602008E000000
(1791117063.869982) can0 39B#3C3A820000001C98
(1791117063.913941) can0 297#0101E040FFFF8E2E
(1791117063.914187) can0 29B#BB967002FD100000
(1791117063.949409) can0 33B#0A00003F00008000
(1791117063.949565) can0 323#0000000000001FAD
(1791117063.949872) can0 324#370000414400000B
(1791117063.950066) can0 33D#0000A04000280000
(1791117063.950300) can0 3B7#00004000000C4C00
(1791117063.950532) can0 491#0000000000000000
(1791117063.963943) can0 297#0101E040FFFF8F2F
(1791117063.964181) can0 29B#BB967002FD100000
(1791117063.968597) can0 29C#2800000000000000
(1791117063.968856) can0 33F#0000000028000040
(1791117063.969132) can0 394#0036000010370819
(1791117063.969382) can0 396#3B6D4E2800454545
(1791117063.969681) can0 39A#003602009DC00000
(1791117063.969962) can0 39B#3C3A8200000020A4
(1791117064.014016) can0 297#0101E040FFFF8020
(1791117064.014182) can0 29B#BB967002FD100000
(1791117064.049362) can0 33B#0A00003F00008000
(1791117064.049570) can0 323#0000000000001FAD
(1791117064.049808) can0 324#370000414400000B
(1791117064.050052) can0 33D#0000A04000280000
(1791117064.050301) can0 3B7#00004000000D4D00
(1791117064.050553) can0 491#0000000000000000
(1791117064.064005) can0 297#0101E040FFFF8121
(1791117064.064178) can0 29B#BB967002FD100000
(1791117064.068637) can0 29C#2800000000000000
(1791117064.068847) can0 33F#0000000028000040
(1791117064.069154) can0 394#0036000010370918
(1791117064.069399) can0 396#3B6D4E2800454545
(1791117064.069690) can0 39A#00360200AD800000
(1791117064.069972) can0 39B#3C3A8200000024A0
(1791117064.113942) can0 297#0101E040FFFF8222
(1791117064.114164) can0 29B#BB967002FD100000
(1791117064.149356) can0 33B#0A00003F00008000
(1791117064.149570) can0 323#0000000000001FAD
(1791117064.149815) can0 324#370000414400000B
(1791117064.150049) can0 33D#0000A04000280000
(1791117064.150287) can0 3B7#00004000000E4E00
(1791117064.150535) can0 491#0000000000000000
(1791117064.163925) can0 297#0101E040FFFF8323
(1791117064.164175) can0 29B#BB967002FD100000
(1791117064.168565) can0 29C#2800000000000000
(1791117064.168845) can0 33F#0000000028000040
(1791117064.169161) can0 394#0036000010370A1B
(1791117064.169380) can0 396#3B6D4E2800454545
(1791117064.169680) can0 39A#00360200BD400000
(1791117064.169958) can0 39B#3C3A8200000028AC
(1791117064.213930) can0 297#0101E040FFFF8424
(1791117064.214175) can0 29B#BB967002FD100000
(1791117064.249389) can0 33B#0A00003F00008000
(1791117064.249590) can0 323#0000000000001FAD
(1791117064.249866) can0 324#370000414400000B
(1791117064.250074) can0 33D#0000A04000280000
(1791117064.250326) can0 3B7#00004000000F4F00
(1791117064.250577) can0 491#0000000000000000
(1791117064.263944) can0 297#0101E040FFFF8525
(1791117064.264172) can0 29B#BB967002FD100000
(1791117064.268624) can0 29C#2800000000000000
(1791117064.268873) can0 33F#0000000028000040
(1791117064.269210) can0 394#0036000010370B1A
(1791117064.269412) can0 396#3B6D4E2800454545
(1791117064.269707) can0 39A#00360200CD000000
(1791117064.269984) can0 39B#3C3A820000002CA8
(1791117064.313983) can0 297#0101E040FFFF8626
(1791117064.314207) can0 29B#BB967002FD100000
(1791117064.349378) can0 33B#0A00003F00008000
(1791117064.349610) can0 323#0000000000001FC5
(1791117064.349824) can0 324#370000414400000B
(1791117064.350052) can0 33D#0000A04000280000
(1791117064.350315) can0 3B7#0000400000004000
(1791117064.350551) can0 491#0000000000000000
(1791117064.363920) can0 297#0101E040FFFF8727
(1791117064.364189) can0 29B#BB967002FD100000
(1791117064.368628) can0 29C#2800000000000000
(1791117064.368916) can0 33F#0000000028000040
(1791117064.369167) can0 394#0036000010370C1D
(1791117064.369402) can0 396#3B6D4E2800454545
(1791117064.369688) can0 39A#00360200DCC00000
(1791117064.369969) can0 39B#3C3A8200000030B4
(1791117064.413924) can0 297#0101E040FFFF8828
(1791117064.414227) can0 29B#BB967002FD100000
(1791117064.449386) can0 33B#0A00003F00008000
(1791117064.449567) can0 323#0000000000001FC5
(1791117064.449810) can0 324#370000414400000B
(1791117064.450049) can0 33D#0000A04000280000
(1791117064.450289) can0 3B7#0000400000014100
(1791117064.450541) can0 491#0000000000000000
(1791117064.463914) can0 297#0101E040FFFF8929
(1791117064.464208) can0 29B#BB967002FD100000
(1791117064.468610) can0 29C#2800000000000000
(1791117064.468849) can0 33F#0000000028000040
(1791117064.469141) can0 394#0036000010370D1C
(1791117064.469395) can0 396#3B6D4E2800454545
(1791117064.469687) can0 39A#00360200EC800000
(1791117064.469954) can0 39B#3C3A8200000034B0
(1791117064.513952) can0 297#0101E040FFFF8A2A
(1791117064.514220) can0 29B#BB967002FD100000
(1791117064.549368) can0 33B#0A00003F00008000
(1791117064.549582) can0 323#0000000000001FC5
(1791117064.549825) can0 324#370000414400000B
(1791117064.550063) can0 33D#0000A04000280000
(1791117064.550282) can0 3B7#0000400000024200
(1791117064.550530) can0 491#0000000000000000
(1791117064.563908) can0 297#0101E040FFFF8B2B
(1791117064.564234) can0 29B#BB967002FD100000
(1791117064.568598) can0 29C#2800000000000000
(1791117064.568831) can0 33F#0000000028000040
(1791117064.569109) can0 394#0036000010370E1F
(1791117064.569378) can0 396#3B6D4E2800454545
(1791117064.569655) can0 39A#00360200FC400000
(1791117064.569939) can0 39B#3C3A8200000038BC
(1791117064.613922) can0 297#0101E040FFFF8C2C
(1791117064.614220) can0 29B#BB967002FD100000
(1791117064.649426) can0 33B#0A00003F00008000
(1791117064.649636) can0 323#0000000000001FC5
(1791117064.649877) can0 324#370000414400000B
(1791117064.650117) can0 33D#0000A04000280000
(1791117064.650372) can0 3B7#0000400000034300
(1791117064.650630) can0 491#0000000000000000
(1791117064.663900) can0 297#0101E040FFFF8D2D
(1791117064.664142) can0 29B#BB967002FD100000
(1791117064.668564) can0 29C#2800000000000000
(1791117064.668845) can0 33F#0000000028000040
(1791117064.669099) can0 394#0036000010370F1E
(1791117064.669373) can0 396#3B6D4E2800454545
(1791117064.669652) can0 39A#003602000C000000
(1791117064.669939) can0 39B#3C3A820000003CB8
(1791117064.713994) can0 297#0101E040FFFF8E2E
(1791117064.714148) can0 29B#BB967002FD100000
(1791117064.749589) can0 33B#0A00003F00008000
(1791117064.749788) can0 323#0000000000001FC5
(1791117064.750019) can0 324#370000414400000B
(1791117064.750266) can0 33D#0000A04000280000
(1791117064.750522) can0 3B7#0000400000044400
(1791117064.750788) can0 491#0000000000000000
(1791117064.763900) can0 297#0101E040FFFF8F2F
(1791117064.764146) can0 29B#BB967002FD100000
(1791117064.768615) can0 29C#2800000000000000
(1791117064.768840) can0 33F#0000000028000040
(1791117064.769117) can0 394#0036000010370011
(1791117064.769393) can0 396#3B6D4E2800454545
(1791117064.769694) can0 39A#003602001BC00000
(1791117064.769977) can0 39B#3C3A820000000084
(1791117064.813911) can0 297#0101E040FFFF8020
(1791117064.814152) can0 29B#BB967002FD100000
(1791117064.849396) can0 33B#0A00003F00008000
(1791117064.849600) can0 323#0000000000000000
(1791117064.849824) can0 324#370000414400000B
(1791117064.850065) can0 33D#0000A04000280000
(1791117064.850304) can0 3B7#0000400000054500
(1791117064.850555) can0 491#0000000000000000
(1791117064.863926) can0 297#0101E040FFFF8121
(1791117064.864168) can0 29B#BB967002FD100000
(1791117064.868583) can0 29C#2800000000000000
(1791117064.868840) can0 33F#0000000028000040
(1791117064.869099) can0 394#0036000010370110
(1791117064.869375) can0 396#3B6D4E2800454545
(1791117064.869658) can0 39A#003602002B800000
(1791117064.869967) can0 39B#3C3A820000000480
(1791117064.913951) can0 297#0101E040FFFF8222
(1791117064.914149) can0 29B#BB967002FD100000
(1791117064.949424) can0 33B#0A00003F00008000
(1791117064.949637) can0 323#0000000000000000
(1791117064.949883) can0 324#370000414400000B
(1791117064.950130) can0 33D#0000A04000280000
(1791117064.950351) can0 3B7#0000400000064600
(1791117064.950610) can0 491#0000000000000000
(1791117064.963900) can0 297#0101E040FFFF8323
(1791117064.964153) can0 29B#BB967002FD100000
(1791117064.968548) can0 29C#2800000000000000
(1791117064.968833) can0 33F#0000000028000040
(1791117064.969107) can0 394#0036000010370213
(1791117064.969383) can0 396#3B6D4E2800454545
(1791117064.969671) can0 39A#003602003B400000
(1791117064.969949) can0 39B#3C3A82000000088C
(1791117065.013930) can0 297#0101E040FFFF8424
(1791117065.014149) can0 29B#BB967002FD100000
(1791117065.049379) can0 33B#0A00003F00008000
(1791117065.049591) can0 323#0000000000000000
(1791117065.049827) can0 324#370000414400000B
(1791117065.050075) can0 33D#0000A04000280000
(1791117065.050323) can0 3B7#0000400000074700
(1791117065.050564) can0 491#0000000000000000
(1791117065.063905) can0 297#0101E040FFFF8525
(1791117065.064152) can0 29B#BB967002FD100000
(1791117065.068542) can0 29C#2800000000000000
(1791117065.068821) can0 33F#0000000028000040
(1791117065.069108) can0 394#0036000010370312
(1791117065.069369) can0 396#3B6D4E2800454545
(1791117065.069665) can0 39A#003602004B000000
(1791117065.069946) can0 39B#3C3A820000000C88
(1791117065.113892) can0 297#0101E040FFFF8626
(1791117065.114154) can0 29B#BB967002FD100000
(1791117065.149397) can0 33B#0A00003F00008000
(1791117065.149607) can0 323#0000000000000000
(1791117065.149850) can0 324#370000414400000B
(1791117065.150090) can0 33D#0000A04000280000
(1791117065.150337) can0 3B7#0000400000084800
(1791117065.150587) can0 491#0000000000000000
(1791117065.163891) can0 297#0101E040FFFF8727
(1791117065.164143) can0 29B#BB967002FD100000
(1791117065.168594) can0 29C#2800000000000000
(1791117065.168865) can0 33F#0000000028000040
(1791117065.169139) can0 394#0036000010370415
(1791117065.169384) can0 396#3B6D4E2800454545
(1791117065.169692) can0 39A#003602005AC00000
(1791117065.169949) can0 39B#3C3A820000001094
(1791117065.213901) can0 297#0101E040FFFF8828
(1791117065.214150) can0 29B#BB967002FD100000
(1791117065.249452) can0 33B#0A00003F00008000
(1791117065.249686) can0 323#0000000000000000
(1791117065.249929) can0 324#370000414400000B
(1791117065.250150) can0 33D#0000A04000280000
(1791117065.250374) can0 3B7#0000400000094900
(1791117065.250648) can0 491#0000000000000000
(1791117065.263902) can0 297#0101E040FFFF8929
(1791117065.264143) can0 29B#BB967002FD100000
(1791117065.268605) can0 29C#2800000000000000
(1791117065.268828) can0 33F#0000000028000040
(1791117065.269107) can0 394#0036000010370514
(1791117065.269373) can0 396#3B6D4E2800454545
(1791117065.269672) can0 39A#003602006A800000
(1791117065.269944) can0 39B#3C3A820000001490
(1791117065.313973) can0 297#0101E040FFFF8A2A
(1791117065.314181) can0 29B#BB967002FD100000
(1791117065.349372) can0 33B#0A00003F00008000
(1791117065.349578) can0 323#0000000000001D65
(1791117065.349827) can0 324#370000414400000B
(1791117065.350069) can0 33D#0000A04000280000
(1791117065.350315) can0 3B7#00004000000A4A00
(1791117065.350558) can0 491#0000000000000000
(1791117065.363927) can0 297#0101E040FFFF8B2B
(1791117065.364148) can0 29B#BB967002FD100000
(1791117065.368599) can0 29C#2800000000000000
(1791117065.368840) can0 33F#0000000028000040
(1791117065.369101) can0 394#0036000010370617
(1791117065.369357) can0 396#3B6D4E2800454545
(1791117065.369659) can0 39A#003602007A400000
(1791117065.369935) can0 39B#3C3A82000000189C
(1791117065.413915) can0 297#0101E040FFFF8C2C
(1791117065.414147) can0 29B#BB967002FD100000
(1791117065.449379) can0 33B#0A00003F00008000
(1791117065.449573) can0 323#0000000000001D65
(1791117065.449821) can0 324#370000414400000B
(1791117065.450052) can0 33D#0000A04000280000
(1791117065.450318) can0 3B7#00004000000B4B00
(1791117065.450579) can0 491#0000000000000000
(1791117065.463901) can0 297#0101E040FFFF8D2D
(1791117065.464143) can0 29B#BB967002FD100000
(1791117065.468552) can0 29C#2800000000000000
(1791117065.468823) can0 33F#0000000028000040
(1791117065.469100) can0 394#0036000010370716
(1791117065.469371) can0 396#3B6D4E2800454545
(1791117065.469651) can0 39A#003602008A000000
(1791117065.469924) can0 39B#3C3A820000001C98
(1791117065.513899) can0 297#0101E040FFFF8E2E
(1791117065.514140) can0 29B#BB967002FD100000
(1791117065.549444) can0 33B#0A00003F00008000
(1791117065.549631) can0 323#0000000000001D65
(1791117065.549873) can0 324#370000414400000B
(1791117065.550099) can0 33D#0000A04000280000
(1791117065.550363) can0 3B7#00004000000C4C00
(1791117065.550606) can0 491#0000000000000000
(1791117065.563906) can0 297#0101E040FFFF8F2F
(1791117065.564137) can0 29B#BB967002FD100000
(1791117065.568569) can0 29C#2800000000000000
(1791117065.568837) can0 33F#0000000028000040
(1791117065.569095) can0 394#0036000010370819
(1791117065.569374) can0 396#3B6D4E2800454545
(1791117065.569652) can0 39A#0036020099C00000
(1791117065.569948) can0 39B#3C3A8200000020A4
(1791117065.613901) can0 297#0101E040FFFF8020
(1791117065.614142) can0 29B#BB967002FD100000
(1791117065.649383) can0 33B#0A00003F00008000
(1791117065.649579) can0 323#0000000000001D65
(1791117065.649830) can0 324#370000414400000B
(1791117065.650073) can0 33D#0000A04000280000
(1791117065.650372) can0 3B7#00004000000D4D00
(1791117065.650590) can0 491#0000000000000000
(1791117065.663898) can0 297#0101E040FFFF8121
(1791117065.664140) can0 29B#BB967002FD100000
(1791117065.668630) can0 29C#2800000000000000
(1791117065.668837) can0 33F#0000000028000040
(1791117065.669114) can0 394#0036000010370918
(1791117065.669381) can0 396#3B6D4E2800454545
(1791117065.669684) can0 39A#00360200A9800000
(1791117065.669961) can0 39B#3C3A8200000024A0
(1791117065.713903) can0 297#0101E040FFFF8222
(1791117065.714138) can0 29B#BB967002FD100000
(1791117065.749535) can0 33B#0A00003F00008000
(1791117065.749713) can0 323#0000000000001D65
(1791117065.749929) can0 324#370000414400000B
(1791117065.750189) can0 33D#0000A04000280000
(1791117065.750409) can0 3B7#00004000000E4E00
(1791117065.750670) can0 491#0000000000000000
(1791117065.763921) can0 297#0101E040FFFF8323
(1791117065.764142) can0 29B#BB967002FD100000
(1791117065.768579) can0 29C#2800000000000000
(1791117065.768834) can0 33F#0000000028000040
(1791117065.769094) can0 394#0036000010370A1B
(1791117065.769361) can0 396#3B6D4E2800454545
(1791117065.769653) can0 39A#00360200B9400000
(1791117065.769930) can0 39B#3C3A8200000028AC
(1791117065.813960) can0 297#0101E040FFFF8424
(1791117065.814151) can0 29B#BB967002FD100000
(1791117065.849406) can0 33B#0A00003F00008000
(1791117065.849626) can0 323#0000000000001FAD
(1791117065.849875) can0 324#370000414400000B
(1791117065.850106) can0 33D#0000A04000280000
(1791117065.850371) can0 3B7#00004000000F4F00
(1791117065.850598) can0 491#0000000000000000
(1791117065.863894) can0 297#0101E040FFFF8525
(1791117065.864147) can0 29B#BB967002FD100000
(1791117065.868544) can0 29C#2800000000000000
(1791117065.868828) can0 33F#0000000028000040
(1791117065.869097) can0 394#0036000010370B1A
(1791117065.869376) can0 396#3B6D4E2800454545
(1791117065.869646) can0 39A#00360200C9000000
(1791117065.869946) can0 39B#3C3A820000002CA8
(1791117065.913912) can0 297#0101E040FFFF8626
(1791117065.914135) can0 29B#BB967002FD100000
(1791117065.949421) can0 33B#0A00003F00008000
(1791117065.949593) can0 323#0000000000001FAD
(1791117065.949852) can0 324#370000414400000B
(1791117065.950082) can0 33D#0000A04000280000
(1791117065.950387) can0 3B7#0000400000004000
(1791117065.950577) can0 491#0000000000000000
(1791117065.963881) can0 297#0101E040FFFF8727
(1791117065.964123) can0 29B#BB967002FD100000
(1791117065.968545) can0 29C#2800000000000000
(1791117065.968825) can0 33F#0000000028000040
(1791117065.969091) can0 394#0036000010370C1D
(1791117065.969387) can0 396#3B6D4E2800454545
(1791117065.969650) can0 39A#00360200D8C00000
(1791117065.969927) can0 39B#3C3A8200000030B4
(1791117066.013932) can0 297#0101E040FFFF8828
(1791117066.014157) can0 29B#BB967002FD100000
(1791117066.049440) can0 33B#0A00003F00008000
(1791117066.049601) can0 323#0000000000001FAD
(1791117066.049856) can0 324#370000414400000B
(1791117066.050085) can0 33D#0000A04000280000
(1791117066.050398) can0 3B7#0000400000014100
(1791117066.050576) can0 491#0000000000000000
(1791117066.063893) can0 297#0101E040FFFF8929
(1791117066.064138) can0 29B#BB967002FD100000
(1791117066.068590) can0 29C#2800000000000000
(1791117066.068863) can0 33F#0000000028000040
(1791117066.069133) can0 394#0036000010370D1C
(1791117066.069433) can0 396#3B6D4E2800454545
(1791117066.069662) can0 39A#00360200E8800000
(1791117066.069963) can0 39B#3C3A8200000034B0
(1791117066.113894) can0 297#0101E040FFFF8A2A
(1791117066.114135) can0 29B#BB967002FD100000
(1791117066.149463) can0 33B#0A00003F00008000
(1791117066.149621) can0 323#0000000000001FAD
(1791117066.149874) can0 324#370000414400000B
(1791117066.150086) can0 33D#0000A04000280000
(1791117066.150334) can0 3B7#0000400000024200
(1791117066.150599) can0 491#0000000000000000
(1791117066.163888) can0 297#0101E040FFFF8B2B
(1791117066.164138) can0 29B#BB967002FD100000
(1791117066.168587) can0 29C#2800000000000000
(1791117066.168812) can0 33F#0000000028000040
(1791117066.169090) can0 394#0036000010370E1F
(1791117066.169413) can0 396#3B6D4E2800454545
(1791117066.169651) can0 39A#00360200F8400000
(1791117066.169927) can0 39B#3C3A8200000038BC
(1791117066.213917) can0 297#0101E040FFFF8C2C
(1791117066.214164) can0 29B#BB967002FD100000
(1791117066.249464) can0 33B#0A00003F00008000
(1791117066.249632) can0 323#0000000000001FAD
(1791117066.249885) can0 324#370000414400000B
(1791117066.250121) can0 33D#0000A04000280000
(1791117066.250424) can0 3B7#0000400000034300
(1791117066.250611) can0 491#0000000000000000
(1791117066.263921) can0 297#0101E040FFFF8D2D
(1791117066.264143) can0 29B#BB967002FD100000
(1791117066.268567) can0 29C#2800000000000000
(1791117066.268817) can0 33F#0000000028000040
(1791117066.269095) can0 394#0036000010370F1E
(1791117066.269351) can0 396#3B6D4E2800454545
(1791117066.269654) can0 39A#0036020008000000
(1791117066.269931) can0 39B#3C3A820000003CB8
(1791117066.313903) can0 297#0101E040FFFF8E2E
(1791117066.314137) can0 29B#BB967002FD100000
(1791117066.349394) can0 33B#0A00003F00008000
(1791117066.349596) can0 323#0000000000001FC5
(1791117066.349888) can0 324#370000414400000B
(1791117066.350095) can0 33D#0000A04000280000
(1791117066.350336) can0 3B7#0000400000044400
(1791117066.350585) can0 491#0000000000000000
(1791117066.363893) can0 297#0101E040FFFF8F2F
(1791117066.364124) can0 29B#BB967002FD100000
(1791117066.368539) can0 29C#2800000000000000
(1791117066.368818) can0 33F#0000000028000040
(1791117066.369097) can0 394#0036000010370011
(1791117066.369357) can0 396#3B6D4E2800454545
(1791117066.369664) can0 39A#0036020017C00000
(1791117066.369925) can0 39B#3C3A820000000084
(1791117066.413891) can0 297#0101E040FFFF8020
(1791117066.414132) can0 29B#BB967002FD100000
(1791117066.449491) can0 33B#0A00003F00008000
(1791117066.449686) can0 323#0000000000001FC5
(1791117066.449935) can0 324#370000414400000B
(1791117066.450174) can0 33D#0000A04000280000
(1791117066.450453) can0 3B7#0000400000054500
(1791117066.450673) can0 491#0000000000000000
(1791117066.463899) can0 297#0101E040FFFF8121
(1791117066.464119) can0 29B#BB967002FD100000
(1791117066.468559) can0 29C#2800000000000000
(1791117066.468831) can0 33F#0000000028000040
(1791117066.469082) can0 394#0036000010370110
(1791117066.469361) can0 396#3B6D4E2800454545
(1791117066.469648) can0 39A#0036020027800000
(1791117066.469955) can0 39B#3C3A820000000480
(1791117066.513898) can0 297#0101E040FFFF8222
(1791117066.514139) can0 29B#BB967002FD100000
(1791117066.549512) can0 33B#0A00003F00008000
(1791117066.549701) can0 323#0000000000001FC5
(1791117066.549947) can0 324#370000414400000B
(1791117066.550205) can0 33D#0000A04000280000
(1791117066.550487) can0 3B7#0000400000064600
(1791117066.550712) can0 491#0000000000000000
(1791117066.563890) can0 297#0101E040FFFF8323
(1791117066.564135) can0 29B#BB967002FD100000
(1791117066.568603) can0 29C#2800000000000000
(1791117066.568835) can0 33F#0000000028000040
(1791117066.569100) can0 394#0036000010370213
(1791117066.569378) can0 396#3B6D4E2800454545
(1791117066.569670) can0 39A#0036020037400000
(1791117066.569956) can0 39B#3C3A82000000088C
(1791117066.613897) can0 297#0101E040FFFF8424
(1791117066.614122) can0 29B#BB967002FD100000
(1791117066.649466) can0 33B#0A00003F00008000
(1791117066.649616) can0 323#0000000000001FC5
(1791117066.649892) can0 324#370000414400000B
(1791117066.650112) can0 33D#0000A04000280000
(1791117066.650353) can0 3B7#0000400000074700
(1791117066.650609) can0 491#0000000000000000
(1791117066.663908) can0 297#0101E040FFFF8525
(1791117066.664155) can0 29B#BB967002FD100000
(1791117066.668574) can0 29C#2800000000000000
(1791117066.668829) can0 33F#0000000028000040
(1791117066.669105) can0 394#0036000010370312
(1791117066.669358) can0 396#3B6D4E2800454545
(1791117066.669644) can0 39A#0036020047000000
(1791117066.669925) can0 39B#3C3A820000000C88
(1791117066.713963) can0 297#0101E040FFFF8626
(1791117066.714138) can0 29B#BB967002FD100000
(1791117066.749584) can0 33B#0A00003F00008000
(1791117066.749765) can0 323#0000000000001FC5
(1791117066.750013) can0 324#370000414400000B
(1791117066.750245) can0 33D#0000A04000280000
(1791117066.750490) can0 3B7#0000400000084800
(1791117066.750743) can0 491#0000000000000000
(1791117066.763881) can0 297#0101E040FFFF8727
(1791117066.764124) can0 29B#BB967002FD100000
(1791117066.768548) can0 29C#2800000000000000
(1791117066.768821) can0 33F#0000000028000040
(1791117066.769095) can0 394#0036000010370415
(1791117066.769371) can0 396#3B6D4E2800454545
(1791117066.769638) can0 39A#0036020056C00000
(1791117066.769919) can0 39B#3C3A820000001094
(1791117066.813899) can0 297#0101E040FFFF8828
(1791117066.814140) can0 29B#BB967002FD100000
(1791117066.849546) can0 33B#0A00003F00008000
(1791117066.849689) can0 323#0000000000000000
(1791117066.849943) can0 324#370000414400000B
(1791117066.850183) can0 33D#0000A04000280000
(1791117066.850427) can0 3B7#0000400000094900
(1791117066.850671) can0 491#0000000000000000
(1791117066.863893) can0 297#0101E040FFFF8929
(1791117066.864135) can0 29B#BB967002FD100000
(1791117066.868536) can0 29C#2800000000000000
(1791117066.868814) can0 33F#0000000028000040
(1791117066.869105) can0 394#0036000010370514
(1791117066.869355) can0 396#3B6D4E2800454545
(1791117066.869634) can0 39A#0036020066800000
(1791117066.869935) can0 39B#3C3A820000001490
(1791117066.913897) can0 297#0101E040FFFF8A2A
(1791117066.914125) can0 29B#BB967002FD100000
(1791117066.949437) can0 33B#0A00003F00008000
(1791117066.949653) can0 323#0000000000000000
(1791117066.949879) can0 324#370000414400000B
(1791117066.950119) can0 33D#0000A04000280000
(1791117066.950370) can0 3B7#00004000000A4A00
(1791117066.950628) can0 491#0000000000000000
(1791117066.963878) can0 297#0101E040FFFF8B2B
(1791117066.964118) can0 29B#BB967002FD100000
(1791117066.968579) can0 29C#2800000000000000
(1791117066.968869) can0 33F#0000000028000040
(1791117066.969101) can0 394#0036000010370617
(1791117066.969394) can0 396#3B6D4E2800454545
(1791117066.969657) can0 39A#0036020076400000
(1791117066.969928) can0 39B#3C3A82000000189C
(1791117067.013912) can0 297#0101E040FFFF8C2C
(1791117067.014143) can0 29B#BB967002FD100000
(1791117067.049511) can0 33B#0A00003F00008000
(1791117067.049713) can0 323#0000000000000000
(1791117067.049959) can0 324#370000414400000B
(1791117067.050202) can0 33D#0000A04000280000
(1791117067.050456) can0 3B7#00004000000B4B00
(1791117067.050686) can0 491#0000000000000000
(1791117067.063878) can0 297#0101E040FFFF8D2D
(1791117067.064136) can0 29B#BB967002FD100000
(1791117067.068577) can0 29C#2800000000000000
(1791117067.068821) can0 33F#0000000028000040
(1791117067.069087) can0 394#0036000010370716
(1791117067.069345) can0 396#3B6D4E2800454545
(1791117067.069643) can0 39A#0036020086000000
(1791117067.069923) can0 39B#3C3A820000001C98
(1791117067.113949) can0 297#0101E040FFFF8E2E
(1791117067.114146) can0 29B#BB967002FD100000
(1791117067.149497) can0 33B#0A00003F00008000
(1791117067.149705) can0 323#0000000000000000
(1791117067.149951) can0 324#370000414400000B
(1791117067.150193) can0 33D#0000A04000280000
(1791117067.150434) can0 3B7#00004000000C4C00
(1791117067.150688) can0 491#0000000000000000
(1791117067.163921) can0 297#0101E040FFFF8F2F
(1791117067.164130) can0 29B#BB967002FD100000
(1791117067.168570) can0 29C#2800000000000000
(1791117067.168819) can0 33F#0000000028000040
(1791117067.169079) can0 394#0036000010370819
(1791117067.169356) can0 396#3B6D4E2800454545
(1791117067.169645) can0 39A#0036020095C00000
(1791117067.169935) can0 39B#3C3A8200000020A4
(1791117067.213907) can0 297#0101E040FFFF8020
(1791117067.214133) can0 29B#BB967002FD100000
(1791117067.249573) can0 33B#0A00003F00008000
(1791117067.249704) can0 323#0000000000000000
(1791117067.249945) can0 324#370000414400000B
(1791117067.250193) can0 33D#0000A04000280000
(1791117067.250411) can0 3B7#00004000000D4D00
(1791117067.250696) can0 491#0000000000000000
(1791117067.263887) can0 297#0101E040FFFF8121
(1791117067.264120) can0 29B#BB967002FD100000
(1791117067.268563) can0 29C#2800000000000000
(1791117067.268808) can0 33F#0000000028000040
(1791117067.269071) can0 394#0036000010370918
(1791117067.269349) can0 396#3B6D4E2800454545
(1791117067.269633) can0 39A#00360200A5800000
(1791117067.269940) can0 39B#3C3A8200000024A0
(1791117067.313896) can0 297#0101E040FFFF8222
(1791117067.314115) can0 29B#BB967002FD100000
(1791117067.349438) can0 33B#0A00003F00008000
(1791117067.349644) can0 323#0000000000001D65
(1791117067.349886) can0 324#370000414400000B
(1791117067.350134) can0 33D#0000A04000280000
(1791117067.350369) can0 3B7#00004000000E4E00
(1791117067.350621) can0 491#0000000000000000
(1791117067.363896) can0 297#0101E040FFFF8323
(1791117067.364135) can0 29B#BB967002FD100000
(1791117067.368581) can0 29C#2800000000000000
(1791117067.368810) can0 33F#0000000028000040
(1791117067.369085) can0 394#0036000010370A1B
(1791117067.369351) can0 396#3B6D4E2800454545
(1791117067.369641) can0 39A#00360200B5400000
(1791117067.369960) can0 39B#3C3A8200000028AC
(1791117067.413890) can0 297#0101E040FFFF8424
(1791117067.414126) can0 29B#BB967002FD100000
(1791117067.449433) can0 33B#0A00003F00008000
(1791117067.449650) can0 323#0000000000001D65
(1791117067.449893) can0 324#370000414400000B
(1791117067.450149) can0 33D#0000A04000280000
(1791117067.450387) can0 3B7#00004000000F4F00
(1791117067.450655) can0 491#0000000000000000
(1791117067.463886) can0 297#0101E040FFFF8525
(1791117067.464123) can0 29B#BB967002FD100000
(1791117067.468649) can0 29C#2800000000000000
(1791117067.468824) can0 33F#0000000028000040
(1791117067.469106) can0 394#0036000010370B1A
(1791117067.469366) can0 396#3B6D4E2800454545
(1791117067.469665) can0 39A#00360200C5000000
(1791117067.469942) can0 39B#3C3A820000002CA8
(1791117067.513902) can0 297#0101E040FFFF8626
(1791117067.514130) can0 29B#BB967002FD100000
(1791117067.549475) can0 33B#0A00003F00008000
(1791117067.549671) can0 323#0000000000001D65
(1791117067.549916) can0 324#370000414400000B
(1791117067.550155) can0 33D#0000A04000280000
(1791117067.550388) can0 3B7#0000400000004000
(1791117067.550638) can0 491#0000000000000000
(1791117067.563902) can0 297#0101E040FFFF8727
(1791117067.564136) can0 29B#BB967002FD100000
(1791117067.568632) can0 29C#2800000000000000
(1791117067.568802) can0 33F#0000000028000040
(1791117067.569078) can0 394#0036000010370C1D
(1791117067.569354) can0 396#3B6D4E2800454545
(1791117067.569640) can0 39A#00360200D4C00000
(1791117067.569920) can0 39B#3C3A8200000030B4
(1791117067.613988) can0 297#0101E040FFFF8828
(1791117067.614156) can0 29B#BB967002FD100000
(1791117067.649440) can0 33B#0A00003F00008000
(1791117067.649650) can0 323#0000000000001D65
(1791117067.649894) can0 324#370000414400000B
(1791117067.650143) can0 33D#0000A04000280000
(1791117067.650383) can0 3B7#0000400000014100
(1791117067.650632) can0 491#0000000000000000
(1791117067.663884) can0 297#0101E040FFFF8929
(1791117067.664125) can0 29B#BB967002FD100000
(1791117067.668533) can0 29C#2800000000000000
(1791117067.668810) can0 33F#0000000028000040
(1791117067.669090) can0 394#0036000010370D1C
(1791117067.669369) can0 396#3B6D4E2800454545
(1791117067.669642) can0 39A#00360200E4800000
(1791117067.669925) can0 39B#3C3A8200000034B0
(1791117067.713902) can0 297#0101E040FFFF8A2A
(1791117067.714124) can0 29B#BB967002FD100000
(1791117067.749512) can0 33B#0A00003F00008000
(1791117067.749728) can0 323#0000000000001D65
(1791117067.749975) can0 324#370000414400000B
(1791117067.750221) can0 33D#0000A04000280000
(1791117067.750476) can0 3B7#0000400000024200
(1791117067.750703) can0 491#0000000000000000
(1791117067.763884) can0 297#0101E040FFFF8B2B
(1791117067.764129) can0 29B#BB967002FD100000
(1791117067.768528) can0 29C#2800000000000000
(1791117067.768802) can0 33F#0000000028000040
(1791117067.769099) can0 394#0036000010370E1F
(1791117067.769349) can0 396#3B6D4E2800454545
(1791117067.769645) can0 39A#00360200F4400000
(1791117067.769934) can0 39B#3C3A8200000038BC
(1791117067.813891) can0 297#0101E040FFFF8C2C
(1791117067.814136) can0 29B#BB967002FD100000
(1791117067.849456) can0 33B#0A00003F00008000
(1791117067.849667) can0 323#0000000000001FAD
(1791117067.849899) can0 324#370000414400000B
(1791117067.850141) can0 33D#0000A04000280000
(1791117067.850400) can0 3B7#0000400000034300
(1791117067.850646) can0 491#0000000000000000
(1791117067.863880) can0 297#0101E040FFFF8D2D
(1791117067.864123) can0 29B#BB967002FD100000
(1791117067.868600) can0 29C#2800000000000000
(1791117067.868824) can0 33F#0000000028000040
(1791117067.869106) can0 394#0036000010370F1E
(1791117067.869355) can0 396#3B6D4E2800454545
(1791117067.869651) can0 39A#0036020004000000
(1791117067.869935) can0 39B#3C3A820000003CB8
(1791117067.913908) can0 297#0101E040FFFF8E2E
(1791117067.914133) can0 29B#BB967002FD100000
(1791117067.949471) can0 33B#0A00003F00008000
(1791117067.949673) can0 323#0000000000001FAD
(1791117067.949924) can0 324#370000414400000B
(1791117067.950159) can0 33D#0000A04000280000
(1791117067.950414) can0 3B7#0000400000044400
(1791117067.950668) can0 491#0000000000000000
(1791117067.963876) can0 297#0101E040FFFF8F2F
(1791117067.964131) can0 29B#BB967002FD100000
(1791117067.968565) can0 29C#2800000000000000
(1791117067.968807) can0 33F#0000000028000040
(1791117067.969081) can0 394#0036000010370011
(1791117067.969345) can0 396#3B6D4E2800454545
(1791117067.969652) can0 39A#0036020013C00000
(1791117067.969927) can0 39B#3C3A820000000084
(1791117068.013929) can0 297#0101E040FFFF8020
(1791117068.014145) can0 29B#BB967002FD100000
(1791117068.049559) can0 33B#0A00003F00008000
(1791117068.049751) can0 323#0000000000001FAD
(1791117068.049997) can0 324#370000414400000B
(1791117068.050235) can0 33D#0000A04000280000
(1791117068.050485) can0 3B7#0000400000054500
(1791117068.050732) can0 491#0000000000000000
(1791117068.063907) can0 297#0101E040FFFF8121
(1791117068.064140) can0 29B#BB967002FD100000
(1791117068.068560) can0 29C#2800000000000000
(1791117068.068801) can0 33F#0000000028000040
(1791117068.069073) can0 394#0036000010370110
(1791117068.069343) can0 396#3B6D4E2800454545
(1791117068.069667) can0 39A#0036020023800000
(1791117068.069929) can0 39B#3C3A820000000480
(1791117068.113906) can0 297#0101E040FFFF8222
(1791117068.114111) can0 29B#BB967002FD100000
(1791117068.149475) can0 33B#0A00003F00008000
(1791117068.149687) can0 323#0000000000001FAD
(1791117068.149929) can0 324#370000414400000B
(1791117068.150176) can0 33D#0000A04000280000
(1791117068.150413) can0 3B7#0000400000064600
(1791117068.150676) can0 491#0000000000000000
(1791117068.163874) can0 297#0101E040FFFF8323
(1791117068.164118) can0 29B#BB967002FD100000
(1791117068.168528) can0 29C#2800000000000000
(1791117068.168807) can0 33F#0000000028000040
(1791117068.169076) can0 394#0036000010370213
(1791117068.169346) can0 396#3B6D4E2800454545
(1791117068.169679) can0 39A#0036020033400000
(1791117068.169916) can0 39B#3C3A82000000088C
(1791117068.213901) can0 297#0101E040FFFF8424
(1791117068.214117) can0 29B#BB967002FD100000
(1791117068.249522) can0 33B#0A00003F00008000
(1791117068.249730) can0 323#0000000000001FAD
(1791117068.249971) can0 324#370000414400000B
(1791117068.250218) can0 33D#0000A04000280000
(1791117068.250462) can0 3B7#0000400000074700
(1791117068.250721) can0 491#0000000000000000
(1791117068.263867) can0 297#0101E040FFFF8525
(1791117068.264110) can0 29B#BB967002FD100000
(1791117068.268552) can0 29C#2800000000000000
(1791117068.268821) can0 33F#0000000028000040
(1791117068.269090) can0 394#0036000010370312
(1791117068.269350) can0 396#3B6D4E2800454545
(1791117068.269706) can0 39A#0036020043000000
(1791117068.269935) can0 39B#3C3A820000000C88
(1791117068.313888) can0 297#0101E040FFFF8626
(1791117068.314131) can0 29B#BB967002FD100000
(1791117068.349526) can0 33B#0A00003F00008000
(1791117068.349743) can0 323#0000000000001FC5
(1791117068.350004) can0 324#370000414400000B
(1791117068.350244) can0 33D#0000A04000280000
(1791117068.350497) can0 3B7#0000400000084800
(1791117068.350752) can0 491#0000000000000000
(1791117068.363868) can0 297#0101E040FFFF8727
(1791117068.364113) can0 29B#BB967002FD100000
(1791117068.368593) can0 29C#2800000000000000
(1791117068.368814) can0 33F#0000000028000040
(1791117068.369100) can0 394#0036000010370415
(1791117068.369379) can0 396#3B6D4E2800454545
(1791117068.369662) can0 39A#0036020052C00000
(1791117068.369914) can0 39B#3C3A820000001094
(1791117068.413904) can0 297#0101E040FFFF8828
(1791117068.414128) can0 29B#BB967002FD100000
(1791117068.449504) can0 33B#0A00003F00008000
(1791117068.449735) can0 323#0000000000001FC5
(1791117068.449956) can0 324#370000414400000B
(1791117068.450221) can0 33D#0000A04000280000
(1791117068.450427) can0 3B7#0000400000094900
(1791117068.450717) can0 491#0000000000000000
(1791117068.463878) can0 297#0101E040FFFF8929
(1791117068.464133) can0 29B#BB967002FD100000
(1791117068.468554) can0 29C#2800000000000000
(1791117068.468819) can0 33F#0000000028000040
(1791117068.469067) can0 394#0036000010370514
(1791117068.469347) can0 396#3B6D4E2800454545
(1791117068.469626) can0 39A#0036020062800000
(1791117068.469907) can0 39B#3C3A820000001490
(1791117068.513934) can0 297#0101E040FFFF8A2A
(1791117068.514129) can0 29B#BB967002FD100000
(1791117068.549528) can0 33B#0A00003F00008000
(1791117068.549733) can0 323#0000000000001FC5
(1791117068.549983) can0 324#370000414400000B
(1791117068.550233) can0 33D#0000A04000280000
(1791117068.550479) can0 3B7#00004000000A4A00
(1791117068.550729) can0 491#0000000000000000
(1791117068.563866) can0 297#0101E040FFFF8B2B
(1791117068.564110) can0 29B#BB967002FD100000
(1791117068.568526) can0 29C#2800000000000000
(1791117068.568811) can0 33F#0000000028000040
(1791117068.569064) can0 394#0036000010370617
(1791117068.569344) can0 396#3B6D4E2800454545
(1791117068.569630) can0 39A#0036020072400000
(1791117068.569911) can0 39B#3C3A82000000189C
(1791117068.613907) can0 297#0101E040FFFF8C2C
(1791117068.614118) can0 29B#BB967002FD100000
(1791117068.649474) can0 33B#0A00003F00008000
(1791117068.649744) can0 323#0000000000001FC5
(1791117068.649932) can0 324#370000414400000B
(1791117068.650177) can0 33D#0000A04000280000
(1791117068.650417) can0 3B7#00004000000B4B00
(1791117068.650656) can0 491#0000000000000000
(1791117068.663879) can0 297#0101E040FFFF8D2D
(1791117068.664123) can0 29B#BB967002FD100000
(1791117068.668520) can0 29C#2800000000000000
(1791117068.668797) can0 33F#0000000028000040
(1791117068.669095) can0 394#0036000010370716
(1791117068.669344) can0 396#3B6D4E2800454545
(1791117068.669642) can0 39A#0036020082000000
(1791117068.669927) can0 39B#3C3A820000001C98
(1791117068.713905) can0 297#0101E040FFFF8E2E
(1791117068.714134) can0 29B#BB967002FD100000
(1791117068.749720) can0 33B#0A00003F00008000
(1791117068.749916) can0 33D#0000A04000280000
(1791117068.750175) can0 323#0000000000001FC5
(1791117068.750405) can0 324#370000414400000B
(1791117068.750653) can0 3B7#00004000000C4C00
(1791117068.750893) can0 491#0000000000000000
(1791117068.763874) can0 297#0101E040FFFF8F2F
(1791117068.764123) can0 29B#BB967002FD100000
(1791117068.768574) can0 29C#2800000000000000
(1791117068.768822) can0 33F#0000000028000040
(1791117068.769103) can0 394#0036000010370819
(1791117068.769345) can0 396#3B6D4E2800454545
(1791117068.769644) can0 39A#0036020091C00000
(1791117068.769945) can0 39B#3C3A8200000020A4
(1791117068.813878) can0 297#0101E040FFFF8020
(1791117068.814117) can0 29B#BB967002FD100000
(1791117068.849513) can0 33B#0A00003F00008000
(1791117068.849718) can0 323#0000000000000000
(1791117068.849964) can0 324#370000414400000B
(1791117068.850200) can0 33D#0000A04000280000
(1791117068.850455) can0 3B7#00004000000D4D00
(1791117068.850698) can0 491#0000000000000000
(1791117068.863885) can0 297#0101E040FFFF8121
(1791117068.864198) can0 29B#BB967002FD100000
(1791117068.868708) can0 29C#2800000000000000
(1791117068.868823) can0 33F#0000000028000040
(1791117068.869080) can0 394#0036000010370918
(1791117068.869379) can0 396#3B6D4E2800454545
(1791117068.869661) can0 39A#00360200A1800000
(1791117068.869944) can0 39B#3C3A8200000024A0
(1791117068.913929) can0 297#0101E040FFFF8222
(1791117068.914137) can0 29B#BB967002FD100000
(1791117068.949494) can0 33B#0A00003F00008000
(1791117068.949707) can0 323#0000000000000000
(1791117068.949952) can0 324#370000414400000B
(1791117068.950197) can0 33D#0000A04000280000
(1791117068.950447) can0 3B7#00004000000E4E00
(1791117068.950694) can0 491#0000000000000000
(1791117068.963924) can0 297#0101E040FFFF8323
(1791117068.964149) can0 29B#BB967002FD100000
(1791117068.968539) can0 29C#2800000000000000
(1791117068.968805) can0 33F#0000000028000040
(1791117068.969068) can0 394#0036000010370A1B
(1791117068.969347) can0 396#3B6D4E2800454545
(1791117068.969636) can0 39A#00360200B1400000
(1791117068.969924) can0 39B#3C3A8200000028AC
(1791117069.013898) can0 297#0101E040FFFF8424
(1791117069.014122) can0 29B#BB967002FD100000
(1791117069.049503) can0 33B#0A00003F00008000
(1791117069.049704) can0 323#0000000000000000
(1791117069.049955) can0 324#370000414400000B
(1791117069.050194) can0 33D#0000A04000280000
(1791117069.050443) can0 3B7#00004000000F4F00
(1791117069.050690) can0 491#0000000000000000
(1791117069.063877) can0 297#0101E040FFFF8525
(1791117069.064118) can0 29B#BB967002FD100000
(1791117069.068522) can0 29C#2800000000000000
(1791117069.068801) can0 33F#0000000028000040
(1791117069.069078) can0 394#0036000010370B1A
(1791117069.069337) can0 396#3B6D4E2800454545
(1791117069.069646) can0 39A#00360200C1000000
(1791117069.069927) can0 39B#3C3A820000002CA8
(1791117069.113881) can0 297#0101E040FFFF8626
(1791117069.114117) can0 29B#BB967002FD100000
(1791117069.149505) can0 33B#0A00003F00008000
(1791117069.149705) can0 323#0000000000000000
(1791117069.149957) can0 324#370000414400000B
(1791117069.150206) can0 33D#0000A04000280000
(1791117069.150446) can0 3B7#0000400000004000
(1791117069.150687) can0 491#0000000000000000
(1791117069.163877) can0 297#0101E040FFFF8727
(1791117069.164124) can0 29B#BB967002FD100000
(1791117069.168530) can0 29C#2800000000000000
(1791117069.168814) can0 33F#0000000028000040
(1791117069.169074) can0 394#0036000010370C1D
(1791117069.169351) can0 396#3B6D4E2800454545
(1791117069.169651) can0 39A#00360200D0C00000
(1791117069.169948) can0 39B#3C3A8200000030B4
(1791117069.213906) can0 297#0101E040FFFF8828
(1791117069.214109) can0 29B#BB967002FD100000
(1791117069.249641) can0 33B#0A00003F00008000
(1791117069.249898) can0 323#0000000000000000
(1791117069.250102) can0 324#370000414400000B
(1791117069.250358) can0 33D#0000A04000280000
(1791117069.250619) can0 3B7#0000400000014100
(1791117069.250853) can0 491#0000000000000000
(1791117069.263865) can0 297#0101E040FFFF8929
(1791117069.264112) can0 29B#BB967002FD100000
(1791117069.268597) can0 29C#2800000000000000
(1791117069.268845) can0 33F#0000000028000040
(1791117069.269092) can0 394#0036000010370D1C
(1791117069.269339) can0 396#3B6D4E2800454545
(1791117069.269633) can0 39A#00360200E0800000
(1791117069.269928) can0 39B#3C3A8200000034B0
(1791117069.313904) can0 297#0101E040FFFF8A2A
(1791117069.314137) can0 29B#BB967002FD100000
(1791117069.349546) can0 33B#0A00003F00008000
(1791117069.349731) can0 323#0000000000001D65
(1791117069.349966) can0 324#370000414400000B
(1791117069.350220) can0 33D#0000A04000280000
(1791117069.350468) can0 3B7#0000400000024200
(1791117069.350700) can0 491#0000000000000000
(1791117069.363889) can0 297#0101E040FFFF8B2B
(1791117069.364120) can0 29B#BB967002FD100000
(1791117069.368547) can0 29C#2800000000000000
(1791117069.368846) can0 33F#0000000028000040
(1791117069.369077) can0 394#0036000010370E1F
(1791117069.369343) can0 396#3B6D4E2800454545
(1791117069.369632) can0 39A#00360200F0400000
(1791117069.369909) can0 39B#3C3A8200000038BC
(1791117069.414020) can0 297#0101E040FFFF8C2C
(1791117069.414149) can0 29B#BB967002FD100000
(1791117069.449530) can0 33B#0A00003F00008000
(1791117069.449737) can0 323#0000000000001D65
(1791117069.449965) can0 324#370000414400000B
(1791117069.450208) can0 33D#0000A04000280000
(1791117069.450456) can0 3B7#0000400000034300
(1791117069.450710) can0 491#0000000000000000
(1791117069.463967) can0 297#0101E040FFFF8D2D
(1791117069.464133) can0 29B#BB967002FD100000
(1791117069.468556) can0 29C#2800000000000000
(1791117069.468860) can0 33F#0000000028000040
(1791117069.469086) can0 394#0036000010370F1E
(1791117069.469345) can0 396#3B6D4E2800454545
(1791117069.469641) can0 39A#0036020000000000
(1791117069.469908) can0 39B#3C3A820000003CB8
(1791117069.513932) can0 297#0101E040FFFF8E2E
(1791117069.514121) can0 29B#BB967002FD100000
(1791117069.549550) can0 33B#0A00003F00008000
(1791117069.549738) can0 323#0000000000001D65
(1791117069.549970) can0 324#370000414400000B
(1791117069.550219) can0 33D#0000A04000280000
(1791117069.550448) can0 3B7#0000400000044400
(1791117069.550718) can0 491#0000000000000000
(1791117069.563919) can0 297#0101E040FFFF8F2F
(1791117069.564106) can0 29B#BB967002FD100000
(1791117069.568531) can0 29C#2800000000000000
(1791117069.568872) can0 33F#0000000028000040
(1791117069.569069) can0 394#0036000010370011
(1791117069.569349) can0 396#3B6D4E2800454545
(1791117069.569626) can0 39A#003602000FC00000
(1791117069.569915) can0 39B#3C3A820000000084
(1791117069.613934) can0 297#0101E040FFFF8020
(1791117069.614141) can0 29B#BB967002FD100000
(1791117069.649529) can0 33B#0A00003F00008000
(1791117069.649743) can0 323#0000000000001D65
(1791117069.649987) can0 324#370000414400000B
(1791117069.650241) can0 33D#0000A04000280000
(1791117069.650471) can0 3B7#0000400000054500
(1791117069.650715) can0 491#0000000000000000
(1791117069.663938) can0 297#0101E040FFFF8121
(1791117069.664119) can0 29B#BB967002FD100000
(1791117069.668581) can0 29C#2800000000000000
(1791117069.668841) can0 33F#0000000028000040
(1791117069.669119) can0 394#0036000010370110
(1791117069.669379) can0 396#3B6D4E2800454545
(1791117069.669671) can0 39A#003602001F800000
(1791117069.669931) can0 39B#3C3A820000000480
(1791117069.713943) can0 297#0101E040FFFF8222
(1791117069.714131) can0 29B#BB967002FD100000
(1791117069.749625) can0 33B#0A00003F00008000
(1791117069.749803) can0 323#0000000000001D65
(1791117069.750026) can0 324#370000414400000B
(1791117069.750277) can0 33D#0000A04000280000
(1791117069.750513) can0 3B7#0000400000064600
(1791117069.750760) can0 491#0000000000000000
(1791117069.763869) can0 297#0101E040FFFF8323
(1791117069.764107) can0 29B#BB967002FD100000
(1791117069.768612) can0 29C#2800000000000000
(1791117069.768835) can0 33F#0000000028000040
(1791117069.769079) can0 394#0036000010370213
(1791117069.769349) can0 396#3B6D4E2800454545
(1791117069.769653) can0 39A#003602002F400000
(1791117069.769977) can0 39B#3C3A82000000088C
(1791117069.813981) can0 297#0101E040FFFF8424
(1791117069.814150) can0 29B#BB967002FD100000
(1791117069.849595) can0 33B#0A00003F00008000
(1791117069.849763) can0 323#0000000000001FAD
(1791117069.850003) can0 324#370000414400000B
(1791117069.850243) can0 33D#0000A04000280000
(1791117069.850478) can0 3B7#0000400000074700
(1791117069.850720) can0 491#0000000000000000
(1791117069.863873) can0 297#0101E040FFFF8525
(1791117069.864130) can0 29B#BB967002FD100000
(1791117069.868577) can0 29C#2800000000000000
(1791117069.868809) can0 33F#0000000028000040
(1791117069.869067) can0 394#0036000010370312
(1791117069.869334) can0 396#3B6D4E2800454545
(1791117069.869633) can0 39A#003602003F000000
(1791117069.869912) can0 39B#3C3A820000000C88
(1791117069.913962) can0 297#0101E040FFFF8626
(1791117069.914129) can0 29B#BB967002FD100000
(1791117069.949609) can0 33B#0A00003F00008000
(1791117069.949807) can0 323#0000000000001FAD
(1791117069.950063) can0 324#370000414400000B
(1791117069.950299) can0 33D#0000A04000280000
(1791117069.950549) can0 3B7#0000400000084800
(1791117069.950809) can0 491#0000000000000000
(1791117069.963877) can0 297#0101E040FFFF8727
(1791117069.964117) can0 29B#BB967002FD100000
(1791117069.968526) can0 29C#2800000000000000
(1791117069.968802) can0 33F#0000000028000040
(1791117069.969078) can0 394#0036000010370415
(1791117069.969338) can0 396#3B6D4E2800454545
(1791117069.969647) can0 39A#003602004EC00000
(1791117069.969925) can0 39B#3C3A820000001094
(1791117070.013927) can0 297#0101E040FFFF8828
(1791117070.014129) can0 29B#BB967002FD100000
(1791117070.049550) can0 33B#0A00003F00008000
(1791117070.049749) can0 323#0000000000001FAD
(1791117070.049997) can0 324#370000414400000B
(1791117070.050235) can0 33D#0000A04000280000
(1791117070.050479) can0 3B7#0000400000094900
(1791117070.050728) can0 491#0000000000000000
(1791117070.063882) can0 297#0101E040FFFF8929
(1791117070.064116) can0 29B#BB967002FD100000
(1791117070.068522) can0 29C#2800000000000000
(1791117070.068800) can0 33F#0000000028000040
(1791117070.069078) can0 394#0036000010370514
(1791117070.069351) can0 396#3B6D4E2800454545
(1791117070.069630) can0 39A#003602005E800000
(1791117070.069946) can0 39B#3C3A820000001490
(1791117070.113898) can0 297#0101E040FFFF8A2A
(1791117070.114128) can0 29B#BB967002FD100000
(1791117070.149555) can0 33B#0A00003F00008000
(1791117070.149758) can0 323#0000000000001FAD
(1791117070.150009) can0 324#370000414400000B
(1791117070.150249) can0 33D#0000A04000280000
(1791117070.150495) can0 3B7#00004000000A4A00
(1791117070.150743) can0 491#0000000000000000
(1791117070.163871) can0 297#0101E040FFFF8B2B
(1791117070.164115) can0 29B#BB967002FD100000
(1791117070.168579) can0 29C#2800000000000000
(1791117070.168816) can0 33F#0000000028000040
(1791117070.169092) can0 394#0036000010370617
(1791117070.169348) can0 396#3B6D4E2800454545
(1791117070.169630) can0 39A#003602006E400000
(1791117070.169985) can0 39B#3C3A82000000189C
(1791117070.213930) can0 297#0101E040FFFF8C2C
(1791117070.214129) can0 29B#BB967002FD100000
(1791117070.249656) can0 33B#0A00003F00008000
(1791117070.249875) can0 323#0000000000001FAD
(1791117070.250096) can0 324#370000414400000B
(1791117070.250336) can0 33D#0000A04000280000
(1791117070.250593) can0 3B7#00004000000B4B00
(1791117070.250832) can0 491#0000000000000000
(1791117070.263920) can0 297#0101E040FFFF8D2D
(1791117070.264134) can0 29B#BB967002FD100000
(1791117070.268635) can0 29C#2800000000000000
(1791117070.268834) can0 33F#0000000028000040
(1791117070.269090) can0 394#0036000010370716
(1791117070.269359) can0 396#3B6D4E2800454545
(1791117070.269661) can0 39A#003602007E000000
(1791117070.269979) can0 39B#3C3A820000001C98
(1791117070.313945) can0 297#0101E040FFFF8E2E
(1791117070.314111) can0 29B#BB967002FD100000
(1791117070.349558) can0 33B#0A00003F00008000
(1791117070.349766) can0 323#0000000000001FC5
(1791117070.350017) can0 324#370000414400000B
(1791117070.350234) can0 33D#0000A04000280000
(1791117070.350487) can0 3B7#00004000000C4C00
(1791117070.350747) can0 491#0000000000000000
(1791117070.363921) can0 297#0101E040FFFF8F2F
(1791117070.364123) can0 29B#BB967002FD100000
(1791117070.368554) can0 29C#2800000000000000
(1791117070.368806) can0 33F#0000000028000040
(1791117070.369075) can0 394#0036000010370819
(1791117070.369327) can0 396#3B6D4E2800454545
(1791117070.369625) can0 39A#003602008DC00000
(1791117070.369907) can0 39B#3C3A8200000020A4
(1791117070.414046) can0 297#0101E040FFFF8020
(1791117070.414148) can0 29B#BB967002FD100000
(1791117070.449564) can0 33B#0A00003F00008000
(1791117070.449780) can0 323#0000000000001FC5
(1791117070.450014) can0 324#370000414400000B
(1791117070.450263) can0 33D#0000A04000280000
(1791117070.450504) can0 3B7#00004000000D4D00
(1791117070.450746) can0 491#0000000000000000
(1791117070.463869) can0 297#0101E040FFFF8121
(1791117070.464130) can0 29B#BB967002FD100000
(1791117070.468533) can0 29C#2800000000000000
(1791117070.468806) can0 33F#0000000028000040
(1791117070.469072) can0 394#0036000010370918
(1791117070.469333) can0 396#3B6D4E2800454545
(1791117070.469634) can0 39A#003602009D800000
(1791117070.469903) can0 39B#3C3A8200000024A0
(1791117070.513900) can0 297#0101E040FFFF8222
(1791117070.514114) can0 29B#BB967002FD100000
(1791117070.549566) can0 33B#0A00003F00008000
(1791117070.549771) can0 323#0000000000001FC5
(1791117070.550015) can0 324#370000414400000B
(1791117070.550241) can0 33D#0000A04000280000
(1791117070.550507) can0 3B7#00004000000E4E00
(1791117070.550757) can0 491#0000000000000000
(1791117070.563869) can0 297#0101E040FFFF8323
(1791117070.564111) can0 29B#BB967002FD100000
(1791117070.568543) can0 29C#2800000000000000
(1791117070.568796) can0 33F#0000000028000040
(1791117070.569072) can0 394#0036000010370A1B
(1791117070.569354) can0 396#3B6D4E2800454545
(1791117070.569651) can0 39A#00360200AD400000
(1791117070.569936) can0 39B#3C3A8200000028AC
(1791117070.613893) can0 297#0101E040FFFF8424
(1791117070.614134) can0 29B#BB967002FD100000
(1791117070.649652) can0 33B#0A00003F00008000
(1791117070.649884) can0 323#0000000000001FC5
(1791117070.650079) can0 324#370000414400000B
(1791117070.650334) can0 33D#0000A04000280000
(1791117070.650572) can0 3B7#00004000000F4F00
(1791117070.650843) can0 491#0000000000000000
(1791117070.663878) can0 297#0101E040FFFF8525
(1791117070.664129) can0 29B#BB967002FD100000
(1791117070.668634) can0 29C#2800000000000000
(1791117070.668816) can0 33F#0000000028000040
(1791117070.669083) can0 394#0036000010370B1A
(1791117070.669342) can0 396#3B6D4E2800454545
(1791117070.669654) can0 39A#00360200BD000000
(1791117070.669929) can0 39B#3C3A820000002CA8
(1791117070.713920) can0 297#0101E040FFFF8626
(1791117070.714138) can0 29B#BB967002FD100000
(1791117070.749858) can0 33B#0A00003F00008000
(1791117070.750055) can0 323#0000000000001FC5
(1791117070.750256) can0 324#370000414400000B
(1791117070.750512) can0 33D#0000A04000280000
(1791117070.750783) can0 3B7#0000400000004000
(1791117070.751080) can0 491#0000000000000000
(1791117070.763896) can0 297#0101E040FFFF8727
(1791117070.764123) can0 29B#BB967002FD100000
(1791117070.768558) can0 29C#2800000000000000
(1791117070.768807) can0 33F#0000000028000040
(1791117070.769064) can0 394#0036000010370C1D
(1791117070.769324) can0 396#3B6D4E2800454545
(1791117070.769630) can0 39A#00360200CCC00000
(1791117070.769912) can0 39B#3C3A8200000030B4
(1791117070.813943) can0 297#0101E040FFFF8828
(1791117070.814133) can0 29B#BB967002FD100000
(1791117070.849569) can0 33B#0A00003F00008000
(1791117070.849777) can0 323#0000000000000000
(1791117070.850042) can0 324#370000414400000B
(1791117070.850267) can0 33D#0000A04000280000
(1791117070.850514) can0 3B7#0000400000014100
(1791117070.850773) can0 491#0000000000000000
(1791117070.863893) can0 297#0101E040FFFF8929
(1791117070.864097) can0 29B#BB967002FD100000
(1791117070.868521) can0 29C#2800000000000000
(1791117070.868795) can0 33F#0000000028000040
(1791117070.869061) can0 394#0036000010370D1C
(1791117070.869323) can0 396#3B6D4E2800454545
(1791117070.869621) can0 39A#00360200DC800000
(1791117070.869895) can0 39B#3C3A8200000034B0
(1791117070.913905) can0 297#0101E040FFFF8A2A
(1791117070.914104) can0 29B#BB967002FD100000
(1791117070.949576) can0 33B#0A00003F00008000
(1791117070.949794) can0 323#0000000000000000
(1791117070.950058) can0 324#370000414400000B
(1791117070.950262) can0 33D#0000A04000280000
(1791117070.950528) can0 3B7#0000400000024200
(1791117070.950779) can0 491#0000000000000000
(1791117070.963877) can0 297#0101E040FFFF8B2B
(1791117070.964110) can0 29B#BB967002FD100000
(1791117070.968507) can0 29C#2800000000000000
(1791117070.968793) can0 33F#0000000028000040
(1791117070.969069) can0 394#0036000010370E1F
(1791117070.969330) can0 396#3B6D4E2800454545
(1791117070.969631) can0 39A#00360200EC400000
(1791117070.969911) can0 39B#3C3A8200000038BC
(1791117071.013901) can0 297#0101E040FFFF8C2C
(1791117071.014099) can0 29B#BB967002FD100000
(1791117071.049593) can0 33B#0A00003F00008000
(1791117071.049794) can0 323#0000000000000000
(1791117071.050076) can0 324#370000414400000B
(1791117071.050262) can0 33D#0000A04000280000
(1791117071.050507) can0 3B7#0000400000034300
(1791117071.050786) can0 491#0000000000000000
(1791117071.063885) can0 297#0101E040FFFF8D2D
(1791117071.064111) can0 29B#BB967002FD100000
(1791117071.068565) can0 29C#2800000000000000
(1791117071.068820) can0 33F#0000000028000040
(1791117071.069094) can0 394#0036000010370F1E
(1791117071.069365) can0 396#3B6D4E2800454545
(1791117071.069674) can0 39A#00360200FC000000
(1791117071.069949) can0 39B#3C3A820000003CB8
(1791117071.113885) can0 297#0101E040FFFF8E2E
(1791117071.114120) can0 29B#BB967002FD100000
(1791117071.149612) can0 33B#0A00003F00008000
(1791117071.149972) can0 323#0000000000000000
(1791117071.150104) can0 324#370000414400000B
(1791117071.150287) can0 33D#0000A04000280000
(1791117071.150531) can0 3B7#0000400000044400
(1791117071.150800) can0 491#0000000000000000
(1791117071.163879) can0 297#0101E040FFFF8F2F
(1791117071.164101) can0 29B#BB967002FD100000
(1791117071.168615) can0 29C#2800000000000000
(1791117071.168954) can0 33F#0000000028000040
(1791117071.169098) can0 394#0036000010370011
(1791117071.169340) can0 396#3B6D4E2800454545
(1791117071.169637) can0 39A#003602000BC00000
(1791117071.169918) can0 39B#3C3A820000000084
(1791117071.214054) can0 297#0101E040FFFF8020
(1791117071.214126) can0 29B#BB967002FD100000
(1791117071.249737) can0 33B#0A00003F00008000
(1791117071.249925) can0 323#0000000000000000
(1791117071.250119) can0 324#370000414400000B
(1791117071.250336) can0 33D#0000A04000280000
(1791117071.250571) can0 3B7#0000400000054500
(1791117071.250850) can0 491#0000000000000000
(1791117071.263887) can0 297#0101E040FFFF8121
(1791117071.264126) can0 29B#BB967002FD100000
(1791117071.268566) can0 29C#2800000000000000
(1791117071.268787) can0 33F#0000000028000040
(1791117071.269098) can0 394#0036000010370110
(1791117071.269324) can0 396#3B6D4E2800454545
(1791117071.269622) can0 39A#003602001B800000
(1791117071.269902) can0 39B#3C3A820000000480
(1791117071.314006) can0 297#0101E040FFFF8222
(1791117071.314128) can0 29B#BB967002FD100000
(1791117071.349597) can0 33B#0A00003F00008000
(1791117071.349794) can0 323#0000000000001D65
(1791117071.350111) can0 324#370000414400000B
(1791117071.350267) can0 33D#0000A04000280000
(1791117071.350513) can0 3B7#0000400000064600
(1791117071.350783) can0 491#0000000000000000
(1791117071.363867) can0 297#0101E040FFFF8323
(1791117071.364111) can0 29B#BB967002FD100000
(1791117071.368520) can0 29C#2800000000000000
(1791117071.368797) can0 33F#0000000028000040
(1791117071.369113) can0 394#0036000010370213
(1791117071.369316) can0 396#3B6D4E2800454545
(1791117071.369612) can0 39A#003602002B400000
(1791117071.369895) can0 39B#3C3A82000000088C
(1791117071.413910) can0 297#0101E040FFFF8424
(1791117071.414134) can0 29B#BB967002FD100000
(1791117071.449623) can0 33B#0A00003F00008000
(1791117071.449820) can0 323#0000000000001D65
(1791117071.450124) can0 324#370000414400000B
(1791117071.450310) can0 33D#0000A04000280000
(1791117071.450557) can0 3B7#0000400000074700
(1791117071.450796) can0 491#0000000000000000
(1791117071.463865) can0 297#0101E040FFFF8525
(1791117071.464126) can0 29B#BB967002FD100000
(1791117071.468514) can0 29C#2800000000000000
(1791117071.468792) can0 33F#0000000028000040
(1791117071.469137) can0 394#0036000010370312
(1791117071.469335) can0 396#3B6D4E2800454545
(1791117071.469629) can0 39A#003602003B000000
(1791117071.469909) can0 39B#3C3A820000000C88
(1791117071.513951) can0 297#0101E040FFFF8626
(1791117071.514145) can0 29B#BB967002FD100000
(1791117071.549609) can0 33B#0F00003F00008000
(1791117071.549806) can0 323#0000000000001D65
(1791117071.550033) can0 324#370000414400000D
(1791117071.550283) can0 33D#0000A04000280000
(1791117071.550521) can0 3B7#0000400000084800
(1791117071.550784) can0 491#0000000000000000
(1791117071.563871) can0 297#0101E040FFFF8727
(1791117071.564156) can0 29B#BB967002FD100000
(1791117071.568583) can0 29C#2800000000000000
(1791117071.568819) can0 33F#0000000028000040
(1791117071.569092) can0 394#0036000010370415
(1791117071.569337) can0 396#3B6D4E2800454545
(1791117071.569631) can0 39A#003602004AC00000
(1791117071.569918) can0 39B#3C3A820000001094
(1791117071.613885) can0 297#0101E040FFFF8828
(1791117071.614155) can0 29B#BB967002FD100000
(1791117071.649632) can0 33B#2400003F00008000
(1791117071.649907) can0 323#0000000000001D65
(1791117071.650078) can0 324#370000414400001F
(1791117071.650331) can0 33D#0000A04000280000
(1791117071.650588) can0 3B7#0000400000094900
(1791117071.650821) can0 491#0000000000000000
(1791117071.663871) can0 297#0101E040FFFF8929
(1791117071.664172) can0 29B#BB967002FD100000
(1791117071.668595) can0 29C#2800000000000000
(1791117071.668813) can0 33F#0000000028000040
(1791117071.669073) can0 394#0036000010370514
(1791117071.669321) can0 396#3B6D4E2800454545
(1791117071.669627) can0 39A#003602005A800000
(1791117071.669906) can0 39B#3C3A820000001490
(1791117071.713925) can0 297#0101E040FFFF8A2A
(1791117071.714187) can0 29B#BB967002FD100000
(1791117071.749719) can0 33B#2D00003F00008000
(1791117071.749911) can0 323#0000000000001D65
(1791117071.750093) can0 324#370000414400001F
(1791117071.750335) can0 33D#0000A04000280000
(1791117071.750579) can0 3B7#00004000000A4A00
(1791117071.750821) can0 491#0000000000000000
(1791117071.763921) can0 297#0101E040FFFF8B2B
(1791117071.764200) can0 29B#BB967002FD100000
(1791117071.768547) can0 29C#2800000000000000
(1791117071.768795) can0 33F#0000000028000040
(1791117071.769062) can0 394#0036000010370617
(1791117071.769322) can0 396#3B6D4E2800454545
(1791117071.769637) can0 39A#003602006A400000
(1791117071.769898) can0 39B#3C3A82000000189C
(1791117071.813965) can0 297#0101E040FFFF8C2C
(1791117071.814126) can0 29B#BB967002FD100000
(1791117071.849672) can0 33B#3100003F00008000
(1791117071.849889) can0 323#0000000000001FAD
(1791117071.850177) can0 324#370000414400001F
(1791117071.850374) can0 33D#0000A04000280000
(1791117071.850594) can0 3B7#00004000000B4B00
(1791117071.850860) can0 491#0000000000000000
(1791117071.863859) can0 297#0101E040FFFF8D2D
(1791117071.864111) can0 29B#BB967002FD100000
(1791117071.868512) can0 29C#2800000000000000
(1791117071.868792) can0 33F#0000000028000040
(1791117071.869067) can0 394#0036000010370716
(1791117071.869336) can0 396#3B6D4E2800454545
(1791117071.869626) can0 39A#003602007A000000
(1791117071.869887) can0 39B#3C3A820000001C98
(1791117071.913894) can0 297#0101E040FFFF8E2E
(1791117071.914101) can0 29B#BB967002FD100000
(1791117071.949705) can0 33B#3300003F00008000
(1791117071.949883) can0 323#0000000000001FAD
(1791117071.950187) can0 324#370000414400001F
(1791117071.950383) can0 33D#0000A04000280000
(1791117071.950624) can0 3B7#00004000000C4C00
(1791117071.950871) can0 491#0000000000000000
(1791117071.963872) can0 297#0101E040FFFF8F2F
(1791117071.964109) can0 29B#BB967002FD100000
(1791117071.968517) can0 29C#2800000000000000
(1791117071.968791) can0 33F#0000000028000040
(1791117071.969050) can0 394#0036000010370819
(1791117071.969334) can0 396#3B6D4E2800454545
(1791117071.969628) can0 39A#0036020089C00000
(1791117071.969901) can0 39B#3C3A8200000020A4
(1791117072.013891) can0 297#0101E040FFFF8020
(1791117072.014106) can0 29B#BB967002FD100000
(1791117072.049643) can0 33B#3400003F00008000
(1791117072.049832) can0 323#0000000000001FAD
(1791117072.050093) can0 324#370000414400001F
(1791117072.050343) can0 33D#0000A04000280000
(1791117072.050568) can0 3B7#00004000000D4D00
(1791117072.050834) can0 491#0000000000000000
(1791117072.063862) can0 297#0101E040FFFF8121
(1791117072.064094) can0 29B#BB967002FD100000
(1791117072.068579) can0 29C#2800000000000000
(1791117072.068797) can0 33F#0000000028000040
(1791117072.069078) can0 394#0036000010370918
(1791117072.069333) can0 396#3B6D4E2800454545
(1791117072.069625) can0 39A#0036020099800000
(1791117072.069922) can0 39B#3C3A8200000024A0
(1791117072.113943) can0 297#0101E040FFFF8222
(1791117072.114114) can0 29B#BB967002FD100000
(1791117072.149614) can0 33B#3400003F00008000
(1791117072.149904) can0 323#0000000000001FAD
(1791117072.150111) can0 324#370000414400001F
(1791117072.150322) can0 33D#0000A04000280000
(1791117072.150576) can0 3B7#00004000000E4E00
(1791117072.150823) can0 491#0000000000000000
(1791117072.163939) can0 297#0101E040FFFF8323
(1791117072.164135) can0 29B#BB967002FD100000
(1791117072.168599) can0 29C#2800000000000000
(1791117072.168791) can0 33F#0000000028000040
(1791117072.169059) can0 394#0036000010370A1B
(1791117072.169331) can0 396#3B6D4E2800454545
(1791117072.169609) can0 39A#00360200A9400000
(1791117072.169906) can0 39B#3C3A8200000028AC
(1791117072.213922) can0 297#0101E040FFFF8424
(1791117072.214114) can0 29B#BB967002FD100000
(1791117072.249661) can0 33B#3400003F00008000
(1791117072.249893) can0 323#0000000000001FAD
(1791117072.250113) can0 324#370000414400001F
(1791117072.250360) can0 33D#0000A04000280000
(1791117072.250616) can0 3B7#00004000000F4F00
(1791117072.250843) can0 491#0000000000000000
(1791117072.263902) can0 297#0101E040FFFF8525
(1791117072.264104) can0 29B#BB967002FD100000
(1791117072.268528) can0 29C#2800000000000000
(1791117072.268772) can0 33F#0000000028000040
(1791117072.269059) can0 394#0036000010370B1A
(1791117072.269327) can0 396#3B6D4E2800454545
(1791117072.269617) can0 39A#00360200B9000000
(1791117072.269896) can0 39B#3C3A820000002CA8
(1791117072.313888) can0 297#0101E040FFFF8626
(1791117072.314091) can0 29B#BB967002FD100000
(1791117072.349640) can0 33B#3400003F00008000
(1791117072.349885) can0 323#0000000000001FC5
(1791117072.350104) can0 324#370000414400001F
(1791117072.350311) can0 33D#0000A04000280000
(1791117072.350574) can0 3B7#0000400000004000
(1791117072.350819) can0 491#0000000000000000
(1791117072.363847) can0 297#0101E040FFFF8727
(1791117072.364091) can0 29B#BB967002FD100000
(1791117072.368507) can0 29C#2800000000000000
(1791117072.368784) can0 33F#0000000028000040
(1791117072.369052) can0 394#0036000010370C1D
(1791117072.369313) can0 396#3B6D4E2800454545
(1791117072.369620) can0 39A#00360200C8C00000
(1791117072.369895) can0 39B#3C3A8200000030B4
(1791117072.413890) can0 297#0101E040FFFF8828
(1791117072.414105) can0 29B#BB967002FD100000
(1791117072.449649) can0 33B#3400003F00008000
(1791117072.449863) can0 323#0000000000001FC5
(1791117072.450105) can0 324#370000414400001F
(1791117072.450322) can0 33D#0000A04000280000
(1791117072.450565) can0 3B7#0000400000014100
(1791117072.450826) can0 491#0000000000000000
(1791117072.463869) can0 297#0101E040FFFF8929
(1791117072.464115) can0 29B#BB967002FD100000
(1791117072.468529) can0 29C#2800000000000000
(1791117072.468798) can0 33F#0000000028000040
(1791117072.469073) can0 394#0036000010370D1C
(1791117072.469339) can0 396#3B6D4E2800454545
(1791117072.469647) can0 39A#00360200D8800000
(1791117072.469912) can0 39B#3C3A8200000034B0
(1791117072.513881) can0 297#0101E040FFFF8A2A
(1791117072.514085) can0 29B#BB967002FD100000
(1791117072.549685) can0 33B#3500003F00008000
(1791117072.549899) can0 323#0000000000001FC5
(1791117072.550107) can0 324#370000414400001F
(1791117072.550362) can0 33D#0000A04000280000
(1791117072.550591) can0 3B7#0000400000024200
(1791117072.550853) can0 491#0000000000000000
(1791117072.563857) can0 297#0101E040FFFF8B2B
(1791117072.564094) can0 29B#BB967002FD100000
(1791117072.568604) can0 29C#2800000000000000
(1791117072.568818) can0 33F#0000000028000040
(1791117072.569066) can0 394#0036000010370E1F
(1791117072.569328) can0 396#3B6D4E2800454545
(1791117072.569681) can0 39A#00360200E8400000
(1791117072.569947) can0 39B#3C3A8200000038BC
(1791117072.613982) can0 297#0101E040FFFF8C2C
(1791117072.614127) can0 29B#BB967002FD100000
(1791117072.649676) can0 33B#3500003F00008000
(1791117072.649902) can0 323#0000000000001FC5
(1791117072.650100) can0 324#370000414400001F
(1791117072.650356) can0 33D#0000A04000280000
(1791117072.650583) can0 3B7#0000400000034300
(1791117072.650846) can0 491#0000000000000000
(1791117072.663865) can0 297#0101E040FFFF8D2D
(1791117072.664104) can0 29B#BB967002FD100000
(1791117072.668554) can0 29C#2800000000000000
(1791117072.668788) can0 33F#0000000028000040
(1791117072.669046) can0 394#0036000010370F1E
(1791117072.669323) can0 396#3B6D4E2800454545
(1791117072.669602) can0 39A#00360200F8000000
(1791117072.669891) can0 39B#3C3A820000003CB8
(1791117072.713979) can0 297#0101E040FFFF8E2E
(1791117072.714119) can0 29B#BB967002FD100000
(1791117072.750030) can0 33B#3500003F00008000
(1791117072.750142) can0 323#0000000000001FC5
(1791117072.750372) can0 324#370000414400001F
(1791117072.750609) can0 33D#0000A04000280000
(1791117072.750864) can0 3B7#0000400000044400
(1791117072.751116) can0 491#0000000000000000
(1791117072.763873) can0 297#0101E040FFFF8F2F
(1791117072.764088) can0 29B#BB967002FD100000
(1791117072.768512) can0 29C#2800000000000000
(1791117072.768798) can0 33F#0000000028000040
(1791117072.769049) can0 394#0036000010370011
(1791117072.769326) can0 396#3B6D4E2800454545
(1791117072.769606) can0 39A#0036020007C00000
(1791117072.769896) can0 39B#3C3A820000000084
(1791117072.813892) can0 297#0101E040FFFF8020
(1791117072.814100) can0 29B#BB967002FD100000
(1791117072.849670) can0 33B#3500003F00008000
(1791117072.849882) can0 323#0000000000000000
(1791117072.850126) can0 324#370000414400001F
(1791117072.850374) can0 33D#0000A04000280000
(1791117072.850619) can0 3B7#0000400000054500
(1791117072.850854) can0 491#0000000000000000
(1791117072.863855) can0 297#0101E040FFFF8121
(1791117072.864099) can0 29B#BB967002FD100000
(1791117072.868498) can0 29C#2800000000000000
(1791117072.868781) can0 33F#0000000028000040
(1791117072.869058) can0 394#0036000010370110
(1791117072.869319) can0 396#3B6D4E2800454545
(1791117072.869623) can0 39A#0036020017800000
(1791117072.869893) can0 39B#3C3A820000000480
(1791117072.913883) can0 297#0101E040FFFF8222
(1791117072.914090) can0 29B#BB967002FD100000
(1791117072.949649) can0 33B#3500003F00008000
(1791117072.949888) can0 33D#0000A04000280000
(1791117072.950109) can0 323#0000000000000000
(1791117072.950351) can0 324#370000414400001F
(1791117072.950588) can0 3B7#0000400000064600
(1791117072.950854) can0 491#0000000000000000
(1791117072.963870) can0 297#0101E040FFFF8323
(1791117072.964088) can0 29B#BB967002FD100000
(1791117072.968582) can0 29C#2800000000000000
(1791117072.968803) can0 33F#0000000028000040
(1791117072.969072) can0 394#0036000010370213
(1791117072.969341) can0 396#3B6D4E2800454545
(1791117072.969619) can0 39A#0036020027400000
(1791117072.969930) can0 39B#3C3A82000000088C
(1791117073.013895) can0 297#0101E040FFFF8424
(1791117073.014105) can0 29B#BB967002FD100000
(1791117073.049673) can0 33B#3500003F00008000
(1791117073.049901) can0 33D#0000A04000280000
(1791117073.050120) can0 323#0000000000000000
(1791117073.050365) can0 324#370000414400001F
(1791117073.050619) can0 3B7#0000400000074700
(1791117073.050858) can0 491#0000000000000000
(1791117073.063874) can0 297#0101E040FFFF8525
(1791117073.064107) can0 29B#BB967002FD100000
(1791117073.068588) can0 29C#2800000000000000
(1791117073.068789) can0 33F#0000000028000040
(1791117073.069062) can0 394#0036000010370312
(1791117073.069338) can0 396#3B6D4E2800454545
(1791117073.069617) can0 39A#0036020037000000
(1791117073.069901) can0 39B#3C3A820000000C88
(1791117073.113926) can0 297#0101E040FFFF8626
(1791117073.114108) can0 29B#BB967002FD100000
(1791117073.149743) can0 33B#3500003F00008000
(1791117073.149952) can0 323#0000000000000000
(1791117073.150196) can0 324#370000414400001F
(1791117073.150445) can0 33D#0000A04000280000
(1791117073.150675) can0 3B7#0000400000084800
(1791117073.150944) can0 491#0000000000000000
(1791117073.163901) can0 297#0101E040FFFF8727
(1791117073.164137) can0 29B#BB967002FD100000
(1791117073.168540) can0 29C#2800000000000000
(1791117073.168786) can0 33F#0000000028000040
(1791117073.169042) can0 394#0036000010370415
(1791117073.169351) can0 396#3B6D4E2800454545
(1791117073.169601) can0 39A#0036020046C00000
(1791117073.169881) can0 39B#3C3A820000001094
(1791117073.213897) can0 297#0101E040FFFF8828
(1791117073.214116) can0 29B#BB967002FD100000
(1791117073.249767) can0 33B#3500003F00008000
(1791117073.249968) can0 323#0000000000000000
(1791117073.250214) can0 324#370000414400001F
(1791117073.250460) can0 33D#0000A04000280000
(1791117073.250711) can0 3B7#0000400000094900
(1791117073.250960) can0 491#0000000000000000
(1791117073.263851) can0 297#0101E040FFFF8929
(1791117073.264101) can0 29B#BB967002FD100000
(1791117073.268556) can0 29C#2800000000000000
(1791117073.268782) can0 33F#0000000028000040
(1791117073.269039) can0 394#0036000010370514
(1791117073.269363) can0 396#3B6D4E2800454545
(1791117073.269616) can0 39A#0036020056800000
(1791117073.269898) can0 39B#3C3A820000001490
(1791117073.313899) can0 297#0101E040FFFF8A2A
(1791117073.314098) can0 29B#BB967002FD100000
(1791117073.349658) can0 33B#3500003F00008000
(1791117073.349907) can0 33D#0000A04000280000
(1791117073.350103) can0 323#0000000000001D65
(1791117073.350372) can0 324#370000414400001F
(1791117073.350596) can0 3B7#00004000000A4A00
(1791117073.350845) can0 491#0000000000000000
(1791117073.363854) can0 297#0101E040FFFF8B2B
(1791117073.364101) can0 29B#BB967002FD100000
(1791117073.368511) can0 29C#2800000000000000
(1791117073.368782) can0 33F#0000000028000040
(1791117073.369046) can0 394#0036000010370617
(1791117073.369377) can0 396#3B6D4E2800454545
(1791117073.369606) can0 39A#0036020066400000
(1791117073.369902) can0 39B#3C3A82000000189C
(1791117073.413878) can0 297#0101E040FFFF8C2C
(1791117073.414089) can0 29B#BB967002FD100000
(1791117073.449753) can0 33B#3500003F00008000
(1791117073.449966) can0 323#0000000000001D65
(1791117073.450214) can0 324#370000414400001F
(1791117073.450442) can0 33D#0000A04000280000
(1791117073.450689) can0 3B7#00004000000B4B00
(1791117073.450952) can0 491#0000000000000000
(1791117073.463851) can0 297#0101E040FFFF8D2D
(1791117073.464091) can0 29B#BB967002FD100000
(1791117073.468543) can0 29C#2800000000000000
(1791117073.468775) can0 33F#0000000028000040
(1791117073.469056) can0 394#0036000010370716
(1791117073.469317) can0 396#3B6D4E2800454545
(1791117073.469635) can0 39A#0036020076000000
(1791117073.470098) can0 39B#3C3A820000001C98
(1791117073.513883) can0 297#0101E040FFFF8E2E
(1791117073.514094) can0 29B#BB967002FD100000
(1791117073.549772) can0 33B#3500003F00008000
(1791117073.549958) can0 323#0000000000001D65
(1791117073.550221) can0 324#370000414400001F
(1791117073.550461) can0 33D#0000A04000280000
(1791117073.550769) can0 3B7#00004000000C4C00
(1791117073.550943) can0 491#0000000000000000
(1791117073.563889) can0 297#0101E040FFFF8F2F
(1791117073.564127) can0 29B#BB967002FD100000
(1791117073.568540) can0 29C#2800000000000000
(1791117073.568782) can0 33F#0000000028000040
(1791117073.569050) can0 394#0036000010370819
(1791117073.569320) can0 396#3B6D4E2800454545
(1791117073.569598) can0 39A#0036020085C00000
(1791117073.569890) can0 39B#3C3A8200000020A4
(1791117073.613904) can0 297#0101E040FFFF8020
(1791117073.614094) can0 29B#BB967002FD100000
(1791117073.649746) can0 33B#3500003F00008000
(1791117073.649959) can0 323#0000000000001D65
(1791117073.650192) can0 324#370000414400001F
(1791117073.650444) can0 33D#0000A04000280000
(1791117073.650670) can0 3B7#00004000000D4D00
(1791117073.650924) can0 491#0000000000000000
(1791117073.663915) can0 297#0101E040FFFF8121
(1791117073.664101) can0 29B#BB967002FD100000
(1791117073.668521) can0 29C#2800000000000000
(1791117073.668792) can0 33F#0000000028000040
(1791117073.669042) can0 394#0036000010370918
(1791117073.669302) can0 396#3B6D4E2800454545
(1791117073.669602) can0 39A#0036020095800000
(1791117073.669878) can0 39B#3C3A8200000024A0
(1791117073.713907) can0 297#0101E040FFFF8222
(1791117073.714094) can0 29B#BB967002FD100000
(1791117073.749726) can0 33B#3500003F00008000
(1791117073.749936) can0 323#0000000000001D65
(1791117073.750166) can0 324#370000414400001F
(1791117073.750428) can0 33D#0000A04000280000
(1791117073.750655) can0 3B7#00004000000E4E00
(1791117073.750904) can0 491#0000000000000000
(1791117073.763852) can0 297#0101E040FFFF8323
(1791117073.764089) can0 29B#BB967002FD100000
(1791117073.768501) can0 29C#2800000000000000
(1791117073.768782) can0 33F#0000000028000040
(1791117073.769042) can0 394#0036000010370A1B
(1791117073.769308) can0 396#3B6D4E2800454545
(1791117073.769605) can0 39A#00360200A5400000
(1791117073.769880) can0 39B#3C3A8200000028AC
(1791117073.813920) can0 297#0101E040FFFF8424
(1791117073.814110) can0 29B#BB967002FD100000
(1791117073.849679) can0 33B#3500003F00008000
(1791117073.849890) can0 33D#0000A04000280000
(1791117073.850123) can0 323#0000000000001FAD
(1791117073.850365) can0 324#370000414400001F
(1791117073.850617) can0 3B7#00004000000F4F00
(1791117073.850862) can0 491#0000000000000000
(1791117073.863847) can0 297#0101E040FFFF8525
(1791117073.864079) can0 29B#BB967002FD100000
(1791117073.868506) can0 29C#2800000000000000
(1791117073.868782) can0 33F#0000000028000040
(1791117073.869063) can0 394#0036000010370B1A
(1791117073.869318) can0 396#3B6D4E2800454545
(1791117073.869653) can0 39A#00360200B5000000
(1791117073.869912) can0 39B#3C3A820000002CA8
(1791117073.913877) can0 297#0101E040FFFF8626
(1791117073.914098) can0 29B#BB967002FD100000
(1791117073.949709) can0 33B#3500003F00008000
(1791117073.949925) can0 33D#0000A04000280000
(1791117073.950189) can0 323#0000000000001FAD
(1791117073.950410) can0 324#370000414400001F
(1791117073.950659) can0 3B7#0000400000004000
(1791117073.950894) can0 491#0000000000000000
(1791117073.963849) can0 297#0101E040FFFF8727
(1791117073.964085) can0 29B#BB967002FD100000
(1791117073.968598) can0 29C#2800000000000000
(1791117073.968806) can0 33F#0000000028000040
(1791117073.969087) can0 394#0036000010370C1D
(1791117073.969332) can0 396#3B6D4E2800454545
(1791117073.969609) can0 39A#00360200C4C00000
(1791117073.969980) can0 39B#3C3A8200000030B4
(1791117074.014100) can0 297#0101E040FFFF8828
(1791117074.014151) can0 29B#BB967002FD100000
(1791117074.049815) can0 33B#3500003F00008000
(1791117074.049986) can0 323#0000000000001FAD
(1791117074.050222) can0 324#370000414400001F
(1791117074.050481) can0 33D#0000A04000280000
(1791117074.050700) can0 3B7#0000400000014100
(1791117074.050944) can0 491#0000000000000000
(1791117074.063856) can0 297#0101E040FFFF8929
(1791117074.064091) can0 29B#BB967002FD100000
(1791117074.068535) can0 29C#2800000000000000
(1791117074.068778) can0 33F#0000000028000040
(1791117074.069041) can0 394#0036000010370D1C
(1791117074.069319) can0 396#3B6D4E2800454545
(1791117074.069599) can0 39A#00360200D4800000
(1791117074.069879) can0 39B#3C3A8200000034B0
(1791117074.113979) can0 297#0101E040FFFF8A2A
(1791117074.114118) can0 29B#BB967002FD100000
(1791117074.149797) can0 33B#3500003F00008000
(1791117074.149998) can0 323#0000000000001FAD
(1791117074.150244) can0 324#370000414400001F
(1791117074.150491) can0 33D#0000A04000280000
(1791117074.150734) can0 3B7#0000400000024200
(1791117074.150983) can0 491#0000000000000000
(1791117074.163921) can0 297#0101E040FFFF8B2B
(1791117074.164103) can0 29B#BB967002FD100000
(1791117074.168497) can0 29C#2800000000000000
(1791117074.168776) can0 33F#0000000028000040
(1791117074.169051) can0 394#0036000010370E1F
(1791117074.169314) can0 396#3B6D4E2800454545
(1791117074.169593) can0 39A#00360200E4400000
(1791117074.169892) can0 39B#3C3A8200000038BC
(1791117074.213895) can0 297#0101E040FFFF8C2C
(1791117074.214095) can0 29B#BB967002FD100000
(1791117074.249725) can0 33B#3500003F00008000
(1791117074.249928) can0 33D#0000A04000280000
(1791117074.250171) can0 323#0000000000001FAD
(1791117074.250415) can0 324#370000414400001F
(1791117074.250659) can0 3B7#0000400000034300
(1791117074.250919) can0 491#0000000000000000
(1791117074.263839) can0 297#0101E040FFFF8D2D
(1791117074.264076) can0 29B#BB967002FD100000
(1791117074.268506) can0 29C#2800000000000000
(1791117074.268768) can0 33F#0000000028000040
(1791117074.269037) can0 394#0036000010370F1E
(1791117074.269313) can0 396#3B6D4E2800454545
(1791117074.269605) can0 39A#00360200F4000000
(1791117074.269876) can0 39B#3C3A820000003CB8
(1791117074.313871) can0 297#0101E040FFFF8E2E
(1791117074.314084) can0 29B#BB967002FD100000
(1791117074.349711) can0 33B#3500003F00008000
(1791117074.349913) can0 323#0000000000001FC5
(1791117074.350145) can0 324#370000414400001F
(1791117074.350403) can0 33D#0000A04000280000
(1791117074.350632) can0 3B7#0000400000044400
(1791117074.350892) can0 491#0000000000000000
(1791117074.363847) can0 297#0101E040FFFF8F2F
(1791117074.364077) can0 29B#BB967002FD100000
(1791117074.368621) can0 29C#2800000000000000
(1791117074.368804) can0 33F#0000000028000040
(1791117074.369061) can0 394#0036000010370011
(1791117074.369327) can0 396#3B6D4E2800454545
(1791117074.369611) can0 39A#0036020003C00000
(1791117074.369893) can0 39B#3C3A820000000084
(1791117074.413888) can0 297#0101E040FFFF8020
(1791117074.414089) can0 29B#BB967002FD100000
(1791117074.449827) can0 33B#3500003F00008000
(1791117074.450028) can0 323#0000000000001FC5
(1791117074.450255) can0 324#370000414400001F
(1791117074.450548) can0 33D#0000A04000280000
(1791117074.450723) can0 3B7#0000400000054500
(1791117074.450981) can0 491#0000000000000000
(1791117074.463823) can0 297#0101E040FFFF8121
(1791117074.464095) can0 29B#BB967002FD100000
(1791117074.468622) can0 29C#2800000000000000
(1791117074.468812) can0 33F#0000000028000040
(1791117074.469052) can0 394#0036000010370110
(1791117074.469316) can0 396#3B6D4E2800454545
(1791117074.469621) can0 39A#0036020013800000
(1791117074.469927) can0 39B#3C3A820000000480
(1791117074.514026) can0 297#0101E040FFFF8222
(1791117074.514138) can0 29B#BB967002FD100000
(1791117074.549775) can0 33B#3500003F00008000
(1791117074.549919) can0 323#0000000000001FC5
(1791117074.550187) can0 324#370000414400001F
(1791117074.550470) can0 33D#0000A04000280000
(1791117074.550653) can0 3B7#0000400000064600
(1791117074.550903) can0 491#0000000000000000
(1791117074.563881) can0 297#0101E040FFFF8323
(1791117074.564082) can0 29B#BB967002FD100000
(1791117074.568571) can0 29C#2800000000000000
(1791117074.568762) can0 33F#0000000028000040
(1791117074.569048) can0 394#0036000010370213
(1791117074.569307) can0 396#3B6D4E2800454545
(1791117074.569603) can0 39A#0036020023400000
(1791117074.569891) can0 39B#3C3A82000000088C
(1791117074.613955) can0 297#0101E040FFFF8424
(1791117074.614090) can0 29B#BB967002FD100000
(1791117074.649731) can0 33B#3500003F00008000
(1791117074.649922) can0 323#0000000000001FC5
(1791117074.650165) can0 324#370000414400001F
(1791117074.650400) can0 33D#0000A04000280000
(1791117074.650650) can0 3B7#0000400000074700
(1791117074.650895) can0 491#0000000000000000
(1791117074.663850) can0 297#0101E040FFFF8525
(1791117074.664072) can0 29B#BB967002FD100000
(1791117074.668574) can0 29C#2800000000000000
(1791117074.668774) can0 33F#0000000028000040
(1791117074.669052) can0 394#0036000010370312
(1791117074.669306) can0 396#3B6D4E2800454545
(1791117074.669609) can0 39A#0036020033000000
(1791117074.669882) can0 39B#3C3A820000000C88
(1791117074.713886) can0 297#0101E040FFFF8626
(1791117074.714084) can0 29B#BB967002FD100000
(1791117074.749992) can0 33B#3500003F00008000
(1791117074.750189) can0 323#0000000000001FC5
(1791117074.750440) can0 324#370000414400001F
(1791117074.750666) can0 33D#0000A04000280000
(1791117074.750911) can0 3B7#0000400000084800
(1791117074.751170) can0 491#0000000000000000
(1791117074.763839) can0 297#0101E040FFFF8727
(1791117074.764074) can0 29B#BB967002FD100000
(1791117074.768512) can0 29C#2800000000000000
(1791117074.768777) can0 33F#0000000028000040
(1791117074.769039) can0 394#0036000010370415
(1791117074.769314) can0 396#3B6D4E2800454545
(1791117074.769590) can0 39A#0036020042C00000
(1791117074.769900) can0 39B#3C3A820000001094
(1791117074.813895) can0 297#0101E040FFFF8828
(1791117074.814084) can0 29B#BB967002FD100000
(1791117074.849714) can0 33B#3500003F00008000
(1791117074.849921) can0 323#0000000000000000
(1791117074.850156) can0 324#370000414400001F
(1791117074.850422) can0 33D#0000A04000280000
(1791117074.850667) can0 3B7#0000400000094900
(1791117074.850946) can0 491#0000000000000000
(1791117074.863836) can0 297#0101E040FFFF8929
(1791117074.864074) can0 29B#BB967002FD100000
(1791117074.868542) can0 29C#2800000000000000
(1791117074.868791) can0 33F#0000000028000040
(1791117074.869057) can0 394#0036000010370514
(1791117074.869308) can0 396#3B6D4E2800454545
(1791117074.869608) can0 39A#0036020052800000
(1791117074.869915) can0 39B#3C3A820000001490
(1791117074.914079) can0 297#0101E040FFFF8A2A
(1791117074.914127) can0 29B#BB967002FD100000
(1791117074.949738) can0 33B#3500003F00008000
(1791117074.949967) can0 323#0000000000000000
(1791117074.950187) can0 324#370000414400001F
(1791117074.950437) can0 33D#0000A04000280000
(1791117074.950688) can0 3B7#00004000000A4A00
(1791117074.950920) can0 491#0000000000000000
(1791117074.963991) can0 297#0101E040FFFF8B2B
(1791117074.964111) can0 29B#BB967002FD100000
(1791117074.968589) can0 29C#2800000000000000
(1791117074.968799) can0 33F#0000000028000040
(1791117074.969039) can0 394#0036000010370617
(1791117074.969300) can0 396#3B6D4E2800454545
(1791117074.969593) can0 39A#0036020062400000
(1791117074.969885) can0 39B#3C3A82000000189C
(1791117075.013904) can0 297#0101E040FFFF8C2C
(1791117075.014081) can0 29B#BB967002FD100000
(1791117075.049794) can0 33B#3500003F00008000
(1791117075.049996) can0 323#0000000000000000
(1791117075.050239) can0 324#370000414400001F
(1791117075.050480) can0 33D#0000A04000280000
(1791117075.050726) can0 3B7#00004000000B4B00
(1791117075.050979) can0 491#0000000000000000
(1791117075.063883) can0 297#0101E040FFFF8D2D
(1791117075.064091) can0 29B#BB967002FD100000
(1791117075.068511) can0 29C#2800000000000000
(1791117075.068780) can0 33F#0000000028000040
(1791117075.069033) can0 394#0036000010370716
(1791117075.069307) can0 396#3B6D4E2800454545
(1791117075.069608) can0 39A#0036020072000000
(1791117075.069868) can0 39B#3C3A820000001C98
(1791117075.113879) can0 297#0101E040FFFF8E2E
(1791117075.114090) can0 29B#BB967002FD100000
(1791117075.149736) can0 33B#3500003F00008000
(1791117075.149940) can0 33D#0000A04000280000
(1791117075.150187) can0 323#0000000000000000
(1791117075.150423) can0 324#370000414400001F
(1791117075.150672) can0 3B7#00004000000C4C00
(1791117075.150916) can0 491#0000000000000000
(1791117075.163850) can0 297#0101E040FFFF8F2F
(1791117075.164069) can0 29B#BB967002FD100000
(1791117075.168496) can0 29C#2800000000000000
(1791117075.168760) can0 33F#0000000028000040
(1791117075.169024) can0 394#0036000010370819
(1791117075.169303) can0 396#3B6D4E2800454545
(1791117075.169616) can0 39A#0036020081C00000
(1791117075.169879) can0 39B#3C3A8200000020A4
(1791117075.213873) can0 297#0101E040FFFF8020
(1791117075.214082) can0 29B#BB967002FD100000
(1791117075.249776) can0 33B#3500003F00008000
(1791117075.249976) can0 323#0000000000000000
(1791117075.250206) can0 324#370000414400001F
(1791117075.250455) can0 33D#0000A04000280000
(1791117075.250705) can0 3B7#00004000000D4D00
(1791117075.250947) can0 491#0000000000000000
(1791117075.263841) can0 297#0101E040FFFF8121
(1791117075.264084) can0 29B#BB967002FD100000
(1791117075.268503) can0 29C#2800000000000000
(1791117075.268769) can0 33F#0000000028000040
(1791117075.269061) can0 394#0036000010370918
(1791117075.269310) can0 396#3B6D4E2800454545
(1791117075.269667) can0 39A#0036020091800000
(1791117075.269917) can0 39B#3C3A8200000024A0
(1791117075.313859) can0 297#0101E040FFFF8222
(1791117075.314075) can0 29B#BB967002FD100000
(1791117075.349752) can0 33B#3500003F00008000
(1791117075.349960) can0 33D#0000A04000280000
(1791117075.350236) can0 323#0000000000001D65
(1791117075.350448) can0 324#370000414400001F
(1791117075.350698) can0 3B7#00004000000E4E00
(1791117075.350936) can0 491#0000000000000000
(1791117075.363838) can0 297#0101E040FFFF8323
(1791117075.364083) can0 29B#BB967002FD100000
(1791117075.368592) can0 29C#2800000000000000
(1791117075.368805) can0 33F#0000000028000040
(1791117075.369061) can0 394#0036000010370A1B
(1791117075.369311) can0 396#3B6D4E2800454545
(1791117075.369649) can0 39A#00360200A1400000
(1791117075.369901) can0 39B#3C3A8200000028AC
(1791117075.413888) can0 297#0101E040FFFF8424
(1791117075.414089) can0 29B#BB967002FD100000
(1791117075.449776) can0 33B#3500003F00008000
(1791117075.449962) can0 323#0000000000001D65
(1791117075.450197) can0 324#370000414400001F
(1791117075.450443) can0 33D#0000A04000280000
(1791117075.450696) can0 3B7#00004000000F4F00
(1791117075.450935) can0 491#0000000000000000
(1791117075.463855) can0 297#0101E040FFFF8525
(1791117075.464098) can0 29B#BB967002FD100000
(1791117075.468529) can0 29C#2800000000000000
(1791117075.468758) can0 33F#0000000028000040
(1791117075.469030) can0 394#0036000010370B1A
(1791117075.469292) can0 396#3B6D4E2800454545
(1791117075.469657) can0 39A#00360200B1000000
(1791117075.469926) can0 39B#3C3A820000002CA8
(1791117075.513955) can0 297#0101E040FFFF8626
(1791117075.514096) can0 29B#BB967002FD100000
(1791117075.549735) can0 33B#3500003F00008000
(1791117075.549940) can0 33D#0000A04000280000
(1791117075.550186) can0 323#0000000000001D65
(1791117075.550424) can0 324#370000414400001F
(1791117075.550673) can0 3B7#0000400000004000
(1791117075.550917) can0 491#0000000000000000
(1791117075.563870) can0 297#0101E040FFFF8727
(1791117075.564069) can0 29B#BB967002FD100000
(1791117075.568484) can0 29C#2800000000000000
(1791117075.568765) can0 33F#0000000028000040
(1791117075.569024) can0 394#0036000010370C1D
(1791117075.569294) can0 396#3B6D4E2800454545
(1791117075.569580) can0 39A#00360200C0C00000
(1791117075.569864) can0 39B#3C3A8200000030B4
(1791117075.613874) can0 297#0101E040FFFF8828
(1791117075.614084) can0 29B#BB967002FD100000
(1791117075.649770) can0 33B#3500003F00008000
(1791117075.649959) can0 323#0000000000001D65
(1791117075.650201) can0 324#370000414400001F
(1791117075.650444) can0 33D#0000A04000280000
(1791117075.650693) can0 3B7#0000400000014100
(1791117075.650942) can0 491#0000000000000000
(1791117075.663855) can0 297#0101E040FFFF8929
(1791117075.664079) can0 29B#BB967002FD100000
(1791117075.668475) can0 29C#2800000000000000
(1791117075.668760) can0 33F#0000000028000040
(1791117075.669033) can0 394#0036000010370D1C
(1791117075.669310) can0 396#3B6D4E2800454545
(1791117075.669595) can0 39A#00360200D0800000
(1791117075.669895) can0 39B#3C3A8200000034B0
(1791117075.713861) can0 297#0101E040FFFF8A2A
(1791117075.714080) can0 29B#BB967002FD100000
(1791117075.749808) can0 33B#3500003F00008000
(1791117075.750026) can0 323#0000000000001D65
(1791117075.750285) can0 324#370000414400001F
(1791117075.750516) can0 33D#0000A04000280000
(1791117075.750750) can0 3B7#0000400000024200
(1791117075.751004) can0 491#0000000000000000
(1791117075.763840) can0 297#0101E040FFFF8B2B
(1791117075.764075) can0 29B#BB967002FD100000
(1791117075.768545) can0 29C#2800000000000000
(1791117075.768797) can0 33F#0000000028000040
(1791117075.769051) can0 394#0036000010370E1F
(1791117075.769332) can0 396#3B6D4E2800454545
(1791117075.769614) can0 39A#00360200E0400000
(1791117075.769942) can0 39B#3C3A8200000038BC
(1791117075.813867) can0 297#0101E040FFFF8C2C
(1791117075.814084) can0 29B#BB967002FD100000
(1791117075.849827) can0 33B#3500003F00008000
(1791117075.850034) can0 323#0000000000001FAD
(1791117075.850262) can0 324#370000414400001F
(1791117075.850507) can0 33D#0000A04000280000
(1791117075.850752) can0 3B7#0000400000034300
(1791117075.850991) can0 491#0000000000000000
(1791117075.863854) can0 297#0101E040FFFF8D2D
(1791117075.864096) can0 29B#BB967002FD100000
(1791117075.868567) can0 29C#2800000000000000
(1791117075.868766) can0 33F#0000000028000040
(1791117075.869054) can0 394#0036000010370F1E
(1791117075.869311) can0 396#3B6D4E2800454545
(1791117075.869602) can0 39A#00360200F0000000
(1791117075.869884) can0 39B#3C3A820000003CB8
(1791117075.913893) can0 297#0101E040FFFF8E2E
(1791117075.914101) can0 29B#BB967002FD100000
(1791117075.949934) can0 33B#3500003F00008000
(1791117075.950022) can0 323#0000000000001FAD
(1791117075.950253) can0 324#370000414400001F
(1791117075.950497) can0 33D#0000A04000280000
(1791117075.950739) can0 3B7#0000400000044400
(1791117075.950983) can0 491#0000000000000000
(1791117075.963836) can0 297#0101E040FFFF8F2F
(1791117075.964110) can0 29B#BB967002FD100000
(1791117075.968524) can0 29C#2800000000000000
(1791117075.968762) can0 33F#0000000028000040
(1791117075.969021) can0 394#0036000010370011
(1791117075.969303) can0 396#3B6D4E2800454545
(1791117075.969579) can0 39A#00360200FFC00000
(1791117075.969884) can0 39B#3C3A820000000084
(1791117076.013956) can0 297#0101E040FFFF8020
(1791117076.014104) can0 29B#BB967002FD100000
(1791117076.049814) can0 33B#3500003F00008000
(1791117076.050020) can0 323#0000000000001FAD
(1791117076.050256) can0 324#370000414400001F
(1791117076.050502) can0 33D#0000A04000280000
(1791117076.050742) can0 3B7#0000400000054500
(1791117076.050996) can0 491#0000000000000000
(1791117076.063841) can0 297#0101E040FFFF8121
(1791117076.064085) can0 29B#BB967002FD100000
(1791117076.068491) can0 29C#2800000000000000
(1791117076.068755) can0 33F#0000000028000040
(1791117076.069026) can0 394#0036000010370110
(1791117076.069287) can0 396#3B6D4E2800454545
(1791117076.069594) can0 39A#003602000F800000
(1791117076.069871) can0 39B#3C3A820000000480
(1791117076.113879) can0 297#0101E040FFFF8222
(1791117076.114074) can0 29B#BB967002FD100000
(1791117076.149784) can0 33B#3500003F00008000
(1791117076.149973) can0 323#0000000000001FAD
(1791117076.150218) can0 324#370000414400001F
(1791117076.150467) can0 33D#0000A04000280000
(1791117076.150744) can0 3B7#0000400000064600
(1791117076.150949) can0 491#0000000000000000
(1791117076.163828) can0 297#0101E040FFFF8323
(1791117076.164066) can0 29B#BB967002FD100000
(1791117076.168495) can0 29C#2800000000000000
(1791117076.168779) can0 33F#0000000028000040
(1791117076.169021) can0 394#0036000010370213
(1791117076.169286) can0 396#3B6D4E2800454545
(1791117076.169596) can0 39A#003602001F400000
(1791117076.169882) can0 39B#3C3A82000000088C
(1791117076.213859) can0 297#0101E040FFFF8424
(1791117076.214076) can0 29B#BB967002FD100000
(1791117076.249804) can0 33B#3500003F00008000
(1791117076.249999) can0 33D#0000A04000280000
(1791117076.250244) can0 323#0000000000001FAD
(1791117076.250487) can0 324#370000414400001F
(1791117076.250783) can0 3B7#0000400000074700
(1791117076.251011) can0 491#0000000000000000
(1791117076.263844) can0 297#0101E040FFFF8525
(1791117076.264093) can0 29B#BB967002FD100000
(1791117076.268528) can0 29C#2800000000000000
(1791117076.268787) can0 33F#0000000028000040
(1791117076.269054) can0 394#0036000010370312
(1791117076.269322) can0 396#3B6D4E2800454545
(1791117076.269618) can0 39A#003602002F000000
(1791117076.269888) can0 39B#3C3A820000000C88
(1791117076.313848) can0 297#0101E040FFFF8626
(1791117076.314076) can0 29B#BB967002FD100000
(1791117076.349926) can0 33B#3500003F00008000
(1791117076.350066) can0 33D#0000A04000280000
(1791117076.350241) can0 323#0000000000001FC5
(1791117076.350500) can0 324#370000414400001F
(1791117076.350800) can0 3B7#0000400000084800
(1791117076.350957) can0 491#0000000000000000
(1791117076.363851) can0 297#0101E040FFFF8727
(1791117076.364089) can0 29B#BB967002FD100000
(1791117076.368504) can0 29C#2800000000000000
(1791117076.368774) can0 33F#0000000028000040
(1791117076.369027) can0 394#0036000010370415
(1791117076.369285) can0 396#3B6D4E2800454545
(1791117076.369584) can0 39A#003602003EC00000
(1791117076.369891) can0 39B#3C3A820000001094
(1791117076.413873) can0 297#0101E040FFFF8828
(1791117076.414091) can0 29B#BB967002FD100000
(1791117076.449826) can0 33B#3500003F00008000
(1791117076.449972) can0 323#0000000000001FC5
(1791117076.450244) can0 324#370000414400001F
(1791117076.450473) can0 33D#0000A04000280000
(1791117076.450710) can0 3B7#0000400000094900
(1791117076.450973) can0 491#0000000000000000
(1791117076.463869) can0 297#0101E040FFFF8929
(1791117076.464088) can0 29B#BB967002FD100000
(1791117076.468515) can0 29C#2800000000000000
(1791117076.468781) can0 33F#0000000028000040
(1791117076.469033) can0 394#0036000010370514
(1791117076.469283) can0 396#3B6D4E2800454545
(1791117076.469582) can0 39A#003602004E800000
(1791117076.469864) can0 39B#3C3A820000001490
(1791117076.513871) can0 297#0101E040FFFF8A2A
(1791117076.514072) can0 29B#BB967002FD100000
(1791117076.549916) can0 33B#3500003F00008000
(1791117076.550093) can0 323#0000000000001FC5
(1791117076.550339) can0 324#370000414400001F
(1791117076.550583) can0 33D#0000A04000280000
(1791117076.550830) can0 3B7#00004000000A4A00
(1791117076.551070) can0 491#0000000000000000
(1791117076.563849) can0 297#0101E040FFFF8B2B
(1791117076.564095) can0 29B#BB967002FD100000
(1791117076.568501) can0 29C#2800000000000000
(1791117076.568795) can0 33F#0000000028000040
(1791117076.569021) can0 394#0036000010370617
(1791117076.569280) can0 396#3B6D4E2800454545
(1791117076.569577) can0 39A#003602005E400000
(1791117076.569862) can0 39B#3C3A82000000189C
(1791117076.613935) can0 297#0101E040FFFF8C2C
(1791117076.614056) can0 29B#BB967002FD100000
(1791117076.649855) can0 33B#3500003F00008000
(1791117076.649984) can0 323#0000000000001FC5
(1791117076.650227) can0 324#370000414400001F
(1791117076.650468) can0 33D#0000A04000280000
(1791117076.650720) can0 3B7#00004000000B4B00
(1791117076.650964) can0 491#0000000000000000
(1791117076.663842) can0 297#0101E040FFFF8D2D
(1791117076.664061) can0 29B#BB967002FD100000
(1791117076.668466) can0 29C#2800000000000000
(1791117076.668823) can0 33F#0000000028000040
(1791117076.669029) can0 394#0036000010370716
(1791117076.669299) can0 396#3B6D4E2800454545
(1791117076.669622) can0 39A#003602006E000000
(1791117076.669902) can0 39B#3C3A820000001C98
(1791117076.713868) can0 297#0101E040FFFF8E2E
(1791117076.714053) can0 29B#BB967002FD100000
(1791117076.750054) can0 33B#3500003F00008000
(1791117076.750275) can0 323#0000000000001FC5
(1791117076.750522) can0 324#370000414400001F
(1791117076.750763) can0 33D#0000A04000280000
(1791117076.751005) can0 3B7#00004000000C4C00
(1791117076.751256) can0 491#0000000000000000
(1791117076.763859) can0 297#0101E040FFFF8F2F
(1791117076.764060) can0 29B#BB967002FD100000
(1791117076.768535) can0 29C#2800000000000000
(1791117076.768769) can0 33F#0000000028000040
(1791117076.769028) can0 394#0036000010370819
(1791117076.769283) can0 396#3B6D4E2800454545
(1791117076.769577) can0 39A#003602007DC00000
(1791117076.769874) can0 39B#3C3A8200000020A4
(1791117076.813906) can0 297#0101E040FFFF8020
(1791117076.814081) can0 29B#BB967002FD100000
(1791117076.849900) can0 33B#3500003F00008000
(1791117076.850096) can0 323#0000000000000000
(1791117076.850334) can0 324#370000414400001F
(1791117076.850585) can0 33D#0000A04000280000
(1791117076.850833) can0 3B7#00004000000D4D00
(1791117076.851081) can0 491#0000000000000000
(1791117076.863913) can0 297#0101E040FFFF8121
(1791117076.864060) can0 29B#BB967002FD100000
(1791117076.868489) can0 29C#2800000000000000
(1791117076.868745) can0 33F#0000000028000040
(1791117076.869013) can0 394#0036000010370918
(1791117076.869288) can0 396#3B6D4E2800454545
(1791117076.869589) can0 39A#003602008D800000
(1791117076.869867) can0 39B#3C3A8200000024A0
(1791117076.913893) can0 297#0101E040FFFF8222
(1791117076.914069) can0 29B#BB967002FD100000
(1791117076.949772) can0 33B#3500003F00008000
(1791117076.949988) can0 323#0000000000000000
(1791117076.950224) can0 324#370000414400001F
(1791117076.950474) can0 33D#0000A04000280000
(1791117076.950721) can0 3B7#00004000000E4E00
(1791117076.950981) can0 491#0000000000000000
(1791117076.963812) can0 297#0101E040FFFF8323
(1791117076.964062) can0 29B#BB967002FD100000
(1791117076.968559) can0 29C#2800000000000000
(1791117076.968737) can0 33F#0000000028000040
(1791117076.969014) can0 394#0036000010370A1B
(1791117076.969281) can0 396#3B6D4E2800454545
(1791117076.969579) can0 39A#003602009D400000
(1791117076.969860) can0 39B#3C3A8200000028AC
(1791117077.013807) can0 297#0101E040FFFF8424
(1791117077.014058) can0 29B#BB967002FD100000
(1791117077.049801) can0 33B#3500003F00008000
(1791117077.049988) can0 33D#0000A04000280000
(1791117077.050252) can0 323#0000000000000000
(1791117077.050495) can0 324#370000414400001F
(1791117077.050735) can0 3B7#00004000000F4F00
(1791117077.050982) can0 491#0000000000000000
(1791117077.063807) can0 297#0101E040FFFF8525
(1791117077.064047) can0 29B#BB967002FD100000
(1791117077.068462) can0 29C#2800000000000000
(1791117077.068747) can0 33F#0000000028000040
(1791117077.069009) can0 394#0036000010370B1A
(1791117077.069276) can0 396#3B6D4E2800454545
(1791117077.069566) can0 39A#00360200AD000000
(1791117077.069864) can0 39B#3C3A820000002CA8
(1791117077.113822) can0 297#0101E040FFFF8626
(1791117077.114069) can0 29B#BB967002FD100000
(1791117077.149920) can0 33B#3500003F00008000
(1791117077.150102) can0 323#0000000000000000
(1791117077.150332) can0 324#370000414400001F
(1791117077.150578) can0 33D#0000A04000280000
(1791117077.150899) can0 3B7#0000400000004000
(1791117077.151101) can0 491#0000000000000000
(1791117077.163808) can0 297#0101E040FFFF8727
(1791117077.164059) can0 29B#BB967002FD100000
(1791117077.168519) can0 29C#2800000000000000
(1791117077.168747) can0 33F#0000000028000040
(1791117077.169030) can0 394#0036000010370C1D
(1791117077.169281) can0 396#3B6D4E2800454545
(1791117077.169582) can0 39A#00360200BCC00000
(1791117077.169895) can0 39B#3C3A8200000030B4
(1791117077.213806) can0 297#0101E040FFFF8828
(1791117077.214062) can0 29B#BB967002FD100000
(1791117077.249949) can0 33B#3500003F00008000
(1791117077.250154) can0 323#0000000000000000
(1791117077.250407) can0 324#370000414400001F
(1791117077.250657) can0 33D#0000A04000280000
(1791117077.250911) can0 3B7#0000400000014100
(1791117077.251148) can0 491#0000000000000000
(1791117077.263822) can0 297#0101E040FFFF8929
(1791117077.264086) can0 29B#BB967002FD100000
(1791117077.268505) can0 29C#2800000000000000
(1791117077.268748) can0 33F#0000000028000040
(1791117077.269019) can0 394#0036000010370D1C
(1791117077.269280) can0 396#3B6D4E2800454545
(1791117077.269574) can0 39A#00360200CC800000
(1791117077.269887) can0 39B#3C3A8200000034B0
(1791117077.313887) can0 297#0101E040FFFF8A2A
(1791117077.314061) can0 29B#BB967002FD100000
(1791117077.349934) can0 33B#3500003F00008000
(1791117077.350096) can0 323#0000000000001D65
(1791117077.350335) can0 324#370000414400001F
(1791117077.350581) can0 33D#0000A04000280000
(1791117077.350820) can0 3B7#0000400000024200
(1791117077.351074) can0 491#0000000000000000
(1791117077.363814) can0 297#0101E040FFFF8B2B
(1791117077.364051) can0 29B#BB967002FD100000
(1791117077.368465) can0 29C#2800000000000000
(1791117077.368748) can0 33F#0000000028000040
(1791117077.369008) can0 394#0036000010370E1F
(1791117077.369278) can0 396#3B6D4E2800454545
(1791117077.369567) can0 39A#00360200DC400000
(1791117077.369904) can0 39B#3C3A8200000038BC
(1791117077.413878) can0 297#0101E040FFFF8C2C
(1791117077.414063) can0 29B#BB967002FD100000
(1791117077.449913) can0 33B#3500003F00008000
(1791117077.450009) can0 323#0000000000001D65
(1791117077.450248) can0 324#370000414400001F
(1791117077.450498) can0 33D#0000A04000280000
(1791117077.450744) can0 3B7#0000400000034300
(1791117077.451017) can0 491#0000000000000000
(1791117077.463801) can0 297#0101E040FFFF8D2D
(1791117077.464042) can0 29B#BB967002FD100000
(1791117077.468468) can0 29C#2800000000000000
(1791117077.468741) can0 33F#0000000028000040
(1791117077.469010) can0 394#0036000010370F1E
(1791117077.469292) can0 396#3B6D4E2800454545
(1791117077.469561) can0 39A#00360200EC000000
(1791117077.469849) can0 39B#3C3A820000003CB8
(1791117077.513824) can0 297#0101E040FFFF8E2E
(1791117077.514068) can0 29B#BB967002FD100000
(1791117077.549805) can0 33B#3500003F00008000
(1791117077.549995) can0 323#0000000000001D65
(1791117077.550245) can0 324#370000414400001F
(1791117077.550486) can0 33D#0000A04000280000
(1791117077.550726) can0 3B7#0000400000044400
(1791117077.550994) can0 491#0000000000000000
(1791117077.563813) can0 297#0101E040FFFF8F2F
(1791117077.564055) can0 29B#BB967002FD100000
(1791117077.568471) can0 29C#2800000000000000
(1791117077.568744) can0 33F#0000000028000040
(1791117077.569037) can0 394#0036000010370011
(1791117077.569305) can0 396#3B6D4E2800454545
(1791117077.569612) can0 39A#00360200FBC00000
(1791117077.569896) can0 39B#3C3A820000000084
(1791117077.613867) can0 297#0101E040FFFF8020
(1791117077.614079) can0 29B#BB967002FD100000
(1791117077.649999) can0 33B#3500003F00008000
(1791117077.650135) can0 323#0000000000001D65
(1791117077.650385) can0 324#370000414400001F
(1791117077.650614) can0 33D#0000A04000280000
(1791117077.650861) can0 3B7#0000400000054500
(1791117077.651114) can0 491#0000000000000000
(1791117077.663827) can0 297#0101E040FFFF8121
(1791117077.664056) can0 29B#BB967002FD100000
(1791117077.668541) can0 29C#2800000000000000
(1791117077.668753) can0 33F#0000000028000040
(1791117077.669007) can0 394#0036000010370110
(1791117077.669289) can0 396#3B6D4E2800454545
(1791117077.669574) can0 39A#003602000B800000
(1791117077.669869) can0 39B#3C3A820000000480
(1791117077.713850) can0 297#0101E040FFFF8222
(1791117077.714095) can0 29B#BB967002FD100000
(1791117077.749890) can0 33B#3500003F00008000
(1791117077.750084) can0 323#0000000000001D65
(1791117077.750330) can0 324#370000414400001F
(1791117077.750560) can0 33D#0000A04000280000
(1791117077.750804) can0 3B7#0000400000064600
(1791117077.751080) can0 491#0000000000000000
(1791117077.763840) can0 297#0101E040FFFF8323
(1791117077.764060) can0 29B#BB967002FD100000
(1791117077.768491) can0 29C#2800000000000000
(1791117077.768736) can0 33F#0000000028000040
(1791117077.769011) can0 394#0036000010370213
(1791117077.769281) can0 396#3B6D4E2800454545
(1791117077.769581) can0 39A#003602001B400000
(1791117077.769854) can0 39B#3C3A82000000088C
(1791117077.813806) can0 297#0101E040FFFF8424
(1791117077.814061) can0 29B#BB967002FD100000
(1791117077.849870) can0 33B#3500003F00008000
(1791117077.850065) can0 323#0000000000001FAD
(1791117077.850312) can0 324#370000414400001F
(1791117077.850542) can0 33D#0000A04000280000
(1791117077.850787) can0 3B7#0000400000074700
(1791117077.851033) can0 491#0000000000000000
(1791117077.863802) can0 297#0101E040FFFF8525
(1791117077.864047) can0 29B#BB967002FD100000
(1791117077.868470) can0 29C#2800000000000000
(1791117077.868738) can0 33F#0000000028000040
(1791117077.869007) can0 394#0036000010370312
(1791117077.869265) can0 396#3B6D4E2800454545
(1791117077.869565) can0 39A#003602002B000000
(1791117077.869853) can0 39B#3C3A820000000C88
(1791117077.913811) can0 297#0101E040FFFF8626
(1791117077.914078) can0 29B#BB967002FD100000
(1791117077.949894) can0 33B#3500003F00008000
(1791117077.950081) can0 323#0000000000001FAD
(1791117077.950308) can0 324#370000414400001F
(1791117077.950557) can0 33D#0000A04000280000
(1791117077.950801) can0 3B7#0000400000084800
(1791117077.951048) can0 491#0000000000000000
(1791117077.963809) can0 297#0101E040FFFF8727
(1791117077.964052) can0 29B#BB967002FD100000
(1791117077.968458) can0 29C#2800000000000000
(1791117077.968734) can0 33F#0000000028000040
(1791117077.969012) can0 394#0036000010370415
(1791117077.969279) can0 396#3B6D4E2800454545
(1791117077.969581) can0 39A#003602003AC00000
(1791117077.969859) can0 39B#3C3A820000001094
(1791117078.013805) can0 297#0101E040FFFF8828
(1791117078.014053) can0 29B#BB967002FD100000
(1791117078.049875) can0 33B#3500003F00008000
(1791117078.050074) can0 323#0000000000001FAD
(1791117078.050312) can0 324#370000414400001F
(1791117078.050553) can0 33D#0000A04000280000
(1791117078.050816) can0 3B7#0000400000094900
(1791117078.051060) can0 491#0000000000000000
(1791117078.063802) can0 297#0101E040FFFF8929
(1791117078.064050) can0 29B#BB967002FD100000
(1791117078.068513) can0 29C#2800000000000000
(1791117078.068756) can0 33F#0000000028000040
(1791117078.069021) can0 394#0036000010370514
(1791117078.069286) can0 396#3B6D4E2800454545
(1791117078.069577) can0 39A#003602004A800000
(1791117078.069891) can0 39B#3C3A820000001490
(1791117078.113808) can0 297#0101E040FFFF8A2A
(1791117078.114051) can0 29B#BB967002FD100000
(1791117078.149964) can0 33B#3500003F00008000
(1791117078.150162) can0 323#0000000000001FAD
(1791117078.150398) can0 324#370000414400001F
(1791117078.150645) can0 33D#0000A04000280000
(1791117078.150908) can0 3B7#00004000000A4A00
(1791117078.151130) can0 491#0000000000000000
(1791117078.163825) can0 297#0101E040FFFF8B2B
(1791117078.164070) can0 29B#BB967002FD100000
(1791117078.168485) can0 29C#2800000000000000
(1791117078.168733) can0 33F#0000000028000040
(1791117078.169007) can0 394#0036000010370617
(1791117078.169278) can0 396#3B6D4E2800454545
(1791117078.169574) can0 39A#003602005A400000
(1791117078.169856) can0 39B#3C3A82000000189C
(1791117078.214051) can0 297#0101E040FFFF8C2C
(1791117078.214090) can0 29B#BB967002FD100000
(1791117078.249907) can0 33B#3500003F00008000
(1791117078.250117) can0 323#0000000000001FAD
(1791117078.250365) can0 324#370000414400001F
(1791117078.250615) can0 33D#0000A04000280000
(1791117078.250865) can0 3B7#00004000000B4B00
(1791117078.251095) can0 491#0000000000000000
(1791117078.263797) can0 297#0101E040FFFF8D2D
(1791117078.264048) can0 29B#BB967002FD100000
(1791117078.268458) can0 29C#2800000000000000
(1791117078.268746) can0 33F#0000000028000040
(1791117078.269024) can0 394#0036000010370716
(1791117078.269283) can0 396#3B6D4E2800454545
(1791117078.269563) can0 39A#003602006A000000
(1791117078.269856) can0 39B#3C3A820000001C98
(1791117078.313814) can0 297#0101E040FFFF8E2E
(1791117078.314054) can0 29B#BB967002FD100000
(1791117078.349861) can0 33B#3500003F00008000
(1791117078.350061) can0 323#0000000000001FC5
(1791117078.350308) can0 324#370000414400001F
(1791117078.350548) can0 33D#0000A04000280000
(1791117078.350793) can0 3B7#00004000000C4C00
(1791117078.351060) can0 491#0000000000000000
(1791117078.363820) can0 297#0101E040FFFF8F2F
(1791117078.364052) can0 29B#BB967002FD100000
(1791117078.368450) can0 29C#2800000000000000
(1791117078.368735) can0 33F#0000000028000040
(1791117078.369032) can0 394#0036000010370819
(1791117078.369285) can0 396#3B6D4E2800454545
(1791117078.369574) can0 39A#0036020079C00000
(1791117078.369852) can0 39B#3C3A8200000020A4
(1791117078.413801) can0 297#0101E040FFFF8020
(1791117078.414051) can0 29B#BB967002FD100000
(1791117078.449878) can0 33B#3500003F00008000
(1791117078.450086) can0 323#0000000000001FC5
(1791117078.450322) can0 324#370000414400001F
(1791117078.450574) can0 33D#0000A04000280000
(1791117078.450813) can0 3B7#00004000000D4D00
(1791117078.451059) can0 491#0000000000000000
(1791117078.463807) can0 297#0101E040FFFF8121
(1791117078.464047) can0 29B#BB967002FD100000
(1791117078.468467) can0 29C#2800000000000000
(1791117078.468760) can0 33F#0000000028000040
(1791117078.469076) can0 394#0036000010370918
(1791117078.469309) can0 396#3B6D4E2800454545
(1791117078.469595) can0 39A#0036020089800000
(1791117078.470559) can0 39B#3C3A8200000024A0
(1791117078.513811) can0 297#0101E040FFFF8222
(1791117078.514055) can0 29B#BB967002FD100000
(1791117078.549937) can0 33B#3500003F00008000
(1791117078.550153) can0 323#0000000000001FC5
(1791117078.550398) can0 324#370000414400001F
(1791117078.550637) can0 33D#0000A04000280000
(1791117078.550881) can0 3B7#00004000000E4E00
(1791117078.551124) can0 491#0000000000000000
(1791117078.563791) can0 297#0101E040FFFF8323
(1791117078.564059) can0 29B#BB967002FD100000
(1791117078.568521) can0 29C#2800000000000000
(1791117078.568746) can0 33F#0000000028000040
(1791117078.569060) can0 394#0036000010370A1B
(1791117078.569282) can0 396#3B6D4E2800454545
(1791117078.569562) can0 39A#0036020099400000
(1791117078.569866) can0 39B#3C3A8200000028AC
(1791117078.613825) can0 297#0101E040FFFF8424
(1791117078.614101) can0 29B#BB967002FD100000
(1791117078.649907) can0 33B#3500003F00008000
(1791117078.650091) can0 323#0000000000001FC5
(1791117078.650331) can0 324#370000414400001F
(1791117078.650583) can0 33D#0000A04000280000
(1791117078.650822) can0 3B7#00004000000F4F00
(1791117078.651072) can0 491#0000000000000000
(1791117078.663824) can0 297#0101E040FFFF8525
(1791117078.664091) can0 29B#BB967002FD100000
(1791117078.668477) can0 29C#2800000000000000
(1791117078.668720) can0 33F#0000000028000040
(1791117078.669000) can0 394#0036000010370B1A
(1791117078.669269) can0 396#3B6D4E2800454545
(1791117078.669558) can0 39A#00360200A9000000
(1791117078.669848) can0 39B#3C3A820000002CA8
(1791117078.713791) can0 297#0101E040FFFF8626
(1791117078.714083) can0 29B#BB967002FD100000
(1791117078.750125) can0 33B#3500003F00008000
(1791117078.750325) can0 323#0000000000001FC5
(1791117078.750560) can0 324#370000414400001F
(1791117078.750807) can0 33D#0000A04000280000
(1791117078.751082) can0 3B7#0000400000004000
(1791117078.751289) can0 491#0000000000000000
(1791117078.763799) can0 297#0101E040FFFF8727
(1791117078.764089) can0 29B#BB967002FD100000
(1791117078.768463) can0 29C#2800000000000000
(1791117078.768720) can0 33F#0000000028000040
(1791117078.769003) can0 394#0036000010370C1D
(1791117078.769262) can0 396#3B6D4E2800454545
(1791117078.769563) can0 39A#00360200B8C00000
(1791117078.769865) can0 39B#3C3A8200000030B4
(1791117078.813807) can0 297#0101E040FFFF8828
(1791117078.814095) can0 29B#BB967002FD100000
(1791117078.849986) can0 33B#3500003F00008000
(1791117078.850196) can0 323#0000000000000000
(1791117078.850424) can0 324#370000414400001F
(1791117078.850668) can0 33D#0000A04000280000
(1791117078.850918) can0 3B7#0000400000014100
(1791117078.851165) can0 491#0000000000000000
(1791117078.863804) can0 297#0101E040FFFF8929
(1791117078.864098) can0 29B#BB967002FD100000
(1791117078.868448) can0 29C#2800000000000000
(1791117078.868728) can0 33F#0000000028000040
(1791117078.869007) can0 394#0036000010370D1C
(1791117078.869267) can0 396#3B6D4E2800454545
(1791117078.869572) can0 39A#00360200C8800000
(1791117078.869856) can0 39B#3C3A8200000034B0
(1791117078.913789) can0 297#0101E040FFFF8A2A
(1791117078.914108) can0 29B#BB967002FD100000
(1791117078.949891) can0 33B#3500003F00008000
(1791117078.950111) can0 323#0000000000000000
(1791117078.950334) can0 324#370000414400001F
(1791117078.950606) can0 33D#0000A04000280000
(1791117078.950871) can0 3B7#0000400000024200
(1791117078.951146) can0 491#0000000000000000
(1791117078.963799) can0 297#0101E040FFFF8B2B
(1791117078.964044) can0 29B#BB967002FD100000
(1791117078.968482) can0 29C#2800000000000000
(1791117078.968796) can0 33F#0000000028000040
(1791117078.969015) can0 394#0036000010370E1F
(1791117078.969278) can0 396#3B6D4E2800454545
(1791117078.969570) can0 39A#00360200D8400000
(1791117078.969903) can0 39B#3C3A8200000038BC
(1791117079.013809) can0 297#0101E040FFFF8C2C
(1791117079.014049) can0 29B#BB967002FD100000
(1791117079.050019) can0 33B#3500003F00008000
(1791117079.050192) can0 323#0000000000000000
(1791117079.050449) can0 324#370000414400001F
(1791117079.050687) can0 33D#0000A04000280000
(1791117079.050929) can0 3B7#0000400000034300
(1791117079.051167) can0 491#0000000000000000
(1791117079.063816) can0 297#0101E040FFFF8D2D
(1791117079.064071) can0 29B#BB967002FD100000
(1791117079.068492) can0 29C#2800000000000000
(1791117079.068729) can0 33F#0000000028000040
(1791117079.069006) can0 394#0036000010370F1E
(1791117079.069262) can0 396#3B6D4E2800454545
(1791117079.069564) can0 39A#00360200E8000000
(1791117079.069868) can0 39B#3C3A820000003CB8
(1791117079.113895) can0 297#0101E040FFFF8E2E
(1791117079.114073) can0 29B#BB967002FD100000
(1791117079.149972) can0 33B#3500003F00008000
(1791117079.150186) can0 323#0000000000000000
(1791117079.150424) can0 324#370000414400001F
(1791117079.150668) can0 33D#0000A04000280000
(1791117079.150919) can0 3B7#0000400000044400
(1791117079.151176) can0 491#0000000000000000
(1791117079.163802) can0 297#0101E040FFFF8F2F
(1791117079.164028) can0 29B#BB967002FD100000
(1791117079.168452) can0 29C#2800000000000000
(1791117079.168737) can0 33F#0000000028000040
(1791117079.169016) can0 394#0036000010370011
(1791117079.169272) can0 396#3B6D4E2800454545
(1791117079.169545) can0 39A#00360200F7C00000
(1791117079.169874) can0 39B#3C3A820000000084
(1791117079.213806) can0 297#0101E040FFFF8020
(1791117079.214054) can0 29B#BB967002FD100000
(1791117079.249922) can0 33B#3500003F00008000
(1791117079.250149) can0 323#0000000000000000
(1791117079.250385) can0 324#370000414400001F
(1791117079.250627) can0 33D#0000A04000280000
(1791117079.250873) can0 3B7#0000400000054500
(1791117079.251148) can0 491#0000000000000000
(1791117079.263797) can0 297#0101E040FFFF8121
(1791117079.264036) can0 29B#BB967002FD100000
(1791117079.268468) can0 29C#2800000000000000
(1791117079.268733) can0 33F#0000000028000040
(1791117079.269000) can0 394#0036000010370110
(1791117079.269293) can0 396#3B6D4E2800454545
(1791117079.269550) can0 39A#0036020007800000
(1791117079.269849) can0 39B#3C3A820000000480
(1791117079.313800) can0 297#0101E040FFFF8222
(1791117079.314049) can0 29B#BB967002FD100000
(1791117079.349994) can0 33B#3500003F00008000
(1791117079.350203) can0 323#0000000000001D65
(1791117079.350442) can0 324#370000414400001F
(1791117079.350684) can0 33D#0000A04000280000
(1791117079.350942) can0 3B7#0000400000064600
(1791117079.351189) can0 491#0000000000000000
(1791117079.363804) can0 297#0101E040FFFF8323
(1791117079.364047) can0 29B#BB967002FD100000
(1791117079.368493) can0 29C#2800000000000000
(1791117079.368750) can0 33F#0000000028000040
(1791117079.369021) can0 394#0036000010370213
(1791117079.369298) can0 396#3B6D4E2800454545
(1791117079.369587) can0 39A#0036020017400000
(1791117079.369887) can0 39B#3C3A82000000088C
(1791117079.413790) can0 297#0101E040FFFF8424
(1791117079.414038) can0 29B#BB967002FD100000
(1791117079.449925) can0 33B#3500003F00008000
(1791117079.450120) can0 323#0000000000001D65
(1791117079.450358) can0 324#370000414400001F
(1791117079.450606) can0 33D#0000A04000280000
(1791117079.450846) can0 3B7#0000400000074700
(1791117079.451087) can0 491#0000000000000000
(1791117079.463796) can0 297#0101E040FFFF8525
(1791117079.464047) can0 29B#BB967002FD100000
(1791117079.468514) can0 29C#2800000000000000
(1791117079.468734) can0 33F#0000000028000040
(1791117079.469003) can0 394#0036000010370312
(1791117079.469258) can0 396#3B6D4E2800454545
(1791117079.469557) can0 39A#0036020027000000
(1791117079.469860) can0 39B#3C3A820000000C88
(1791117079.513858) can0 297#0101E040FFFF8626
(1791117079.514061) can0 29B#BB967002FD100000
(1791117079.549911) can0 33B#3500003F00008000
(1791117079.550190) can0 323#0000000000001D65
(1791117079.550366) can0 324#370000414400001F
(1791117079.550604) can0 33D#0000A04000280000
(1791117079.550853) can0 3B7#0000400000084800
(1791117079.551113) can0 491#0000000000000000
(1791117079.563810) can0 297#0101E040FFFF8727
(1791117079.564072) can0 29B#BB967002FD100000
(1791117079.568495) can0 29C#2800000000000000
(1791117079.568722) can0 33F#0000000028000040
(1791117079.569005) can0 394#0036000010370415
(1791117079.569267) can0 396#3B6D4E2800454545
(1791117079.569557) can0 39A#0036020036C00000
(1791117079.569873) can0 39B#3C3A820000001094
(1791117079.613805) can0 297#0101E040FFFF8828
(1791117079.614055) can0 29B#BB967002FD100000
(1791117079.649914) can0 33B#3500003F00008000
(1791117079.650108) can0 323#0000000000001D65
(1791117079.650350) can0 324#370000414400001F
(1791117079.650597) can0 33D#0000A04000280000
(1791117079.650837) can0 3B7#0000400000094900
(1791117079.651100) can0 491#0000000000000000
(1791117079.663793) can0 297#0101E040FFFF8929
(1791117079.664055) can0 29B#BB967002FD100000
(1791117079.668443) can0 29C#2800000000000000
(1791117079.668718) can0 33F#0000000028000040
(1791117079.668997) can0 394#0036000010370514
(1791117079.669263) can0 396#3B6D4E2800454545
(1791117079.669553) can0 39A#0036020046800000
(1791117079.669846) can0 39B#3C3A820000001490
(1791117079.713801) can0 297#0101E040FFFF8A2A
(1791117079.714046) can0 29B#BB967002FD100000
(1791117079.749958) can0 33B#3800003F00008000
(1791117079.750224) can0 323#0000000000001D65
(1791117079.750396) can0 324#370000414400001F
(1791117079.750633) can0 33D#0000A04000280000
(1791117079.750882) can0 3B7#00004000000A4A00
(1791117079.751142) can0 491#0000000000000000
(1791117079.763783) can0 297#0101E040FFFF8B2B
(1791117079.764034) can0 29B#BB967002FD100000
(1791117079.768472) can0 29C#2800000000000000
(1791117079.768737) can0 33F#0000000028000040
(1791117079.768992) can0 394#0036000010370617
(1791117079.769259) can0 396#3B6D4E2800454545
(1791117079.769549) can0 39A#0036020056400000
(1791117079.769845) can0 39B#3C3A82000000189C
(1791117079.813800) can0 297#0101E040FFFF8C2C
(1791117079.814037) can0 29B#BB967002FD100000
(1791117079.849916) can0 33B#4500003F00008000
(1791117079.850126) can0 323#0000000000001FAD
(1791117079.850367) can0 324#370000414400001F
(1791117079.850614) can0 33D#0000A04000280000
(1791117079.850888) can0 3B7#00004000000B4B00
(1791117079.851132) can0 491#0000000000000000
(1791117079.863803) can0 297#0101E040FFFF8D2D
(1791117079.864040) can0 29B#BB967002FD100000
(1791117079.868479) can0 29C#2800000000000000
(1791117079.868735) can0 33F#0000000028000040
(1791117079.869004) can0 394#0036000010370716
(1791117079.869281) can0 396#3B6D4E2800454545
(1791117079.869587) can0 39A#0036020066000000
(1791117079.869896) can0 39B#3C3A820000001C98
(1791117079.913809) can0 297#0101E040FFFF8E2E
(1791117079.914031) can0 29B#BB967002FD100000
(1791117079.950055) can0 33B#4B00003F00008000
(1791117079.950254) can0 323#0000000000001FAD
(1791117079.950479) can0 324#370000414400001F
(1791117079.950727) can0 33D#0000A04000280000
(1791117079.950966) can0 3B7#00004000000C4C00
(1791117079.951245) can0 491#0000000000000000
(1791117079.963854) can0 297#0101E040FFFF8F2F
(1791117079.964062) can0 29B#BB967002FD100000
(1791117079.968484) can0 29C#2800000000000000
(1791117079.968720) can0 33F#0000000028000040
(1791117079.968998) can0 394#0036000010370819
(1791117079.969254) can0 396#3B6D4E2800454545
(1791117079.969547) can0 39A#0036020075C00000
(1791117079.969853) can0 39B#3C3A8200000020A4
(1791117080.013883) can0 297#0101E040FFFF8020
(1791117080.014058) can0 29B#BB967002FD100000
(1791117080.049997) can0 33B#4D00003F00008000
(1791117080.050259) can0 323#0000000000001FAD
(1791117080.050448) can0 324#370000414400001F
(1791117080.050698) can0 33D#0000A04000280000
(1791117080.050943) can0 3B7#00004000000D4D00
(1791117080.051256) can0 491#0000000000000000
(1791117080.063799) can0 297#0101E040FFFF8121
(1791117080.064020) can0 29B#BB967002FD100000
(1791117080.068445) can0 29C#2800000000000000
(1791117080.068731) can0 33F#0000000028000040
(1791117080.068981) can0 394#0036000010370918
(1791117080.069258) can0 396#3B6D4E2800454545
(1791117080.069539) can0 39A#0036020085800000
(1791117080.069849) can0 39B#3C3A8200000024A0
(1791117080.113808) can0 297#0101E040FFFF8222
(1791117080.114038) can0 29B#BB967002FD100000
(1791117080.149915) can0 33B#4F00003F00008000
(1791117080.150131) can0 323#0000000000001FAD
(1791117080.150377) can0 324#370000414400001F
(1791117080.150617) can0 33D#0000A04000280000
(1791117080.150867) can0 3B7#00004000000E4E00
(1791117080.151127) can0 491#0000000000000000
(1791117080.163786) can0 297#0101E040FFFF8323
(1791117080.164024) can0 29B#BB967002FD100000
(1791117080.168448) can0 29C#2800000000000000
(1791117080.168723) can0 33F#0000000028000040
(1791117080.168995) can0 394#0036000010370A1B
(1791117080.169272) can0 396#3B6D4E2800454545
(1791117080.169543) can0 39A#0036020095400000
(1791117080.169822) can0 39B#3C3A8200000028AC
(1791117080.213791) can0 297#0101E040FFFF8424
(1791117080.214042) can0 29B#BB967002FD100000
(1791117080.250045) can0 33B#4F00003F00008000
(1791117080.250285) can0 323#0000000000001FAD
(1791117080.250494) can0 324#370000414400001F
(1791117080.250744) can0 33D#0000A04000280000
(1791117080.250984) can0 3B7#00004000000F4F00
(1791117080.251282) can0 491#0000000000000000
(1791117080.263793) can0 297#0101E040FFFF8525
(1791117080.264038) can0 29B#BB967002FD100000
(1791117080.268478) can0 29C#2800000000000000
(1791117080.268739) can0 33F#0000000028000040
(1791117080.269025) can0 394#0036000010370B1A
(1791117080.269321) can0 396#3B6D4E2800454545
(1791117080.269565) can0 39A#00360200A5000000
(1791117080.269878) can0 39B#3C3A820000002CA8
(1791117080.313799) can0 297#0101E040FFFF8626
(1791117080.314047) can0 29B#BB967002FD100000
(1791117080.349944) can0 33B#4F00003F00008000
(1791117080.350131) can0 323#0000000000001FC5
(1791117080.350378) can0 324#370000414400001F
(1791117080.350629) can0 33D#0000A04000280000
(1791117080.350890) can0 3B7#0000400000004000
(1791117080.351130) can0 491#0000000000000000
(1791117080.363794) can0 297#0101E040FFFF8727
(1791117080.364034) can0 29B#BB967002FD100000
(1791117080.368471) can0 29C#2800000000000000
(1791117080.368716) can0 33F#0000000028000040
(1791117080.368991) can0 394#0036000010370C1D
(1791117080.369298) can0 396#3B6D4E2800454545
(1791117080.369551) can0 39A#00360200B4C00000
(1791117080.369853) can0 39B#3C3A8200000030B4
(1791117080.413818) can0 297#0101E040FFFF8828
(1791117080.414055) can0 29B#BB967002FD100000
(1791117080.449949) can0 33B#4F00003F00008000
(1791117080.450168) can0 323#0000000000001FC5
(1791117080.450413) can0 324#370000414400001F
(1791117080.450640) can0 33D#0000A04000280000
(1791117080.450892) can0 3B7#0000400000014100
(1791117080.451135) can0 491#0000000000000000
(1791117080.463820) can0 297#0101E040FFFF8929
(1791117080.464060) can0 29B#BB967002FD100000
(1791117080.468467) can0 29C#2800000000000000
(1791117080.468720) can0 33F#0000000028000040
(1791117080.468988) can0 394#0036000010370D1C
(1791117080.469312) can0 396#3B6D4E2800454545
(1791117080.469547) can0 39A#00360200C4800000
(1791117080.469847) can0 39B#3C3A8200000034B0
(1791117080.513791) can0 297#0101E040FFFF8A2A
(1791117080.514044) can0 29B#BB967002FD100000
(1791117080.549963) can0 33B#4F00003F00008000
(1791117080.550175) can0 323#0000000000001FC5
(1791117080.550420) can0 324#370000414400001F
(1791117080.550671) can0 33D#0000A04000280000
(1791117080.550923) can0 3B7#0000400000024200
(1791117080.551177) can0 491#0000000000000000
(1791117080.563778) can0 297#0101E040FFFF8B2B
(1791117080.564027) can0 29B#BB967002FD100000
(1791117080.568452) can0 29C#2800000000000000
(1791117080.568721) can0 33F#0000000028000040
(1791117080.568978) can0 394#0036000010370E1F
(1791117080.569324) can0 396#3B6D4E2800454545
(1791117080.569548) can0 39A#00360200D4400000
(1791117080.569827) can0 39B#3C3A8200000038BC
(1791117080.613799) can0 297#0101E040FFFF8C2C
(1791117080.614040) can0 29B#BB967002FD100000
(1791117080.649934) can0 33B#5000003F00008000
(1791117080.650144) can0 323#0000000000001FC5
(1791117080.650383) can0 324#370000414400001F
(1791117080.650635) can0 33D#0000A04000280000
(1791117080.650879) can0 3B7#0000400000034300
(1791117080.651138) can0 491#0000000000000000
(1791117080.663782) can0 297#0101E040FFFF8D2D
(1791117080.664030) can0 29B#BB967002FD100000
(1791117080.668436) can0 29C#2800000000000000
(1791117080.668721) can0 33F#0000000028000040
(1791117080.668986) can0 394#0036000010370F1E
(1791117080.669255) can0 396#3B6D4E2800454545
(1791117080.669561) can0 39A#00360200E4000000
(1791117080.669854) can0 39B#3C3A820000003CB8
(1791117080.713798) can0 297#0101E040FFFF8E2E
(1791117080.714039) can0 29B#BB967002FD100000
(1791117080.750180) can0 33B#5000003F00008000
(1791117080.750394) can0 323#0000000000001FC5
(1791117080.750654) can0 324#370000414400001F
(1791117080.750888) can0 33D#0000A04000280000
(1791117080.751153) can0 3B7#0000400000044400
(1791117080.751403) can0 491#0000000000000000
(1791117080.763789) can0 297#0101E040FFFF8F2F
(1791117080.764035) can0 29B#BB967002FD100000
(1791117080.768486) can0 29C#2800000000000000
(1791117080.768739) can0 33F#0000000028000040
(1791117080.769010) can0 394#0036000010370011
(1791117080.769260) can0 396#3B6D4E2800454545
(1791117080.769558) can0 39A#00360200F3C00000
(1791117080.769900) can0 39B#3C3A820000000084
(1791117080.813787) can0 297#0101E040FFFF8020
(1791117080.814027) can0 29B#BB967002FD100000
(1791117080.850009) can0 33B#5000003F00008000
(1791117080.850229) can0 323#0000000000000000
(1791117080.850448) can0 324#370000414400001F
(1791117080.850687) can0 33D#0000A04000280000
(1791117080.850926) can0 3B7#0000400000054500
(1791117080.851192) can0 491#0000000000000000
(1791117080.863800) can0 297#0101E040FFFF8121
(1791117080.864048) can0 29B#BB967002FD100000
(1791117080.868478) can0 29C#2800000000000000
(1791117080.868714) can0 33F#0000000028000040
(1791117080.868992) can0 394#0036000010370110
(1791117080.869241) can0 396#3B6D4E2800454545
(1791117080.869547) can0 39A#0036020003800000
(1791117080.869856) can0 39B#3C3A820000000480
(1791117080.913825) can0 297#0101E040FFFF8222
(1791117080.914041) can0 29B#BB967002FD100000
(1791117080.949942) can0 33B#5000003F00008000
(1791117080.950176) can0 323#0000000000000000
(1791117080.950425) can0 324#370000414400001F
(1791117080.950668) can0 33D#0000A04000280000
(1791117080.950913) can0 3B7#0000400000064600
(1791117080.951154) can0 491#0000000000000000
(1791117080.963792) can0 297#0101E040FFFF8323
(1791117080.964024) can0 29B#BB967002FD100000
(1791117080.968448) can0 29C#2800000000000000
(1791117080.968725) can0 33F#0000000028000040
(1791117080.968985) can0 394#0036000010370213
(1791117080.969252) can0 396#3B6D4E2800454545
(1791117080.969541) can0 39A#0036020013400000
(1791117080.969821) can0 39B#3C3A82000000088C
(1791117081.013788) can0 297#0101E040FFFF8424
(1791117081.014024) can0 29B#BB967002FD100000
(1791117081.049949) can0 33B#5000003F00008000
(1791117081.050170) can0 323#0000000000000000
(1791117081.050419) can0 324#370000414400001F
(1791117081.050641) can0 33D#0000A04000280000
(1791117081.050910) can0 3B7#0000400000074700
(1791117081.051153) can0 491#0000000000000000
(1791117081.063790) can0 297#0101E040FFFF8525
(1791117081.064029) can0 29B#BB967002FD100000
(1791117081.068429) can0 29C#2800000000000000
(1791117081.068709) can0 33F#0000000028000040
(1791117081.068988) can0 394#0036000010370312
(1791117081.069249) can0 396#3B6D4E2800454545
(1791117081.069545) can0 39A#0036020023000000
(1791117081.069823) can0 39B#3C3A820000000C88
(1791117081.113786) can0 297#0101E040FFFF8626
(1791117081.114028) can0 29B#BB967002FD100000
(1791117081.149965) can0 33B#5000003F00008000
(1791117081.150179) can0 323#0000000000000000
(1791117081.150424) can0 324#370000414400001F
(1791117081.150668) can0 33D#0000A04000280000
(1791117081.150909) can0 3B7#0000400000084800
(1791117081.151156) can0 491#0000000000000000
(1791117081.163787) can0 297#0101E040FFFF8727
(1791117081.164040) can0 29B#BB967002FD100000
(1791117081.168484) can0 29C#2800000000000000
(1791117081.168743) can0 33F#0000000028000040
(1791117081.169048) can0 394#0036000010370415
(1791117081.169278) can0 396#3B6D4E2800454545
(1791117081.169568) can0 39A#0036020032C00000
(1791117081.169880) can0 39B#3C3A820000001094
(1791117081.213796) can0 297#0101E040FFFF8828
(1791117081.214038) can0 29B#BB967002FD100000
(1791117081.250012) can0 33B#5000003F00008000
(1791117081.250221) can0 323#0000000000000000
(1791117081.250462) can0 324#370000414400001F
(1791117081.250710) can0 33D#0000A04000280000
(1791117081.250962) can0 3B7#0000400000094900
(1791117081.251205) can0 491#0000000000000000
(1791117081.263785) can0 297#0101E040FFFF8929
(1791117081.264045) can0 29B#BB967002FD100000
(1791117081.268470) can0 29C#2800000000000000
(1791117081.268714) can0 33F#0000000028000040
(1791117081.268993) can0 394#0036000010370514
(1791117081.269253) can0 396#3B6D4E2800454545
(1791117081.269551) can0 39A#0036020042800000
(1791117081.269825) can0 39B#3C3A820000001490
(1791117081.313799) can0 297#0101E040FFFF8A2A
(1791117081.314057) can0 29B#BB967002FD100000
(1791117081.350024) can0 33B#5000003F00008000
(1791117081.350195) can0 323#0000000000001D65
(1791117081.350455) can0 324#370000414400001F
(1791117081.350688) can0 33D#0000A04000280000
(1791117081.350919) can0 3B7#00004000000A4A00
(1791117081.351180) can0 491#0000000000000000
(1791117081.363814) can0 297#0101E040FFFF8B2B
(1791117081.364046) can0 29B#BB967002FD100000
(1791117081.368486) can0 29C#2800000000000000
(1791117081.368737) can0 33F#0000000028000040
(1791117081.368983) can0 394#0036000010370617
(1791117081.369271) can0 396#3B6D4E2800454545
(1791117081.369553) can0 39A#0036020052400000
(1791117081.369878) can0 39B#3C3A82000000189C
(1791117081.413911) can0 297#0101E040FFFF8C2C
(1791117081.414061) can0 29B#BB967002FD100000
(1791117081.449991) can0 33B#5000003F00008000
(1791117081.450203) can0 323#0000000000001D65
(1791117081.450450) can0 324#370000414400001F
(1791117081.450671) can0 33D#0000A04000280000
(1791117081.450901) can0 3B7#00004000000B4B00
(1791117081.451171) can0 491#0000000000000000
(1791117081.463787) can0 297#0101E040FFFF8D2D
(1791117081.464034) can0 29B#BB967002FD100000
(1791117081.468456) can0 29C#2800000000000000
(1791117081.468725) can0 33F#0000000028000040
(1791117081.468982) can0 394#0036000010370716
(1791117081.469264) can0 396#3B6D4E2800454545
(1791117081.469552) can0 39A#0036020062000000
(1791117081.469851) can0 39B#3C3A820000001C98
(1791117081.513806) can0 297#0101E040FFFF8E2E
(1791117081.514040) can0 29B#BB967002FD100000
(1791117081.550044) can0 33B#5000003F00008000
(1791117081.550241) can0 323#0000000000001D65
(1791117081.550492) can0 324#370000414400001F
(1791117081.550738) can0 33D#0000A04000280000
(1791117081.550983) can0 3B7#00004000000C4C00
(1791117081.551240) can0 491#0000000000000000
(1791117081.563789) can0 297#0101E040FFFF8F2F
(1791117081.564026) can0 29B#BB967002FD100000
(1791117081.568464) can0 29C#2800000000000000
(1791117081.568715) can0 33F#0000000028000040
(1791117081.568987) can0 394#0036000010370819
(1791117081.569258) can0 396#3B6D4E2800454545
(1791117081.569565) can0 39A#0036020071C00000
(1791117081.569865) can0 39B#3C3A8200000020A4
(1791117081.613799) can0 297#0101E040FFFF8020
(1791117081.614038) can0 29B#BB967002FD100000
(1791117081.649989) can0 33B#5000003F00008000
(1791117081.650205) can0 323#0000000000001D65
(1791117081.650478) can0 324#370000414400001F
(1791117081.650669) can0 33D#0000A04000280000
(1791117081.650928) can0 3B7#00004000000D4D00
(1791117081.651187) can0 491#0000000000000000
(1791117081.663791) can0 297#0101E040FFFF8121
(1791117081.664026) can0 29B#BB967002FD100000
(1791117081.668540) can0 29C#2800000000000000
(1791117081.668737) can0 33F#0000000028000040
(1791117081.668982) can0 394#0036000010370918
(1791117081.669261) can0 396#3B6D4E2800454545
(1791117081.669551) can0 39A#0036020081800000
(1791117081.669903) can0 39B#3C3A8200000024A0
(1791117081.713798) can0 297#0101E040FFFF8222
(1791117081.714037) can0 29B#BB967002FD100000
(1791117081.750109) can0 33B#5000003F00008000
(1791117081.750307) can0 323#0000000000001D65
(1791117081.750552) can0 324#370000414400001F
(1791117081.750795) can0 33D#0000A04000280000
(1791117081.751056) can0 3B7#00004000000E4E00
(1791117081.751299) can0 491#0000000000000000
(1791117081.763798) can0 297#0101E040FFFF8323
(1791117081.764044) can0 29B#BB967002FD100000
(1791117081.768593) can0 29C#2800000000000000
(1791117081.768738) can0 33F#0000000028000040
(1791117081.769011) can0 394#0036000010370A1B
(1791117081.769282) can0 396#3B6D4E2800454545
(1791117081.769551) can0 39A#0036020091400000
(1791117081.769880) can0 39B#3C3A8200000028AC
(1791117081.813811) can0 297#0101E040FFFF8424
(1791117081.814040) can0 29B#BB967002FD100000
(1791117081.850030) can0 33B#5000003F00008000
(1791117081.850201) can0 323#0000000000001FAD
(1791117081.850538) can0 324#370000414400001F
(1791117081.850702) can0 33D#0000A04000280000
(1791117081.850929) can0 3B7#00004000000F4F00
(1791117081.851185) can0 491#0000000000000000
(1791117081.863846) can0 297#0101E040FFFF8525
(1791117081.864036) can0 29B#BB967002FD100000
(1791117081.868539) can0 29C#2800000000000000
(1791117081.868717) can0 33F#0000000028000040
(1791117081.868979) can0 394#0036000010370B1A
(1791117081.869255) can0 396#3B6D4E2800454545
(1791117081.869532) can0 39A#00360200A1000000
(1791117081.869856) can0 39B#3C3A820000002CA8
(1791117081.913820) can0 297#0101E040FFFF8626
(1791117081.914037) can0 29B#BB967002FD100000
(1791117081.950090) can0 33B#5000003F00008000
(1791117081.950296) can0 323#0000000000001FAD
(1791117081.950535) can0 324#370000414400001F
(1791117081.950784) can0 33D#0000A04000280000
(1791117081.951026) can0 3B7#0000400000004000
(1791117081.951278) can0 491#0000000000000000
(1791117081.963784) can0 297#0101E040FFFF8727
(1791117081.964019) can0 29B#BB967002FD100000
(1791117081.968443) can0 29C#2800000000000000
(1791117081.968702) can0 33F#0000000028000040
(1791117081.968989) can0 394#0036000010370C1D
(1791117081.969250) can0 396#3B6D4E2800454545
(1791117081.969548) can0 39A#00360200B0C00000
(1791117081.969824) can0 39B#3C3A8200000030B4
(1791117082.013792) can0 297#0101E040FFFF8828
(1791117082.014030) can0 29B#BB967002FD100000
(1791117082.050007) can0 33B#5000003F00008000
(1791117082.050214) can0 323#0000000000001FAD
(1791117082.050532) can0 324#370000414400001F
(1791117082.050701) can0 33D#0000A04000280000
(1791117082.050945) can0 3B7#0000400000014100
(1791117082.051213) can0 491#0000000000000000
(1791117082.063801) can0 297#0101E040FFFF8929
(1791117082.064042) can0 29B#BB967002FD100000
(1791117082.068440) can0 29C#2800000000000000
(1791117082.068713) can0 33F#0000000028000040
(1791117082.068988) can0 394#0036000010370D1C
(1791117082.069264) can0 396#3B6D4E2800454545
(1791117082.069568) can0 39A#00360200C0800000
(1791117082.069890) can0 39B#3C3A8200000034B0
(1791117082.113790) can0 297#0101E040FFFF8A2A
(1791117082.114045) can0 29B#BB967002FD100000
(1791117082.150024) can0 33B#5000003F00008000
(1791117082.150216) can0 323#0000000000001FAD
(1791117082.150493) can0 324#370000414400001F
(1791117082.150735) can0 33D#0000A04000280000
(1791117082.150979) can0 3B7#0000400000024200
(1791117082.151215) can0 491#0000000000000000
(1791117082.163787) can0 297#0101E040FFFF8B2B
(1791117082.164027) can0 29B#BB967002FD100000
(1791117082.168485) can0 29C#2800000000000000
(1791117082.168713) can0 33F#0000000028000040
(1791117082.168996) can0 394#0036000010370E1F
(1791117082.169259) can0 396#3B6D4E2800454545
(1791117082.169570) can0 39A#00360200D0400000
(1791117082.169911) can0 39B#3C3A8200000038BC
(1791117082.213808) can0 297#0101E040FFFF8C2C
(1791117082.214041) can0 29B#BB967002FD100000
(1791117082.250078) can0 33B#5000003F00008000
(1791117082.250253) can0 323#0000000000001FAD
(1791117082.250573) can0 324#370000414400001F
(1791117082.250756) can0 33D#0000A04000280000
(1791117082.250989) can0 3B7#0000400000034300
(1791117082.251233) can0 491#0000000000000000
(1791117082.263812) can0 297#0101E040FFFF8D2D
(1791117082.264053) can0 29B#BB967002FD100000
(1791117082.268484) can0 29C#2800000000000000
(1791117082.268703) can0 33F#0000000028000040
(1791117082.268982) can0 394#0036000010370F1E
(1791117082.269245) can0 396#3B6D4E2800454545
(1791117082.269561) can0 39A#00360200E0000000
(1791117082.269817) can0 39B#3C3A820000003CB8
(1791117082.313811) can0 297#0101E040FFFF8E2E
(1791117082.314044) can0 29B#BB967002FD100000
(1791117082.350013) can0 33B#5000003F00008000
(1791117082.350215) can0 323#0000000000001FC5
(1791117082.350464) can0 324#370000414400001F
(1791117082.350706) can0 33D#0000A04000280000
(1791117082.350946) can0 3B7#0000400000044400
(1791117082.351197) can0 491#0000000000000000
(1791117082.363894) can0 297#0101E040FFFF8F2F
(1791117082.364035) can0 29B#BB967002FD100000
(1791117082.368483) can0 29C#2800000000000000
(1791117082.368717) can0 33F#0000000028000040
(1791117082.368995) can0 394#0036000010370011
(1791117082.369258) can0 396#3B6D4E2800454545
(1791117082.369573) can0 39A#00360200EFC00000
(1791117082.369861) can0 39B#3C3A820000000084
(1791117082.413799) can0 297#0101E040FFFF8020
(1791117082.414033) can0 29B#BB967002FD100000
(1791117082.450012) can0 33B#5000003F00008000
(1791117082.450223) can0 323#0000000000001FC5
(1791117082.450461) can0 324#370000414400001F
(1791117082.450706) can0 33D#0000A04000280000
(1791117082.450960) can0 3B7#0000400000054500
(1791117082.451208) can0 491#0000000000000000
(1791117082.463784) can0 297#0101E040FFFF8121
(1791117082.464022) can0 29B#BB967002FD100000
(1791117082.468438) can0 29C#2800000000000000
(1791117082.468713) can0 33F#0000000028000040
(1791117082.468980) can0 394#0036000010370110
(1791117082.469258) can0 396#3B6D4E2800454545
(1791117082.469584) can0 39A#00360200FF800000
(1791117082.469868) can0 39B#3C3A820000000480
(1791117082.513794) can0 297#0101E040FFFF8222
(1791117082.514030) can0 29B#BB967002FD100000
(1791117082.550126) can0 33B#5000003F00008000
(1791117082.550330) can0 323#0000000000001FC5
(1791117082.550596) can0 324#370000414400001F
(1791117082.550834) can0 33D#0000A04000280000
(1791117082.551078) can0 3B7#0000400000064600
(1791117082.551306) can0 491#0000000000000000
(1791117082.563775) can0 297#0101E040FFFF8323
(1791117082.564023) can0 29B#BB967002FD100000
(1791117082.568487) can0 29C#2800000000000000
(1791117082.568724) can0 33F#0000000028000040
(1791117082.568997) can0 394#0036000010370213
(1791117082.569280) can0 396#3B6D4E2800454545
(1791117082.569638) can0 39A#003602000F400000
(1791117082.569906) can0 39B#3C3A82000000088C
(1791117082.613778) can0 297#0101E040FFFF8424
(1791117082.614019) can0 29B#BB967002FD100000
(1791117082.650043) can0 33B#5000003F00008000
(1791117082.650279) can0 323#0000000000001FC5
(1791117082.650530) can0 324#370000414400001F
(1791117082.650735) can0 33D#0000A04000280000
(1791117082.650970) can0 3B7#0000400000074700
(1791117082.651218) can0 491#0000000000000000
(1791117082.663787) can0 297#0101E040FFFF8525
(1791117082.664020) can0 29B#BB967002FD100000
(1791117082.668562) can0 29C#2800000000000000
(1791117082.668733) can0 33F#0000000028000040
(1791117082.669006) can0 394#0036000010370312
(1791117082.669270) can0 396#3B6D4E2800454545
(1791117082.669639) can0 39A#003602001F000000
(1791117082.669821) can0 39B#3C3A820000000C88
(1791117082.713804) can0 297#0101E040FFFF8626
(1791117082.714053) can0 29B#BB967002FD100000
(1791117082.750335) can0 33B#5000003F00008000
(1791117082.750495) can0 323#0000000000001FC5
(1791117082.750732) can0 324#370000414400001F
(1791117082.750997) can0 33D#0000A04000280000
(1791117082.751267) can0 3B7#0000400000084800
(1791117082.751488) can0 491#0000000000000000
(1791117082.763781) can0 297#0101E040FFFF8727
(1791117082.764023) can0 29B#BB967002FD100000
(1791117082.768471) can0 29C#2800000000000000
(1791117082.768720) can0 33F#0000000028000040
(1791117082.768968) can0 394#0036000010370415
(1791117082.769233) can0 396#3B6D4E2800454545
(1791117082.769528) can0 39A#003602002EC00000
(1791117082.769807) can0 39B#3C3A820000001094
(1791117082.813900) can0 297#0101E040FFFF8828
(1791117082.814038) can0 29B#BB967002FD100000
(1791117082.850031) can0 33B#5000003F00008000
(1791117082.850242) can0 323#0000000000000000
(1791117082.850480) can0 324#370000414400001F
(1791117082.850731) can0 33D#0000A04000280000
(1791117082.850979) can0 3B7#0000400000094900
(1791117082.851230) can0 491#0000000000000000
(1791117082.863803) can0 297#0101E040FFFF8929
(1791117082.864036) can0 29B#BB967002FD100000
(1791117082.868435) can0 29C#2800000000000000
(1791117082.868706) can0 33F#0000000028000040
(1791117082.868989) can0 394#0036000010370514
(1791117082.869248) can0 396#3B6D4E2800454545
(1791117082.869544) can0 39A#003602003E800000
(1791117082.869823) can0 39B#3C3A820000001490
(1791117082.913800) can0 297#0101E040FFFF8A2A
(1791117082.914036) can0 29B#BB967002FD100000
(1791117082.950133) can0 33B#5000003F00008000
(1791117082.950335) can0 323#0000000000000000
(1791117082.950573) can0 324#370000414400001F
(1791117082.950816) can0 33D#0000A04000280000
(1791117082.951063) can0 3B7#00004000000A4A00
(1791117082.951305) can0 491#0000000000000000
(1791117082.963789) can0 297#0101E040FFFF8B2B
(1791117082.964028) can0 29B#BB967002FD100000
(1791117082.968421) can0 29C#2800000000000000
(1791117082.968711) can0 33F#0000000028000040
(1791117082.968997) can0 394#0036000010370617
(1791117082.969261) can0 396#3B6D4E2800454545
(1791117082.969548) can0 39A#003602004E400000
(1791117082.969840) can0 39B#3C3A82000000189C
(1791117083.013796) can0 297#0101E040FFFF8C2C
(1791117083.014042) can0 29B#BB967002FD100000
(1791117083.050084) can0 33B#5000003F00008000
(1791117083.050297) can0 323#0000000000000000
(1791117083.050542) can0 324#370000414400001F
(1791117083.050789) can0 33D#0000A04000280000
(1791117083.051021) can0 3B7#00004000000B4B00
(1791117083.051284) can0 491#0000000000000000
(1791117083.063789) can0 297#0101E040FFFF8D2D
(1791117083.064036) can0 29B#BB967002FD100000
(1791117083.068478) can0 29C#2800000000000000
(1791117083.068737) can0 33F#0000000028000040
(1791117083.068999) can0 394#0036000010370716
(1791117083.069260) can0 396#3B6D4E2800454545
(1791117083.069556) can0 39A#003602005E000000
(1791117083.069875) can0 39B#3C3A820000001C98
(1791117083.113795) can0 297#0101E040FFFF8E2E
(1791117083.114030) can0 29B#BB967002FD100000
(1791117083.150064) can0 33B#5000003F00008000
(1791117083.150266) can0 323#0000000000000000
(1791117083.150509) can0 324#370000414400001F
(1791117083.150764) can0 33D#0000A04000280000
(1791117083.151000) can0 3B7#00004000000C4C00
(1791117083.151260) can0 491#0000000000000000
(1791117083.163801) can0 297#0101E040FFFF8F2F
(1791117083.164027) can0 29B#BB967002FD100000
(1791117083.168562) can0 29C#2800000000000000
(1791117083.168730) can0 33F#0000000028000040
(1791117083.168984) can0 394#0036000010370819
(1791117083.169302) can0 396#3B6D4E2800454545
(1791117083.169592) can0 39A#003602006DC00000
(1791117083.169909) can0 39B#3C3A8200000020A4
(1791117083.213819) can0 297#0101E040FFFF8020
(1791117083.214061) can0 29B#BB967002FD100000
(1791117083.250125) can0 33B#5000003F00008000
(1791117083.250294) can0 323#0000000000000000
(1791117083.250528) can0 324#370000414400001F
(1791117083.250795) can0 33D#0000A04000280000
(1791117083.251021) can0 3B7#00004000000D4D00
(1791117083.251262) can0 491#0000000000000000
(1791117083.263877) can0 297#0101E040FFFF8121
(1791117083.264047) can0 29B#BB967002FD100000
(1791117083.268457) can0 29C#2800000000000000
(1791117083.268709) can0 33F#0000000028000040
(1791117083.268971) can0 394#0036000010370918
(1791117083.269250) can0 396#3B6D4E2800454545
(1791117083.269536) can0 39A#003602007D800000
(1791117083.269816) can0 39B#3C3A8200000024A0
(1791117083.313924) can0 297#0101E040FFFF8222
(1791117083.314037) can0 29B#BB967002FD100000
(1791117083.350118) can0 33B#5000003F00008000
(1791117083.350329) can0 323#0000000000001D65
(1791117083.350558) can0 324#370000414400001F
(1791117083.350807) can0 33D#0000A04000280000
(1791117083.351052) can0 3B7#00004000000E4E00
(1791117083.351310) can0 491#0000000000000000
(1791117083.363787) can0 297#0101E040FFFF8323
(1791117083.364020) can0 29B#BB967002FD100000
(1791117083.368489) can0 29C#2800000000000000
(1791117083.368705) can0 33F#0000000028000040
(1791117083.368978) can0 394#0036000010370A1B
(1791117083.369242) can0 396#3B6D4E2800454545
(1791117083.369530) can0 39A#003602008D400000
(1791117083.369812) can0 39B#3C3A8200000028AC
(1791117083.413802) can0 297#0101E040FFFF8424
(1791117083.414021) can0 29B#BB967002FD100000
(1791117083.450059) can0 33B#5000003F00008000
(1791117083.450242) can0 323#0000000000001D65
(1791117083.450485) can0 324#370000414400001F
(1791117083.450732) can0 33D#0000A04000280000
(1791117083.450976) can0 3B7#00004000000F4F00
(1791117083.451235) can0 491#0000000000000000
(1791117083.463773) can0 297#0101E040FFFF8525
(1791117083.464008) can0 29B#BB967002FD100000
(1791117083.468428) can0 29C#2800000000000000
(1791117083.468715) can0 33F#0000000028000040
(1791117083.468968) can0 394#0036000010370B1A
(1791117083.469247) can0 396#3B6D4E2800454545
(1791117083.469529) can0 39A#003602009D000000
(1791117083.469885) can0 39B#3C3A820000002CA8
(1791117083.513809) can0 297#0101E040FFFF8626
(1791117083.514015) can0 29B#BB967002FD100000
(1791117083.550159) can0 33B#5000003F00008000
(1791117083.550382) can0 323#0000000000001D65
(1791117083.550597) can0 324#370000414400001F
(1791117083.550865) can0 33D#0000A04000280000
(1791117083.551111) can0 3B7#0000400000004000
(1791117083.551369) can0 491#0000000000000000
(1791117083.563789) can0 297#0101E040FFFF8727
(1791117083.564031) can0 29B#BB967002FD100000
(1791117083.568490) can0 29C#2800000000000000
(1791117083.568747) can0 33F#0000000028000040
(1791117083.568996) can0 394#0036000010370C1D
(1791117083.569259) can0 396#3B6D4E2800454545
(1791117083.569560) can0 39A#00360200ACC00000
(1791117083.569903) can0 39B#3C3A8200000030B4
(1791117083.613795) can0 297#0101E040FFFF8828
(1791117083.614039) can0 29B#BB967002FD100000
(1791117083.650126) can0 33B#5000003F00008000
(1791117083.650294) can0 323#0000000000001D65
(1791117083.650527) can0 324#370000414400001F
(1791117083.650783) can0 33D#0000A04000280000
(1791117083.651022) can0 3B7#0000400000014100
(1791117083.651266) can0 491#0000000000000000
(1791117083.663849) can0 297#0101E040FFFF8929
(1791117083.664039) can0 29B#BB967002FD100000
(1791117083.668465) can0 29C#2800000000000000
(1791117083.668745) can0 33F#0000000028000040
(1791117083.668967) can0 394#0036000010370D1C
(1791117083.669247) can0 396#3B6D4E2800454545
(1791117083.669526) can0 39A#00360200BC800000
(1791117083.669802) can0 39B#3C3A8200000034B0
(1791117083.713801) can0 297#0101E040FFFF8A2A
(1791117083.714033) can0 29B#BB967002FD100000
(1791117083.750099) can0 33B#5000003F00008000
(1791117083.750298) can0 323#0000000000001D65
(1791117083.750544) can0 324#370000414400001F
(1791117083.750793) can0 33D#0000A04000280000
(1791117083.751036) can0 3B7#0000400000024200
(1791117083.751296) can0 491#0000000000000000
(1791117083.763854) can0 297#0101E040FFFF8B2B
(1791117083.764025) can0 29B#BB967002FD100000
(1791117083.768459) can0 29C#2800000000000000
(1791117083.768762) can0 33F#0000000028000040
(1791117083.768980) can0 394#0036000010370E1F
(1791117083.769258) can0 396#3B6D4E2800454545
(1791117083.769520) can0 39A#00360200CC400000
(1791117083.769806) can0 39B#3C3A8200000038BC
(1791117083.813811) can0 297#0101E040FFFF8C2C
(1791117083.814020) can0 29B#BB967002FD100000
(1791117083.850064) can0 33B#5000003F00008000
(1791117083.850272) can0 323#0000000000001FAD
(1791117083.850520) can0 324#370000414400001F
(1791117083.850767) can0 33D#0000A04000280000
(1791117083.850995) can0 3B7#0000400000034300
(1791117083.851254) can0 491#0000000000000000
(1791117083.863813) can0 297#0101E040FFFF8D2D
(1791117083.864004) can0 29B#BB967002FD100000
(1791117083.868438) can0 29C#2800000000000000
(1791117083.868696) can0 33F#0000000028000040
(1791117083.868964) can0 394#0036000010370F1E
(1791117083.869245) can0 396#3B6D4E2800454545
(1791117083.869521) can0 39A#00360200DC000000
(1791117083.869798) can0 39B#3C3A820000003CB8
(1791117083.913822) can0 297#0101E040FFFF8E2E
(1791117083.914031) can0 29B#BB967002FD100000
(1791117083.950075) can0 33B#5000003F00008000
(1791117083.950283) can0 323#0000000000001FAD
(1791117083.950531) can0 324#370000414400001F
(1791117083.950780) can0 33D#0000A04000280000
(1791117083.951018) can0 3B7#0000400000044400
(1791117083.951286) can0 491#0000000000000000
(1791117083.963833) can0 297#0101E040FFFF8F2F
(1791117083.964027) can0 29B#BB967002FD100000
(1791117083.968464) can0 29C#2800000000000000
(1791117083.968720) can0 33F#0000000028000040
(1791117083.968995) can0 394#0036000010370011
(1791117083.969268) can0 396#3B6D4E2800454545
(1791117083.969553) can0 39A#00360200EBC00000
(1791117083.969926) can0 39B#3C3A820000000084
(1791117084.013865) can0 297#0101E040FFFF8020
(1791117084.014018) can0 29B#BB967002FD100000
(1791117084.050133) can0 33B#5000003F00008000
(1791117084.050330) can0 323#0000000000001FAD
(1791117084.050584) can0 324#370000414400001F
(1791117084.050809) can0 33D#0000A04000280000
(1791117084.051061) can0 3B7#0000400000054500
(1791117084.051310) can0 491#0000000000000000
(1791117084.063843) can0 297#0101E040FFFF8121
(1791117084.064019) can0 29B#BB967002FD100000
(1791117084.068521) can0 29C#2800000000000000
(1791117084.068714) can0 33F#0000000028000040
(1791117084.069003) can0 394#0036000010370110
(1791117084.069263) can0 396#3B6D4E2800454545
(1791117084.069549) can0 39A#00360200FB800000
(1791117084.069876) can0 39B#3C3A820000000480
(1791117084.113904) can0 297#0101E040FFFF8222
(1791117084.114051) can0 29B#BB967002FD100000
(1791117084.150128) can0 33B#5000003F00008000
(1791117084.150300) can0 323#0000000000001FAD
(1791117084.150532) can0 324#370000414400001F
(1791117084.150808) can0 33D#0000A04000280000
(1791117084.151002) can0 3B7#0000400000064600
(1791117084.151263) can0 491#0000000000000000
(1791117084.163797) can0 297#0101E040FFFF8323
(1791117084.164028) can0 29B#BB967002FD100000
(1791117084.168453) can0 29C#2800000000000000
(1791117084.168699) can0 33F#0000000028000040
(1791117084.168977) can0 394#0036000010370213
(1791117084.169233) can0 396#3B6D4E2800454545
(1791117084.169535) can0 39A#003602000B400000
(1791117084.169809) can0 39B#3C3A82000000088C
(1791117084.213900) can0 297#0101E040FFFF8424
(1791117084.214052) can0 29B#BB967002FD100000
(1791117084.250141) can0 33B#5000003F00008000
(1791117084.250329) can0 323#0000000000001FAD
(1791117084.250577) can0 324#370000414400001F
(1791117084.250824) can0 33D#0000A04000280000
(1791117084.251045) can0 3B7#0000400000074700
(1791117084.251305) can0 491#0000000000000000
(1791117084.263770) can0 297#0101E040FFFF8525
(1791117084.264009) can0 29B#BB967002FD100000
(1791117084.268438) can0 29C#2800000000000000
(1791117084.268685) can0 33F#0000000028000040
(1791117084.268967) can0 394#0036000010370312
(1791117084.269227) can0 396#3B6D4E2800454545
(1791117084.269529) can0 39A#003602001B000000
(1791117084.269825) can0 39B#3C3A820000000C88
(1791117084.313771) can0 297#0101E040FFFF8626
(1791117084.314011) can0 29B#BB967002FD100000
(1791117084.350106) can0 33B#5000003F00008000
(1791117084.350299) can0 323#0000000000001FC5
(1791117084.350541) can0 324#370000414400001F
(1791117084.350849) can0 33D#0000A04000280000
(1791117084.351032) can0 3B7#0000400000084800
(1791117084.351276) can0 491#0000000000000000
(1791117084.363767) can0 297#0101E040FFFF8727
(1791117084.364014) can0 29B#BB967002FD100000
(1791117084.368412) can0 29C#2800000000000000
(1791117084.368692) can0 33F#0000000028000040
(1791117084.368977) can0 394#0036000010370415
(1791117084.369239) can0 396#3B6D4E2800454545
(1791117084.369536) can0 39A#003602002AC00000
(1791117084.369864) can0 39B#3C3A820000001094
(1791117084.413788) can0 297#0101E040FFFF8828
(1791117084.414019) can0 29B#BB967002FD100000
(1791117084.450166) can0 33B#5000003F00008000
(1791117084.450368) can0 323#0000000000001FC5
(1791117084.450609) can0 324#370000414400001F
(1791117084.450857) can0 33D#0000A04000280000
(1791117084.451101) can0 3B7#0000400000094900
(1791117084.451380) can0 491#0000000000000000
(1791117084.463772) can0 297#0101E040FFFF8929
(1791117084.464005) can0 29B#BB967002FD100000
(1791117084.468479) can0 29C#2800000000000000
(1791117084.468728) can0 33F#0000000028000040
(1791117084.469022) can0 394#0036000010370514
(1791117084.469255) can0 396#3B6D4E2800454545
(1791117084.469539) can0 39A#003602003A800000
(1791117084.469892) can0 39B#3C3A820000001490
(1791117084.513788) can0 297#0101E040FFFF8A2A
(1791117084.514045) can0 29B#BB967002FD100000
(1791117084.550115) can0 33B#5000003F00008000
(1791117084.550311) can0 323#0000000000001FC5
(1791117084.550566) can0 324#370000414400001F
(1791117084.550867) can0 33D#0000A04000280000
(1791117084.551063) can0 3B7#00004000000A4A00
(1791117084.551282) can0 491#0000000000000000
(1791117084.563789) can0 297#0101E040FFFF8B2B
(1791117084.564026) can0 29B#BB967002FD100000
(1791117084.568514) can0 29C#2800000000000000
(1791117084.568717) can0 33F#0000000028000040
(1791117084.568988) can0 394#0036000010370617
(1791117084.569263) can0 396#3B6D4E2800454545
(1791117084.569553) can0 39A#003602004A400000
(1791117084.569893) can0 39B#3C3A82000000189C
(1791117084.613794) can0 297#0101E040FFFF8C2C
(1791117084.614025) can0 29B#BB967002FD100000
(1791117084.650104) can0 33B#5000003F00008000
(1791117084.650293) can0 323#0000000000001FC5
(1791117084.650528) can0 324#370000414400001F
(1791117084.650779) can0 33D#0000A04000280000
(1791117084.651020) can0 3B7#00004000000B4B00
(1791117084.651289) can0 491#0000000000000000
(1791117084.663823) can0 297#0101E040FFFF8D2D
(1791117084.664014) can0 29B#BB967002FD100000
(1791117084.668452) can0 29C#2800000000000000
(1791117084.668695) can0 33F#0000000028000040
(1791117084.668974) can0 394#0036000010370716
(1791117084.669250) can0 396#3B6D4E2800454545
(1791117084.669514) can0 39A#003602005A000000
(1791117084.669794) can0 39B#3C3A820000001C98
(1791117084.713821) can0 297#0101E040FFFF8E2E
(1791117084.714058) can0 29B#BB967002FD100000
(1791117084.750347) can0 33B#5000003F00008000
(1791117084.750549) can0 323#0000000000001FC5
(1791117084.750787) can0 324#370000414400001F
(1791117084.751038) can0 33D#0000A04000280000
(1791117084.751276) can0 3B7#00004000000C4C00
(1791117084.751525) can0 491#0000000000000000
(1791117084.763784) can0 297#0101E040FFFF8F2F
(1791117084.763999) can0 29B#BB967002FD100000
(1791117084.768412) can0 29C#2800000000000000
(1791117084.768689) can0 33F#0000000028000040
(1791117084.768959) can0 394#0036000010370819
(1791117084.769239) can0 396#3B6D4E2800454545
(1791117084.769526) can0 39A#0036020069C00000
(1791117084.769805) can0 39B#3C3A8200000020A4
(1791117084.813767) can0 297#0101E040FFFF8020
(1791117084.814007) can0 29B#BB967002FD100000
(1791117084.850103) can0 33B#5000003F00008000
(1791117084.850319) can0 323#0000000000000000
(1791117084.850551) can0 324#370000414400001F
(1791117084.850796) can0 33D#0000A04000280000
(1791117084.851036) can0 3B7#00004000000D4D00
(1791117084.851286) can0 491#0000000000000000
(1791117084.863768) can0 297#0101E040FFFF8121
(1791117084.864000) can0 29B#BB967002FD100000
(1791117084.868432) can0 29C#2800000000000000
(1791117084.868702) can0 33F#0000000028000040
(1791117084.868962) can0 394#0036000010370918
(1791117084.869225) can0 396#3B6D4E2800454545
(1791117084.869531) can0 39A#0036020079800000
(1791117084.869813) can0 39B#3C3A8200000024A0
(1791117084.913774) can0 297#0101E040FFFF8222
(1791117084.914013) can0 29B#BB967002FD100000
(1791117084.950115) can0 33B#5000003F00008000
(1791117084.950351) can0 323#0000000000000000
(1791117084.950596) can0 324#370000414400001F
(1791117084.950837) can0 33D#0000A04000280000
(1791117084.951083) can0 3B7#00004000000E4E00
(1791117084.951326) can0 491#0000000000000000
(1791117084.963797) can0 297#0101E040FFFF8323
(1791117084.964049) can0 29B#BB967002FD100000
(1791117084.968478) can0 29C#2800000000000000
(1791117084.968705) can0 33F#0000000028000040
(1791117084.968967) can0 394#0036000010370A1B
(1791117084.969227) can0 396#3B6D4E2800454545
(1791117084.969525) can0 39A#0036020089400000
(1791117084.969823) can0 39B#3C3A8200000028AC
(1791117085.013770) can0 297#0101E040FFFF8424
(1791117085.014001) can0 29B#BB967002FD100000
(1791117085.050189) can0 33B#5000003F00008000
(1791117085.050350) can0 323#0000000000000000
(1791117085.050580) can0 324#370000414400001F
(1791117085.050821) can0 33D#0000A04000280000
(1791117085.051061) can0 3B7#00004000000F4F00
(1791117085.051314) can0 491#0000000000000000
(1791117085.063783) can0 297#0101E040FFFF8525
(1791117085.064026) can0 29B#BB967002FD100000
(1791117085.068494) can0 29C#2800000000000000
(1791117085.068702) can0 33F#0000000028000040
(1791117085.068963) can0 394#0036000010370B1A
(1791117085.069242) can0 396#3B6D4E2800454545
(1791117085.069531) can0 39A#0036020099000000
(1791117085.069810) can0 39B#3C3A820000002CA8
(1791117085.113780) can0 297#0101E040FFFF8626
(1791117085.114033) can0 29B#BB967002FD100000
(1791117085.150156) can0 33B#5000003F00008000
(1791117085.150339) can0 323#0000000000000000
(1791117085.150582) can0 324#370000414400001F
(1791117085.150819) can0 33D#0000A04000280000
(1791117085.151065) can0 3B7#0000400000004000
(1791117085.151301) can0 491#0000000000000000
(1791117085.163829) can0 297#0101E040FFFF8727
(1791117085.164017) can0 29B#BB967002FD100000
(1791117085.168445) can0 29C#2800000000000000
(1791117085.168695) can0 33F#0000000028000040
(1791117085.168950) can0 394#0036000010370C1D
(1791117085.169234) can0 396#3B6D4E2800454545
(1791117085.169511) can0 39A#00360200A8C00000
(1791117085.169793) can0 39B#3C3A8200000030B4
(1791117085.213762) can0 297#0101E040FFFF8828
(1791117085.214010) can0 29B#BB967002FD100000
(1791117085.250150) can0 33B#5000003F00008000
(1791117085.250361) can0 323#0000000000000000
(1791117085.250606) can0 324#370000414400001F
(1791117085.250849) can0 33D#0000A04000280000
(1791117085.251079) can0 3B7#0000400000014100
(1791117085.251340) can0 491#0000000000000000
(1791117085.263773) can0 297#0101E040FFFF8929
(1791117085.264003) can0 29B#BB967002FD100000
(1791117085.268402) can0 29C#2800000000000000
(1791117085.268681) can0 33F#0000000028000040
(1791117085.268963) can0 394#0036000010370D1C
(1791117085.269227) can0 396#3B6D4E2800454545
(1791117085.269523) can0 39A#00360200B8800000
(1791117085.269807) can0 39B#3C3A8200000034B0
(1791117085.313786) can0 297#0101E040FFFF8A2A
(1791117085.313996) can0 29B#BB967002FD100000
(1791117085.350147) can0 33B#5000003F00008000
(1791117085.350334) can0 323#0000000000001D65
(1791117085.350585) can0 324#370000414400001F
(1791117085.350827) can0 33D#0000A04000280000
(1791117085.351102) can0 3B7#0000400000024200
(1791117085.351342) can0 491#0000000000000000
(1791117085.363771) can0 297#0101E040FFFF8B2B
(1791117085.364017) can0 29B#BB967002FD100000
(1791117085.368426) can0 29C#2800000000000000
(1791117085.368697) can0 33F#0000000028000040
(1791117085.368995) can0 394#0036000010370E1F
(1791117085.369238) can0 396#3B6D4E2800454545
(1791117085.369547) can0 39A#00360200C8400000
(1791117085.369889) can0 39B#3C3A8200000038BC
(1791117085.413780) can0 297#0101E040FFFF8C2C
(1791117085.413998) can0 29B#BB967002FD100000
(1791117085.450149) can0 33B#5000003F00008000
(1791117085.450359) can0 323#0000000000001D65
(1791117085.450613) can0 324#370000414400001F
(1791117085.450852) can0 33D#0000A04000280000
(1791117085.451093) can0 3B7#0000400000034300
(1791117085.451318) can0 491#0000000000000000
(1791117085.463812) can0 297#0101E040FFFF8D2D
(1791117085.464019) can0 29B#BB967002FD100000
(1791117085.468459) can0 29C#2800000000000000
(1791117085.468719) can0 33F#0000000028000040
(1791117085.469001) can0 394#0036000010370F1E
(1791117085.469246) can0 396#3B6D4E2800454545
(1791117085.469552) can0 39A#00360200D8000000
(1791117085.469808) can0 39B#3C3A820000003CB8
(1791117085.513779) can0 297#0101E040FFFF8E2E
(1791117085.514029) can0 29B#BB967002FD100000
(1791117085.550172) can0 33B#5000003F00008000
(1791117085.550325) can0 323#0000000000001D65
(1791117085.550573) can0 324#370000414400001F
(1791117085.550818) can0 33D#0000A04000280000
(1791117085.551076) can0 3B7#0000400000044400
(1791117085.551318) can0 491#0000000000000000
(1791117085.563787) can0 297#0101E040FFFF8F2F
(1791117085.564012) can0 29B#BB967002FD100000
(1791117085.568452) can0 29C#2800000000000000
(1791117085.568688) can0 33F#0000000028000040
(1791117085.568993) can0 394#0036000010370011
(1791117085.569230) can0 396#3B6D4E2800454545
(1791117085.569507) can0 39A#00360200E7C00000
(1791117085.569793) can0 39B#3C3A820000000084
(1791117085.613818) can0 297#0101E040FFFF8020
(1791117085.614019) can0 29B#BB967002FD100000
(1791117085.650177) can0 33B#5000003F00008000
(1791117085.650385) can0 323#0000000000001D65
(1791117085.650614) can0 324#370000414400001F
(1791117085.650858) can0 33D#0000A04000280000
(1791117085.651106) can0 3B7#0000400000054500
(1791117085.651354) can0 491#0000000000000000
(1791117085.663829) can0 297#0101E040FFFF8121
(1791117085.664049) can0 29B#BB967002FD100000
(1791117085.668437) can0 29C#2800000000000000
(1791117085.668698) can0 33F#0000000028000040
(1791117085.669009) can0 394#0036000010370110
(1791117085.669236) can0 396#3B6D4E2800454545
(1791117085.669512) can0 39A#00360200F7800000
(1791117085.669810) can0 39B#3C3A820000000480
(1791117085.713783) can0 297#0101E040FFFF8222
(1791117085.714020) can0 29B#BB967002FD100000
(1791117085.750229) can0 33B#5000003F00008000
(1791117085.750429) can0 323#0000000000001D65
(1791117085.750669) can0 324#370000414400001F
(1791117085.750913) can0 33D#0000A04000280000
(1791117085.751166) can0 3B7#0000400000064600
(1791117085.751403) can0 491#0000000000000000
(1791117085.763764) can0 297#0101E040FFFF8323
(1791117085.764023) can0 29B#BB967002FD100000
(1791117085.768400) can0 29C#2800000000000000
(1791117085.768680) can0 33F#0000000028000040
(1791117085.769022) can0 394#0036000010370213
(1791117085.769220) can0 396#3B6D4E2800454545
(1791117085.769526) can0 39A#0036020007400000
(1791117085.769805) can0 39B#3C3A82000000088C
(1791117085.813785) can0 297#0101E040FFFF8424
(1791117085.814038) can0 29B#BB967002FD100000
(1791117085.850145) can0 33B#5000003F00008000
(1791117085.850353) can0 323#0000000000001FAD
(1791117085.850593) can0 324#370000414400001F
(1791117085.850836) can0 33D#0000A04000280000
(1791117085.851075) can0 3B7#0000400000074700
(1791117085.851322) can0 491#0000000000000000
(1791117085.863769) can0 297#0101E040FFFF8525
(1791117085.864035) can0 29B#BB967002FD100000
(1791117085.868466) can0 29C#2800000000000000
(1791117085.868704) can0 33F#0000000028000040
(1791117085.868989) can0 394#0036000010370312
(1791117085.869251) can0 396#3B6D4E2800454545
(1791117085.869556) can0 39A#0036020017000000
(1791117085.869828) can0 39B#3C3A820000000C88
(1791117085.913759) can0 297#0101E040FFFF8626
(1791117085.914049) can0 29B#BB967002FD100000
(1791117085.950230) can0 33B#4700003F00008000
(1791117085.950437) can0 323#0000000000001FAD
(1791117085.950678) can0 324#370000414400001F
(1791117085.950923) can0 33D#0000A04000280000
(1791117085.951156) can0 3B7#0000400000084800
(1791117085.951412) can0 491#0000000000000000
(1791117085.963770) can0 297#0101E040FFFF8727
(1791117085.964056) can0 29B#BB967002FD100000
(1791117085.968474) can0 29C#2800000000000000
(1791117085.968694) can0 33F#0000000028000040
(1791117085.968975) can0 394#0036000010370415
(1791117085.969252) can0 396#3B6D4E2800454545
(1791117085.969526) can0 39A#0036020026C00000
(1791117085.969787) can0 39B#3C3A820000001094
(1791117086.013775) can0 297#0101E040FFFF8828
(1791117086.014093) can0 29B#BB967002FD100000
(1791117086.050287) can0 33B#2200003F00008000
(1791117086.050456) can0 323#0000000000001FAD
(1791117086.050682) can0 324#370000414400001F
(1791117086.050928) can0 33D#0000A04000280000
(1791117086.051170) can0 3B7#0000400000094900
(1791117086.051411) can0 491#0000000000000000
(1791117086.063774) can0 297#0101E040FFFF8929
(1791117086.064085) can0 29B#BB967002FD100000
(1791117086.068446) can0 29C#2800000000000000
(1791117086.068683) can0 33F#0000000028000040
(1791117086.068953) can0 394#0036000010370514
(1791117086.069222) can0 396#3B6D4E2800454545
(1791117086.069521) can0 39A#0036020036800000
(1791117086.069793) can0 39B#3C3A820000001490
(1791117086.113814) can0 297#0101E040FFFF8A2A
(1791117086.114027) can0 29B#BB967002FD100000
(1791117086.150158) can0 33B#1200003F00008000
(1791117086.150356) can0 323#0000000000001FAD
(1791117086.150601) can0 324#3700004144000016
(1791117086.150843) can0 33D#0000A04000280000
(1791117086.151091) can0 3B7#00004000000A4A00
(1791117086.151334) can0 491#0000000000000000
(1791117086.163751) can0 297#0101E040FFFF8B2B
(1791117086.163991) can0 29B#BB967002FD100000
(1791117086.168430) can0 29C#2800000000000000
(1791117086.168702) can0 33F#0000000028000040
(1791117086.168951) can0 394#0036000010370617
(1791117086.169217) can0 396#3B6D4E2800454545
(1791117086.169510) can0 39A#0036020046400000
(1791117086.169796) can0 39B#3C3A82000000189C
(1791117086.213764) can0 297#0101E040FFFF8C2C
(1791117086.214003) can0 29B#BB967002FD100000
(1791117086.250165) can0 33B#0B00003F00008000
(1791117086.250359) can0 323#0000000000001FAD
(1791117086.250606) can0 324#370000414400000D
(1791117086.250849) can0 33D#0000A04000280000
(1791117086.251098) can0 3B7#00004000000B4B00
(1791117086.251339) can0 491#0000000000000000
(1791117086.263763) can0 297#0101E040FFFF8D2D
(1791117086.263997) can0 29B#BB967002FD100000
(1791117086.268409) can0 29C#2800000000000000
(1791117086.268687) can0 33F#0000000028000040
(1791117086.268966) can0 394#0036000010370716
(1791117086.269233) can0 396#3B6D4E2800454545
(1791117086.269526) can0 39A#0036020056000000
(1791117086.269796) can0 39B#3C3A820000001C98
(1791117086.313770) can0 297#0101E040FFFF8E2E
(1791117086.314006) can0 29B#BB967002FD100000
(1791117086.350184) can0 33B#0700003F00008000
(1791117086.350384) can0 323#0000000000001FC5
(1791117086.350635) can0 324#3700004144000000
(1791117086.350863) can0 33D#0000A04000280000
(1791117086.351115) can0 3B7#00004000000C4C00
(1791117086.351397) can0 491#0000000000000000
(1791117086.363777) can0 297#0101E040FFFF8F2F
(1791117086.363995) can0 29B#BB967002FD100000
(1791117086.368469) can0 29C#2800000000000000
(1791117086.368717) can0 33F#0000000028000040
(1791117086.368976) can0 394#0036000010370819
(1791117086.369222) can0 396#3B6D4E2800454545
(1791117086.369515) can0 39A#0036020065C00000
(1791117086.369798) can0 39B#3C3A8200000020A4
(1791117086.413769) can0 297#0101E040FFFF8020
(1791117086.414041) can0 29B#BB967002FD100000
(1791117086.450236) can0 33B#0600003F00008000
(1791117086.450390) can0 323#0000000000001FC5
(1791117086.450623) can0 324#3700004144000000
(1791117086.450856) can0 33D#0000A04000280000
(1791117086.451116) can0 3B7#00004000000D4D00
(1791117086.451374) can0 491#0000000000000000
(1791117086.463787) can0 297#0101E040FFFF8121
(1791117086.464024) can0 29B#BB967002FD100000
(1791117086.468494) can0 29C#2800000000000000
(1791117086.468702) can0 33F#0000000028000040
(1791117086.468968) can0 394#0036000010370918
(1791117086.469249) can0 396#3B6D4E2800454545
(1791117086.469513) can0 39A#0036020075800000
(1791117086.469804) can0 39B#3C3A8200000024A0
(1791117086.513792) can0 297#0101E040FFFF8222
(1791117086.514022) can0 29B#BB967002FD100000
(1791117086.550216) can0 33B#0500003F00008000
(1791117086.550381) can0 323#0000000000001FC5
(1791117086.550628) can0 324#3700004144000000
(1791117086.550859) can0 33D#0000A04000280000
(1791117086.551128) can0 3B7#00004000000E4E00
(1791117086.551348) can0 491#0000000000000000
(1791117086.563810) can0 297#0101E040FFFF8323
(1791117086.564022) can0 29B#BB967002FD100000
(1791117086.568438) can0 29C#2800000000000000
(1791117086.568679) can0 33F#0000000028000040
(1791117086.568950) can0 394#0036000010370A1B
(1791117086.569227) can0 396#3B6D4E2800454545
(1791117086.569516) can0 39A#0036020085400000
(1791117086.569795) can0 39B#3C3A8200000028AC
(1791117086.613911) can0 297#0101E040FFFF8424
(1791117086.614051) can0 29B#BB967002FD100000
(1791117086.650186) can0 33B#0500003F00008000
(1791117086.650342) can0 323#0000000000001FC5
(1791117086.650581) can0 324#3700004144000000
(1791117086.650826) can0 33D#0000A04000280000
(1791117086.651145) can0 3B7#00004000000F4F00
(1791117086.651316) can0 491#0000000000000000
(1791117086.663756) can0 297#0101E040FFFF8525
(1791117086.664002) can0 29B#BB967002FD100000
(1791117086.668407) can0 29C#2800000000000000
(1791117086.668678) can0 33F#0000000028000040
(1791117086.668957) can0 394#0036000010370B1A
(1791117086.669213) can0 396#3B6D4E2800454545
(1791117086.669524) can0 39A#0036020095000000
(1791117086.669793) can0 39B#3C3A820000002CA8
(1791117086.713760) can0 297#0101E040FFFF8626
(1791117086.714008) can0 29B#BB967002FD100000
(1791117086.750412) can0 33B#0500003F00008000
(1791117086.750616) can0 323#0000000000001FC5
(1791117086.750858) can0 324#3700004144000000
(1791117086.751162) can0 33D#0000A04000280000
(1791117086.751346) can0 3B7#0000400000004000
(1791117086.751606) can0 491#0000000000000000
(1791117086.763749) can0 297#0101E040FFFF8727
(1791117086.763992) can0 29B#BB967002FD100000
(1791117086.768425) can0 29C#2800000000000000
(1791117086.768667) can0 33F#0000000028000040
(1791117086.768945) can0 394#0036000010370C1D
(1791117086.769201) can0 396#3B6D4E2800454545
(1791117086.769522) can0 39A#00360200A4C00000
(1791117086.769805) can0 39B#3C3A8200000030B4
(1791117086.813763) can0 297#0101E040FFFF8828
(1791117086.814011) can0 29B#BB967002FD100000
(1791117086.850258) can0 33B#0500003F00008000
(1791117086.850473) can0 323#0000000000000000
(1791117086.850714) can0 324#3300004144000000
(1791117086.850975) can0 33D#0000A04000280000
(1791117086.851220) can0 3B7#0000400000014100
(1791117086.851457) can0 491#0000000000000000
(1791117086.863752) can0 297#0101E040FFFF8929
(1791117086.863990) can0 29B#BB967002FD100000
(1791117086.868454) can0 29C#2800000000000000
(1791117086.868686) can0 33F#0000000028000040
(1791117086.868965) can0 394#0036000010370D1C
(1791117086.869227) can0 396#3B6D4E2800454545
(1791117086.869540) can0 39A#00360200B4800000
(1791117086.869809) can0 39B#3C3A8200000034B0
(1791117086.913750) can0 297#0101E040FFFF8A2A
(1791117086.913989) can0 29B#BB967002FD100000
(1791117086.950269) can0 33B#0500003F00008000
(1791117086.950384) can0 323#0000000000000000
(1791117086.950634) can0 324#3300004144000000
(1791117086.950868) can0 33D#0000A04000280000
(1791117086.951112) can0 3B7#0000400000024200
(1791117086.951376) can0 491#0000000000000000
(1791117086.963792) can0 297#0101E040FFFF8B2B
(1791117086.964010) can0 29B#BB967002FD100000
(1791117086.968444) can0 29C#2800000000000000
(1791117086.968691) can0 33F#0000000028000040
(1791117086.968957) can0 394#0036000010370E1F
(1791117086.969224) can0 396#3B6D4E2800454545
(1791117086.969503) can0 39A#00360200C4400000
(1791117086.969781) can0 39B#3C3A8200000038BC
(1791117087.013769) can0 297#0101E040FFFF8C2C
(1791117087.014048) can0 29B#BB967002FD100000
(1791117087.050235) can0 33B#0500003F00008000
(1791117087.050370) can0 323#0000000000000000
(1791117087.050617) can0 324#3300004144000000
(1791117087.050856) can0 33D#0000A04000280000
(1791117087.051099) can0 3B7#0000400000034300
(1791117087.051369) can0 491#0000000000000000
(1791117087.063835) can0 297#0101E040FFFF8D2D
(1791117087.064019) can0 29B#BB967002FD100000
(1791117087.068430) can0 29C#2800000000000000
(1791117087.068670) can0 33F#0000000028000040
(1791117087.068947) can0 394#0036000010370F1E
(1791117087.069213) can0 396#3B6D4E2800454545
(1791117087.069507) can0 39A#00360200D4000000
(1791117087.069792) can0 39B#3C3A820000003CB8
(1791117087.113770) can0 297#0101E040FFFF8E2E
(1791117087.113983) can0 29B#BB967002FD100000
(1791117087.150168) can0 33B#0500003F00008000
(1791117087.150377) can0 323#0000000000000000
(1791117087.150611) can0 324#3300004144000000
(1791117087.150862) can0 33D#0000A04000280000
(1791117087.151102) can0 3B7#0000400000044400
(1791117087.151364) can0 491#0000000000000000
(1791117087.163757) can0 297#0101E040FFFF8F2F
(1791117087.163991) can0 29B#BB967002FD100000
(1791117087.168396) can0 29C#2800000000000000
(1791117087.168681) can0 33F#0000000028000040
(1791117087.168962) can0 394#0036000010370011
(1791117087.169208) can0 396#3B6D4E2800454545
(1791117087.169491) can0 39A#00360200E3C00000
(1791117087.169789) can0 39B#3C3A820000000084
(1791117087.213762) can0 297#0101E040FFFF8020
(1791117087.213982) can0 29B#BB967002FD100000
(1791117087.250307) can0 33B#0500003F00008000
(1791117087.250508) can0 323#0000000000000000
(1791117087.250747) can0 324#3300004144000000
(1791117087.250991) can0 33D#0000A04000280000
(1791117087.251275) can0 3B7#0000400000054500
(1791117087.251486) can0 491#0000000000000000
(1791117087.263769) can0 297#0101E040FFFF8121
(1791117087.263994) can0 29B#BB967002FD100000
(1791117087.268403) can0 29C#2800000000000000
(1791117087.268690) can0 33F#0000000028000040
(1791117087.268963) can0 394#0036000010370110
(1791117087.269238) can0 396#3B6D4E2800454545
(1791117087.269540) can0 39A#00360200F3800000
(1791117087.269859) can0 39B#3C3A820000000480
(1791117087.313765) can0 297#0101E040FFFF8222
(1791117087.314002) can0 29B#BB967002FD100000
(1791117087.350232) can0 33B#0500003F00008000
(1791117087.350416) can0 323#0000000000001D65
(1791117087.350657) can0 324#3300004144000000
(1791117087.350890) can0 33D#0000A04000280000
(1791117087.351129) can0 3B7#0000400000064600
(1791117087.351365) can0 491#0000000000000000
(1791117087.363759) can0 297#0101E040FFFF8323
(1791117087.364006) can0 29B#BB967002FD100000
(1791117087.368487) can0 29C#2800000000000000
(1791117087.368699) can0 33F#0000000028000040
(1791117087.368981) can0 394#0036000010370213
(1791117087.369247) can0 396#3B6D4E2800454545
(1791117087.369523) can0 39A#0036020003400000
(1791117087.369799) can0 39B#3C3A82000000088C
(1791117087.413753) can0 297#0101E040FFFF8424
(1791117087.413998) can0 29B#BB967002FD100000
(1791117087.450246) can0 33B#0500003F00008000
(1791117087.450409) can0 323#0000000000001D65
(1791117087.450641) can0 324#3300004144000000
(1791117087.450879) can0 33D#0000A04000280000
(1791117087.451128) can0 3B7#0000400000074700
(1791117087.451376) can0 491#0000000000000000
(1791117087.463780) can0 297#0101E040FFFF8525
(1791117087.464013) can0 29B#BB967002FD100000
(1791117087.468422) can0 29C#2800000000000000
(1791117087.468671) can0 33F#0000000028000040
(1791117087.468953) can0 394#0036000010370312
(1791117087.469249) can0 396#3B6D4E2800454545
(1791117087.469513) can0 39A#0036020013000000
(1791117087.469791) can0 39B#3C3A820000000C88
(1791117087.513865) can0 297#0101E040FFFF8626
(1791117087.514008) can0 29B#BB967002FD100000
(1791117087.550230) can0 33B#0500003F00008000
(1791117087.550435) can0 323#0000000000001D65
(1791117087.550676) can0 324#3300004144000000
(1791117087.550917) can0 33D#0000A04000280000
(1791117087.551167) can0 3B7#0000400000084800
(1791117087.551430) can0 491#0000000000000000
(1791117087.563803) can0 297#0101E040FFFF8727
(1791117087.563998) can0 29B#BB967002FD100000
(1791117087.568391) can0 29C#2800000000000000
(1791117087.568669) can0 33F#0000000028000040
(1791117087.568947) can0 394#0036000010370415
(1791117087.569263) can0 396#3B6D4E2800454545
(1791117087.569513) can0 39A#0036020022C00000
(1791117087.569784) can0 39B#3C3A820000001094
(1791117087.613763) can0 297#0101E040FFFF8828
(1791117087.614005) can0 29B#BB967002FD100000
(1791117087.650169) can0 33B#0500003F00008000
(1791117087.650372) can0 323#0000000000001D65
(1791117087.650620) can0 324#3300004144000000
(1791117087.650853) can0 33D#0000A04000280000
(1791117087.651100) can0 3B7#0000400000094900
(1791117087.651341) can0 491#0000000000000000
(1791117087.663759) can0 297#0101E040FFFF8929
(1791117087.663999) can0 29B#BB967002FD100000
(1791117087.668419) can0 29C#2800000000000000
(1791117087.668676) can0 33F#0000000028000040
(1791117087.668942) can0 394#0036000010370514
(1791117087.669278) can0 396#3B6D4E2800454545
(1791117087.669517) can0 39A#0036020032800000
(1791117087.669790) can0 39B#3C3A820000001490
(1791117087.713763) can0 297#0101E040FFFF8A2A
(1791117087.714012) can0 29B#BB967002FD100000
(1791117087.750328) can0 33B#0500003F00008000
(1791117087.750470) can0 323#0000000000001D65
(1791117087.750702) can0 324#3300004144000000
(1791117087.750951) can0 33D#0000A04000280000
(1791117087.751193) can0 3B7#00004000000A4A00
(1791117087.751467) can0 491#0000000000000000
(1791117087.763747) can0 297#0101E040FFFF8B2B
(1791117087.763988) can0 29B#BB967002FD100000
(1791117087.768450) can0 29C#2800000000000000
(1791117087.768695) can0 33F#0000000028000040
(1791117087.768985) can0 394#0036000010370617
(1791117087.769227) can0 396#3B6D4E2800454545
(1791117087.769520) can0 39A#0036020042400000
(1791117087.769796) can0 39B#3C3A82000000189C
(1791117087.813755) can0 297#0101E040FFFF8C2C
(1791117087.813989) can0 29B#BB967002FD100000
(1791117087.850181) can0 33B#0500003F00008000
(1791117087.850397) can0 323#0000000000001FAD
(1791117087.850628) can0 324#3300004144000000
(1791117087.850881) can0 33D#0000A04000280000
(1791117087.851125) can0 3B7#00004000000B4B00
(1791117087.851378) can0 491#0000000000000000
(1791117087.863750) can0 297#0101E040FFFF8D2D
(1791117087.863989) can0 29B#BB967002FD100000
(1791117087.868490) can0 29C#2800000000000000
(1791117087.868690) can0 33F#0000000028000040
(1791117087.868955) can0 394#0036000010370716
(1791117087.869218) can0 396#3B6D4E2800454545
(1791117087.869508) can0 39A#0036020052000000
(1791117087.869786) can0 39B#3C3A820000001C98
(1791117087.913773) can0 297#0101E040FFFF8E2E
(1791117087.914012) can0 29B#BB967002FD100000
(1791117087.950188) can0 33B#0500003F00008000
(1791117087.950394) can0 323#0000000000001FAD
(1791117087.950643) can0 324#3300004144000000
(1791117087.950879) can0 33D#0000A04000280000
(1791117087.951123) can0 3B7#00004000000C4C00
(1791117087.951372) can0 491#0000000000000000
(1791117087.963796) can0 297#0101E040FFFF8F2F
(1791117087.964023) can0 29B#BB967002FD100000
(1791117087.968424) can0 29C#2800000000000000
(1791117087.968665) can0 33F#0000000028000040
(1791117087.968942) can0 394#0036000010370819
(1791117087.969201) can0 396#3B6D4E2800454545
(1791117087.969500) can0 39A#0036020061C00000
(1791117087.969787) can0 39B#3C3A8200000020A4
(1791117088.013815) can0 297#0101E040FFFF8020
(1791117088.014036) can0 29B#BB967002FD100000
(1791117088.050253) can0 33B#0500003F00008000
(1791117088.050472) can0 323#0000000000001FAD
(1791117088.050707) can0 324#3300004144000000
(1791117088.050956) can0 33D#0000A04000280000
(1791117088.051229) can0 3B7#00004000000D4D00
(1791117088.051435) can0 491#0000000000000000
(1791117088.063785) can0 297#0101E040FFFF8121
(1791117088.063988) can0 29B#BB967002FD100000
(1791117088.068448) can0 29C#2800000000000000
(1791117088.068656) can0 33F#0000000028000040
(1791117088.068935) can0 394#0036000010370918
(1791117088.069205) can0 396#3B6D4E2800454545
(1791117088.069502) can0 39A#0036020071800000
(1791117088.069774) can0 39B#3C3A8200000024A0
(1791117088.113757) can0 297#0101E040FFFF8222
(1791117088.113993) can0 29B#BB967002FD100000
(1791117088.150257) can0 33B#0500003F00008000
(1791117088.150454) can0 323#0000000000001FAD
(1791117088.150698) can0 324#3300004144000000
(1791117088.150938) can0 33D#0000A04000280000
(1791117088.151188) can0 3B7#00004000000E4E00
(1791117088.151445) can0 491#0000000000000000
(1791117088.163744) can0 297#0101E040FFFF8323
(1791117088.163979) can0 29B#BB967002FD100000
(1791117088.168414) can0 29C#2800000000000000
(1791117088.168672) can0 33F#0000000028000040
(1791117088.168947) can0 394#0036000010370A1B
(1791117088.169198) can0 396#3B6D4E2800454545
(1791117088.169514) can0 39A#0036020081400000
(1791117088.169792) can0 39B#3C3A8200000028AC
(1791117088.213746) can0 297#0101E040FFFF8424
(1791117088.213978) can0 29B#BB967002FD100000
(1791117088.250241) can0 33B#0500003F00008000
(1791117088.250450) can0 323#0000000000001FAD
(1791117088.250697) can0 324#3300004144000000
(1791117088.250943) can0 33D#0000A04000280000
(1791117088.251190) can0 3B7#00004000000F4F00
(1791117088.251440) can0 491#0000000000000000
(1791117088.263747) can0 297#0101E040FFFF8525
(1791117088.263983) can0 29B#BB967002FD100000
(1791117088.268459) can0 29C#2800000000000000
(1791117088.268670) can0 33F#0000000028000040
(1791117088.268945) can0 394#0036000010370B1A
(1791117088.269240) can0 396#3B6D4E2800454545
(1791117088.269507) can0 39A#0036020091000000
(1791117088.269786) can0 39B#3C3A820000002CA8
(1791117088.313758) can0 297#0101E040FFFF8626
(1791117088.313991) can0 29B#BB967002FD100000
(1791117088.350263) can0 33B#0500003F00008000
(1791117088.350434) can0 323#0000000000001FC1
(1791117088.350679) can0 324#3300004144000000
(1791117088.350909) can0 33D#0000A04000280000
(1791117088.351173) can0 3B7#0000400000004000
(1791117088.351419) can0 491#0000000000000000
(1791117088.363783) can0 297#0101E040FFFF8727
(1791117088.364027) can0 29B#BB967002FD100000
(1791117088.368470) can0 29C#2800000000000000
(1791117088.368663) can0 33F#0000000028000040
(1791117088.368955) can0 394#0036000010370C1D
(1791117088.369217) can0 396#3B6D4E2800454545
(1791117088.369496) can0 39A#00360200A0C00000
(1791117088.369784) can0 39B#3C3A8200000030B4
(1791117088.413819) can0 297#0101E040FFFF8828
(1791117088.413997) can0 29B#BB967002FD100000
(1791117088.450252) can0 33B#0500003F00008000
(1791117088.450474) can0 323#0000000000001FC1
(1791117088.450699) can0 324#3300004144000000
(1791117088.450942) can0 33D#0000A04000280000
(1791117088.451183) can0 3B7#0000400000014100
(1791117088.451436) can0 491#0000000000000000
(1791117088.463854) can0 297#0101E040FFFF8929
(1791117088.464004) can0 29B#BB967002FD100000
(1791117088.468418) can0 29C#2800000000000000
(1791117088.468654) can0 33F#0000000028000040
(1791117088.468941) can0 394#0036000010370D1C
(1791117088.469200) can0 396#3B6D4E2800454545
(1791117088.469489) can0 39A#00360200B0800000
(1791117088.469769) can0 39B#3C3A8200000034B0
(1791117088.513745) can0 297#0101E040FFFF8A2A
(1791117088.513991) can0 29B#BB967002FD100000
(1791117088.550212) can0 33B#0500003F00008000
(1791117088.550434) can0 323#0000000000001FC1
(1791117088.550654) can0 324#3300004144000000
(1791117088.550909) can0 33D#0000A04000280000
(1791117088.551166) can0 3B7#0000400000024200
(1791117088.551412) can0 491#0000000000000000
(1791117088.563750) can0 297#0101E040FFFF8B2B
(1791117088.563993) can0 29B#BB967002FD100000
(1791117088.568395) can0 29C#2800000000000000
(1791117088.568666) can0 33F#0000000028000040
(1791117088.568923) can0 394#0036000010370E1F
(1791117088.569211) can0 396#3B6D4E2800454545
(1791117088.569492) can0 39A#00360200C0400000
(1791117088.569772) can0 39B#3C3A8200000038BC
(1791117088.613759) can0 297#0101E040FFFF8C2C
(1791117088.614008) can0 29B#BB967002FD100000
(1791117088.650251) can0 33B#0500003F00008000
(1791117088.650465) can0 323#0000000000001FC1
(1791117088.650711) can0 324#3300004144000000
(1791117088.650969) can0 33D#0000A04000280000
(1791117088.651207) can0 3B7#0000400000034300
(1791117088.651435) can0 491#0000000000000000
(1791117088.663755) can0 297#0101E040FFFF8D2D
(1791117088.663985) can0 29B#BB967002FD100000
(1791117088.668445) can0 29C#2800000000000000
(1791117088.668676) can0 33F#0000000028000040
(1791117088.668937) can0 394#0036000010370F1E
(1791117088.669218) can0 396#3B6D4E2800454545
(1791117088.669529) can0 39A#00360200D0000000
(1791117088.669785) can0 39B#3C3A820000003CB8
(1791117088.713765) can0 297#0101E040FFFF8E2E
(1791117088.713990) can0 29B#BB967002FD100000
(1791117088.750404) can0 33B#0500003F00008000
(1791117088.750597) can0 323#0000000000001FC1
(1791117088.750852) can0 324#3300004144000000
(1791117088.751085) can0 33D#0000A04000280000
(1791117088.751347) can0 3B7#0000400000044400
(1791117088.751570) can0 491#0000000000000000
(1791117088.763744) can0 297#0101E040FFFF8F2F
(1791117088.763984) can0 29B#BB967002FD100000
(1791117088.768519) can0 29C#2800000000000000
(1791117088.768681) can0 33F#0000000028000040
(1791117088.768960) can0 394#0036000010370011
(1791117088.769209) can0 396#3B6D4E2800454545
(1791117088.769512) can0 39A#00360200DFC00000
(1791117088.769786) can0 39B#3C3A820000000084
(1791117088.813758) can0 297#0101E040FFFF8020
(1791117088.814009) can0 29B#BB967002FD100000
(1791117088.850255) can0 33B#0500003F00008000
(1791117088.850460) can0 323#0000000000001FC5
(1791117088.850678) can0 324#3300004144000000
(1791117088.850921) can0 33D#0000A04000280000
(1791117088.851185) can0 3B7#0000400000054500
(1791117088.851447) can0 491#0000000000000000
(1791117088.863752) can0 297#0101E040FFFF8121
(1791117088.863996) can0 29B#BB967002FD100000
(1791117088.868474) can0 29C#2800000000000000
(1791117088.868657) can0 33F#0000000028000040
(1791117088.868935) can0 394#0036000010370110
(1791117088.869194) can0 396#3B6D4E2800454545
(1791117088.869499) can0 39A#00360200EF800000
(1791117088.869782) can0 39B#3C3A820000000480
(1791117088.913863) can0 297#0101E040FFFF8222
(1791117088.914001) can0 29B#BB967002FD100000
(1791117088.950221) can0 33B#0500003F00008000
(1791117088.950444) can0 323#0000000000001FC5
(1791117088.950669) can0 324#3300004144000000
(1791117088.950915) can0 33D#0000A04000280000
(1791117088.951166) can0 3B7#0000400000064600
(1791117088.951444) can0 491#0000000000000000
(1791117088.963775) can0 297#0101E040FFFF8323
(1791117088.964053) can0 29B#BB967002FD100000
(1791117088.968453) can0 29C#2800000000000000
(1791117088.968668) can0 33F#0000000028000040
(1791117088.968931) can0 394#0036000010370213
(1791117088.969198) can0 396#3B6D4E2800454545
(1791117088.969484) can0 39A#00360200FF400000
(1791117088.969785) can0 39B#3C3A82000000088C
(1791117089.013747) can0 297#0101E040FFFF8424
(1791117089.013989) can0 29B#BB967002FD100000
(1791117089.050224) can0 33B#0500003F00008000
(1791117089.050458) can0 323#0000000000001FC5
(1791117089.050680) can0 324#3300004144000000
(1791117089.050929) can0 33D#0000A04000280000
(1791117089.051158) can0 3B7#0000400000074700
(1791117089.051458) can0 491#0000000000000000
(1791117089.063755) can0 297#0101E040FFFF8525
(1791117089.063982) can0 29B#BB967002FD100000
(1791117089.068376) can0 29C#2800000000000000
(1791117089.068664) can0 33F#0000000028000040
(1791117089.068941) can0 394#0036000010370312
(1791117089.069208) can0 396#3B6D4E2800454545
(1791117089.069498) can0 39A#003602000F000000
(1791117089.069762) can0 39B#3C3A820000000C88
(1791117089.113748) can0 297#0101E040FFFF8626
(1791117089.113981) can0 29B#BB967002FD100000
(1791117089.150330) can0 33B#0500003F00008000
(1791117089.150532) can0 323#0000000000001FC5
(1791117089.150770) can0 324#3300004144000000
(1791117089.151013) can0 33D#0000A04000280000
(1791117089.151260) can0 3B7#0000400000084800
(1791117089.151515) can0 491#0000000000000000
(1791117089.163743) can0 297#0101E040FFFF8727
(1791117089.163980) can0 29B#BB967002FD100000
(1791117089.168430) can0 29C#2800000000000000
(1791117089.168706) can0 33F#0000000028000040
(1791117089.168984) can0 394#0036000010370415
(1791117089.169223) can0 396#3B6D4E2800454545
(1791117089.169506) can0 39A#003602001EC00000
(1791117089.169774) can0 39B#3C3A820000001094
(1791117089.213748) can0 297#0101E040FFFF8828
(1791117089.213985) can0 29B#BB967002FD100000
(1791117089.250294) can0 33B#0500003F00008000
(1791117089.250495) can0 323#0000000000001FC5
(1791117089.250740) can0 324#3300004144000000
(1791117089.250995) can0 33D#0000A04000280000
(1791117089.251222) can0 3B7#0000400000094900
(1791117089.251503) can0 491#0000000000000000
(1791117089.263734) can0 297#0101E040FFFF8929
(1791117089.263976) can0 29B#BB967002FD100000
(1791117089.268468) can0 29C#2800000000000000
(1791117089.268673) can0 33F#0000000028000040
(1791117089.268958) can0 394#0036000010370514
(1791117089.269233) can0 396#3B6D4E2800454545
(1791117089.269502) can0 39A#003602002E800000
(1791117089.269789) can0 39B#3C3A820000001490
(1791117089.313755) can0 297#0101E040FFFF8A2A
(1791117089.314007) can0 29B#BB967002FD100000
(1791117089.350307) can0 33B#0500003F00008000
(1791117089.350500) can0 323#0000000000000000
(1791117089.350683) can0 324#3300004144000000
(1791117089.350929) can0 33D#0000A04000280000
(1791117089.351169) can0 3B7#00004000000A4A00
(1791117089.351495) can0 491#0000000000000000
(1791117089.363796) can0 297#0101E040FFFF8B2B
(1791117089.363999) can0 29B#BB967002FD100000
(1791117089.368411) can0 29C#2800000000000000
(1791117089.368652) can0 33F#0000000028000040
(1791117089.368934) can0 394#0036000010370617
(1791117089.369191) can0 396#3B6D4E2800454545
(1791117089.369497) can0 39A#003602003E400000
(1791117089.369770) can0 39B#3C3A82000000189C
(1791117089.413772) can0 297#0101E040FFFF8C2C
(1791117089.414001) can0 29B#BB967002FD100000
(1791117089.450346) can0 33B#0500003F00008000
(1791117089.450543) can0 323#0000000000000000
(1791117089.450781) can0 324#3300004144000000
(1791117089.451022) can0 33D#0000A04000280000
(1791117089.451274) can0 3B7#00004000000B4B00
(1791117089.451532) can0 491#0000000000000000
(1791117089.463730) can0 297#0101E040FFFF8D2D
(1791117089.463968) can0 29B#BB967002FD100000
(1791117089.468375) can0 29C#2800000000000000
(1791117089.468655) can0 33F#0000000028000040
(1791117089.468928) can0 394#0036000010370716
(1791117089.469194) can0 396#3B6D4E2800454545
(1791117089.469510) can0 39A#003602004E000000
(1791117089.469764) can0 39B#3C3A820000001C98
(1791117089.513742) can0 297#0101E040FFFF8E2E
(1791117089.513978) can0 29B#BB967002FD100000
(1791117089.550248) can0 33B#0500003F00008000
(1791117089.550455) can0 323#0000000000000000
(1791117089.550694) can0 324#3300004144000000
(1791117089.550939) can0 33D#0000A04000280000
(1791117089.551191) can0 3B7#00004000000C4C00
(1791117089.551459) can0 491#0000000000000000
(1791117089.563738) can0 297#0101E040FFFF8F2F
(1791117089.563972) can0 29B#BB967002FD100000
(1791117089.568377) can0 29C#2800000000000000
(1791117089.568670) can0 33F#0000000028000040
(1791117089.568933) can0 394#0036000010370819
(1791117089.569193) can0 396#3B6D4E2800454545
(1791117089.569526) can0 39A#003602005DC00000
(1791117089.569781) can0 39B#3C3A8200000020A4
(1791117089.613730) can0 297#0101E040FFFF8020
(1791117089.613974) can0 29B#BB967002FD100000
(1791117089.650319) can0 33B#0500003F00008000
(1791117089.650673) can0 323#0000000000000000
(1791117089.650777) can0 324#3300004144000000
(1791117089.651017) can0 33D#0000A04000280000
(1791117089.651295) can0 3B7#00004000000D4D00
(1791117089.651577) can0 491#0000000000000000
(1791117089.663743) can0 297#0101E040FFFF8121
(1791117089.663974) can0 29B#BB967002FD100000
(1791117089.668426) can0 29C#2800000000000000
(1791117089.668679) can0 33F#0000000028000040
(1791117089.668927) can0 394#0036000010370918
(1791117089.669223) can0 396#3B6D4E2800454545
(1791117089.669553) can0 39A#003602006D800000
(1791117089.669786) can0 39B#3C3A8200000024A0
(1791117089.713741) can0 297#0101E040FFFF8222
(1791117089.713973) can0 29B#BB967002FD100000
(1791117089.750401) can0 33B#0500003F00008000
(1791117089.750572) can0 323#0000000000000000
(1791117089.750823) can0 324#3300004144000000
(1791117089.751064) can0 33D#0000A04000280000
(1791117089.751293) can0 3B7#00004000000E4E00
(1791117089.751573) can0 491#0000000000000000
(1791117089.763779) can0 297#0101E040FFFF8323
(1791117089.764006) can0 29B#BB967002FD100000
(1791117089.768455) can0 29C#2800000000000000
(1791117089.768654) can0 33F#0000000028000040
(1791117089.768926) can0 394#0036000010370A1B
(1791117089.769188) can0 396#3B6D4E2800454545
(1791117089.769550) can0 39A#003602007D400000
(1791117089.769777) can0 39B#3C3A8200000028AC
(1791117089.813757) can0 297#0101E040FFFF8424
(1791117089.814005) can0 29B#BB967002FD100000
(1791117089.850242) can0 33B#0500003F00008000
(1791117089.850451) can0 323#0000000000001D65
(1791117089.850691) can0 324#3300004144000000
(1791117089.850940) can0 33D#0000A04000280000
(1791117089.851189) can0 3B7#00004000000F4F00
(1791117089.851436) can0 491#0000000000000000
(1791117089.863797) can0 297#0101E040FFFF8525
(1791117089.864002) can0 29B#BB967002FD100000
(1791117089.868401) can0 29C#2800000000000000
(1791117089.868663) can0 33F#0000000028000040
(1791117089.868942) can0 394#0036000010370B1A
(1791117089.869192) can0 396#3B6D4E2800454545
(1791117089.869482) can0 39A#003602008D000000
(1791117089.869761) can0 39B#3C3A820000002CA8
(1791117089.913739) can0 297#0101E040FFFF8626
(1791117089.913971) can0 29B#BB967002FD100000
(1791117089.950264) can0 33B#0500003F00008000
(1791117089.950470) can0 323#0000000000001D65
(1791117089.950712) can0 324#3300004144000000
(1791117089.950963) can0 33D#0000A04000280000
(1791117089.951204) can0 3B7#0000400000004000
(1791117089.951463) can0 491#0000000000000000
(1791117089.963727) can0 297#0101E040FFFF8727
(1791117089.963963) can0 29B#BB967002FD100000
(1791117089.968387) can0 29C#2800000000000000
(1791117089.968658) can0 33F#0000000028000040
(1791117089.968925) can0 394#0036000010370C1D
(1791117089.969185) can0 396#3B6D4E2800454545
(1791117089.969475) can0 39A#003602009CC00000
(1791117089.969755) can0 39B#3C3A8200000030B4
(1791117090.013739) can0 297#0101E040FFFF8828
(1791117090.013977) can0 29B#BB967002FD100000
(1791117090.050332) can0 33B#0500003F00008000
(1791117090.050593) can0 323#0000000000001D65
(1791117090.050778) can0 324#3300004144000000
(1791117090.051027) can0 33D#0000A04000280000
(1791117090.051289) can0 3B7#0000400000014100
(1791117090.051529) can0 491#0000000000000000
(1791117090.063741) can0 297#0101E040FFFF8929
(1791117090.063972) can0 29B#BB967002FD100000
(1791117090.068393) can0 29C#2800000000000000
(1791117090.068653) can0 33F#0000000028000040
(1791117090.068934) can0 394#0036000010370D1C
(1791117090.069207) can0 396#3B6D4E2800454545
(1791117090.069492) can0 39A#00360200AC800000
(1791117090.069785) can0 39B#3C3A8200000034B0
(1791117090.113721) can0 297#0101E040FFFF8A2A
(1791117090.113962) can0 29B#BB967002FD100000
(1791117090.150347) can0 33B#0500003F00008000
(1791117090.150543) can0 323#0000000000001D65
(1791117090.150803) can0 324#3300004144000000
(1791117090.151045) can0 33D#0000A04000280000
(1791117090.151276) can0 3B7#0000400000024200
(1791117090.151503) can0 491#0000000000000000
(1791117090.163726) can0 297#0101E040FFFF8B2B
(1791117090.163976) can0 29B#BB967002FD100000
(1791117090.168466) can0 29C#2800000000000000
(1791117090.168670) can0 33F#0000000028000040
(1791117090.168947) can0 394#0036000010370E1F
(1791117090.169202) can0 396#3B6D4E2800454545
(1791117090.169491) can0 39A#00360200BC400000
(1791117090.169793) can0 39B#3C3A8200000038BC
(1791117090.213742) can0 297#0101E040FFFF8C2C
(1791117090.213987) can0 29B#BB967002FD100000
(1791117090.250353) can0 33B#0500003F00008000
(1791117090.250533) can0 323#0000000000001D65
(1791117090.250779) can0 324#3300004144000000
(1791117090.251011) can0 33D#0000A04000280000
(1791117090.251250) can0 3B7#0000400000034300
(1791117090.251492) can0 491#0000000000000000
(1791117090.263734) can0 297#0101E040FFFF8D2D
(1791117090.263984) can0 29B#BB967002FD100000
(1791117090.268409) can0 29C#2800000000000000
(1791117090.268650) can0 33F#0000000028000040
(1791117090.268918) can0 394#0036000010370F1E
(1791117090.269194) can0 396#3B6D4E2800454545
(1791117090.269468) can0 39A#00360200CC000000
(1791117090.269754) can0 39B#3C3A820000003CB8
(1791117090.313992) can0 297#0101E040FFFF8E2E
(1791117090.314076) can0 29B#BB967002FD100000
(1791117090.350278) can0 33B#0500003F00008000
(1791117090.350480) can0 323#0000000000001FAD
(1791117090.350729) can0 324#3300004144000000
(1791117090.350977) can0 33D#0000A04000280000
(1791117090.351211) can0 3B7#0000400000044400
(1791117090.351457) can0 491#0000000000000000
(1791117090.363777) can0 297#0101E040FFFF8F2F
(1791117090.364000) can0 29B#BB967002FD100000
(1791117090.368386) can0 29C#2800000000000000
(1791117090.368653) can0 33F#0000000028000040
(1791117090.368923) can0 394#0036000010370011
(1791117090.369192) can0 396#3B6D4E2800454545
(1791117090.369481) can0 39A#00360200DBC00000
(1791117090.369760) can0 39B#3C3A820000000084
(1791117090.413743) can0 297#0101E040FFFF8020
(1791117090.413960) can0 29B#BB967002FD100000
(1791117090.450270) can0 33B#0500003F00008000
(1791117090.450481) can0 323#0000000000001FAD
(1791117090.450722) can0 324#3300004144000000
(1791117090.450961) can0 33D#0000A04000280000
(1791117090.451204) can0 3B7#0000400000054500
(1791117090.451451) can0 491#0000000000000000
(1791117090.463730) can0 297#0101E040FFFF8121
(1791117090.463964) can0 29B#BB967002FD100000
(1791117090.468370) can0 29C#2800000000000000
(1791117090.468648) can0 33F#0000000028000040
(1791117090.468927) can0 394#0036000010370110
(1791117090.469187) can0 396#3B6D4E2800454545
(1791117090.469467) can0 39A#00360200EB800000
(1791117090.469781) can0 39B#3C3A820000000480
(1791117090.513721) can0 297#0101E040FFFF8222
(1791117090.513965) can0 29B#BB967002FD100000
(1791117090.550277) can0 33B#0500003F00008000
(1791117090.550476) can0 323#0000000000001FAD
(1791117090.550724) can0 324#3300004144000000
(1791117090.550966) can0 33D#0000A04000280000
(1791117090.551212) can0 3B7#0000400000064600
(1791117090.551454) can0 491#0000000000000000
(1791117090.563718) can0 297#0101E040FFFF8323
(1791117090.563957) can0 29B#BB967002FD100000
(1791117090.568419) can0 29C#2800000000000000
(1791117090.568690) can0 33F#0000000028000040
(1791117090.568955) can0 394#0036000010370213
(1791117090.569210) can0 396#3B6D4E2800454545
(1791117090.569510) can0 39A#00360200FB400000
(1791117090.569764) can0 39B#3C3A82000000088C
(1791117090.613718) can0 297#0101E040FFFF8424
(1791117090.613959) can0 29B#BB967002FD100000
(1791117090.650326) can0 33B#0500003F00008000
(1791117090.650536) can0 323#0000000000001FAD
(1791117090.650764) can0 324#3300004144000000
(1791117090.651009) can0 33D#0000A04000280000
(1791117090.651286) can0 3B7#0000400000074700
(1791117090.651518) can0 491#0000000000000000
(1791117090.663718) can0 297#0101E040FFFF8525
(1791117090.663956) can0 29B#BB967002FD100000
(1791117090.668468) can0 29C#2800000000000000
(1791117090.668688) can0 33F#0000000028000040
(1791117090.668945) can0 394#0036000010370312
(1791117090.669189) can0 396#3B6D4E2800454545
(1791117090.669484) can0 39A#003602000B000000
(1791117090.669749) can0 39B#3C3A820000000C88
(1791117090.713754) can0 297#0101E040FFFF8626
(1791117090.713981) can0 29B#BB967002FD100000
(1791117090.750503) can0 33B#0500003F00008000
(1791117090.750703) can0 323#0000000000001FAD
(1791117090.750903) can0 324#3300004144000000
(1791117090.751131) can0 33D#0000A04000280000
(1791117090.751395) can0 3B7#0000400000084800
(1791117090.751700) can0 491#0000000000000000
(1791117090.763787) can0 297#0101E040FFFF8727
(1791117090.763986) can0 29B#BB967002FD100000
(1791117090.768405) can0 29C#2800000000000000
(1791117090.768694) can0 33F#0000000028000040
(1791117090.768940) can0 394#0036000010370415
(1791117090.769187) can0 396#3B6D4E2800454545
(1791117090.769489) can0 39A#003602001AC00000
(1791117090.769748) can0 39B#3C3A820000001094
(1791117090.813803) can0 297#0101E040FFFF8828
(1791117090.813987) can0 29B#BB967002FD100000
(1791117090.850368) can0 33B#0500003F00008000
(1791117090.850575) can0 323#0000000000001FC1
(1791117090.850821) can0 324#3300004144000000
(1791117090.851073) can0 33D#0000A04000280000
(1791117090.851307) can0 3B7#0000400000094900
(1791117090.851573) can0 491#0000000000000000
(1791117090.863741) can0 297#0101E040FFFF8929
(1791117090.863950) can0 29B#BB967002FD100000
(1791117090.868366) can0 29C#2800000000000000
(1791117090.868699) can0 33F#0000000028000040
(1791117090.868920) can0 394#0036000010370514
(1791117090.869199) can0 396#3B6D4E2800454545
(1791117090.869459) can0 39A#003602002A800000
(1791117090.869746) can0 39B#3C3A820000001490
(1791117090.913769) can0 297#0101E040FFFF8A2A
(1791117090.913972) can0 29B#BB967002FD100000
(1791117090.950292) can0 33B#0500003F00008000
(1791117090.950491) can0 323#0000000000001FC1
(1791117090.950740) can0 324#3300004144000000
(1791117090.950979) can0 33D#0000A04000280000
(1791117090.951229) can0 3B7#00004000000A4A00
(1791117090.951490) can0 491#0000000000000000
(1791117090.963767) can0 297#0101E040FFFF8B2B
(1791117090.963980) can0 29B#BB967002FD100000
(1791117090.968421) can0 29C#2800000000000000
(1791117090.968725) can0 33F#0000000028000040
(1791117090.968914) can0 394#0036000010370617
(1791117090.969187) can0 396#3B6D4E2800454545
(1791117090.969464) can0 39A#003602003A400000
(1791117090.969750) can0 39B#3C3A82000000189C
(1791117091.013771) can0 297#0101E040FFFF8C2C
(1791117091.013972) can0 29B#BB967002FD100000
(1791117091.050307) can0 33B#0500003F00008000
(1791117091.050524) can0 323#0000000000001FC1
(1791117091.050782) can0 324#3300004144000000
(1791117091.051008) can0 33D#0000A04000280000
(1791117091.051260) can0 3B7#00004000000B4B00
(1791117091.051503) can0 491#0000000000000000
(1791117091.063772) can0 297#0101E040FFFF8D2D
(1791117091.063949) can0 29B#BB967002FD100000
(1791117091.068429) can0 29C#2800000000000000
(1791117091.068675) can0 33F#0000000028000040
(1791117091.068928) can0 394#0036000010370716
(1791117091.069224) can0 396#3B6D4E2800454545
(1791117091.069493) can0 39A#003602004A000000
(1791117091.069779) can0 39B#3C3A820000001C98
(1791117091.113777) can0 297#0101E040FFFF8E2E
(1791117091.113958) can0 29B#BB967002FD100000
(1791117091.150405) can0 33B#0500003F00008000
(1791117091.150614) can0 323#0000000000001FC1
(1791117091.150875) can0 324#3300004144000000
(1791117091.151111) can0 33D#0000A04000280000
(1791117091.151343) can0 3B7#00004000000C4C00
(1791117091.151578) can0 491#0000000000000000
(1791117091.163792) can0 297#0101E040FFFF8F2F
(1791117091.163984) can0 29B#BB967002FD100000
(1791117091.168457) can0 29C#2800000000000000
(1791117091.168659) can0 33F#0000000028000040
(1791117091.168931) can0 394#0036000010370819
(1791117091.169191) can0 396#3B6D4E2800454545
(1791117091.169479) can0 39A#0036020059C00000
(1791117091.169769) can0 39B#3C3A8200000020A4
(1791117091.213829) can0 297#0101E040FFFF8020
(1791117091.214003) can0 29B#BB967002FD100000
(1791117091.250427) can0 33B#0500003F00008000
(1791117091.250635) can0 323#0000000000001FC1
(1791117091.250882) can0 324#3300004144000000
(1791117091.251140) can0 33D#0000A04000280000
(1791117091.251367) can0 3B7#00004000000D4D00
(1791117091.251619) can0 491#0000000000000000
(1791117091.263791) can0 297#0101E040FFFF8121
(1791117091.263981) can0 29B#BB967002FD100000
(1791117091.268409) can0 29C#2800000000000000
(1791117091.268640) can0 33F#0000000028000040
(1791117091.268898) can0 394#0036000010370918
(1791117091.269183) can0 396#3B6D4E2800454545
(1791117091.269472) can0 39A#0036020069800000
(1791117091.269757) can0 39B#3C3A8200000024A0
(1791117091.313728) can0 297#0101E040FFFF8222
(1791117091.313966) can0 29B#BB967002FD100000
(1791117091.350318) can0 33B#0500003F00008000
(1791117091.350516) can0 323#0000000000001FC5
(1791117091.350764) can0 324#3300004144000000
(1791117091.351014) can0 33D#0000A04000280000
(1791117091.351264) can0 3B7#00004000000E4E00
(1791117091.351494) can0 491#0000000000000000
(1791117091.363714) can0 297#0101E040FFFF8323
(1791117091.363960) can0 29B#BB967002FD100000
(1791117091.368363) can0 29C#2800000000000000
(1791117091.368640) can0 33F#0000000028000040
(1791117091.368918) can0 394#0036000010370A1B
(1791117091.369181) can0 396#3B6D4E2800454545
(1791117091.369486) can0 39A#0036020079400000
(1791117091.369763) can0 39B#3C3A8200000028AC
(1791117091.413723) can0 297#0101E040FFFF8424
(1791117091.413960) can0 29B#BB967002FD100000
(1791117091.450326) can0 33B#0500003F00008000
(1791117091.450529) can0 323#0000000000001FC5
(1791117091.450778) can0 324#3300004144000000
(1791117091.451002) can0 33D#0000A04000280000
(1791117091.451252) can0 3B7#00004000000F4F00
(1791117091.451500) can0 491#0000000000000000
(1791117091.463715) can0 297#0101E040FFFF8525
(1791117091.463957) can0 29B#BB967002FD100000
(1791117091.468366) can0 29C#2800000000000000
(1791117091.468641) can0 33F#0000000028000040
(1791117091.468934) can0 394#0036000010370B1A
(1791117091.469196) can0 396#3B6D4E2800454545
(1791117091.469498) can0 39A#0036020089000000
(1791117091.469797) can0 39B#3C3A820000002CA8
(1791117091.513713) can0 297#0101E040FFFF8626
(1791117091.513963) can0 29B#BB967002FD100000
(1791117091.550384) can0 33B#0500003F00008000
(1791117091.550607) can0 323#0000000000001FC5
(1791117091.550834) can0 324#3300004144000000
(1791117091.551072) can0 33D#0000A04000280000
(1791117091.551331) can0 3B7#0000400000004000
(1791117091.551575) can0 491#0000000000000000
(1791117091.563722) can0 297#0101E040FFFF8727
(1791117091.563954) can0 29B#BB967002FD100000
(1791117091.568454) can0 29C#2800000000000000
(1791117091.568663) can0 33F#0000000028000040
(1791117091.568939) can0 394#0036000010370C1D
(1791117091.569203) can0 396#3B6D4E2800454545
(1791117091.569478) can0 39A#0036020098C00000
(1791117091.569806) can0 39B#3C3A8200000030B4
(1791117091.613724) can0 297#0101E040FFFF8828
(1791117091.613975) can0 29B#BB967002FD100000
(1791117091.650426) can0 33B#0500003F00008000
(1791117091.650549) can0 323#0000000000001FC5
(1791117091.650815) can0 324#3300004144000000
(1791117091.651020) can0 33D#0000A04000280000
(1791117091.651273) can0 3B7#0000400000014100
(1791117091.651511) can0 491#0000000000000000
(1791117091.663765) can0 297#0101E040FFFF8929
(1791117091.663983) can0 29B#BB967002FD100000
(1791117091.668401) can0 29C#2800000000000000
(1791117091.668665) can0 33F#0000000028000040
(1791117091.668908) can0 394#0036000010370D1C
(1791117091.669186) can0 396#3B6D4E2800454545
(1791117091.669466) can0 39A#00360200A8800000
(1791117091.669813) can0 39B#3C3A8200000034B0
(1791117091.713769) can0 297#0101E040FFFF8A2A
(1791117091.713976) can0 29B#BB967002FD100000
(1791117091.750422) can0 33B#0500003F00008000
(1791117091.750625) can0 323#0000000000001FC5
(1791117091.750871) can0 324#3300004144000000
(1791117091.751114) can0 33D#0000A04000280000
(1791117091.751371) can0 3B7#0000400000024200
(1791117091.751634) can0 491#0000000000000000
(1791117091.763751) can0 297#0101E040FFFF8B2B
(1791117091.763956) can0 29B#BB967002FD100000
(1791117091.768378) can0 29C#2800000000000000
(1791117091.768625) can0 33F#0000000028000040
(1791117091.768914) can0 394#0036000010370E1F
(1791117091.769168) can0 396#3B6D4E2800454545
(1791117091.769465) can0 39A#00360200B8400000
(1791117091.769816) can0 39B#3C3A8200000038BC
(1791117091.813723) can0 297#0101E040FFFF8C2C
(1791117091.813954) can0 29B#BB967002FD100000
(1791117091.850329) can0 33B#0500003F00008000
(1791117091.850530) can0 323#0000000000000000
(1791117091.850830) can0 324#3300004144000000
(1791117091.851016) can0 33D#0000A04000280000
(1791117091.851265) can0 3B7#0000400000034300
(1791117091.851512) can0 491#0000000000000000
(1791117091.863734) can0 297#0101E040FFFF8D2D
(1791117091.863967) can0 29B#BB967002FD100000
(1791117091.868374) can0 29C#2800000000000000
(1791117091.868634) can0 33F#0000000028000040
(1791117091.868912) can0 394#0036000010370F1E
(1791117091.869180) can0 396#3B6D4E2800454545
(1791117091.869470) can0 39A#00360200C8000000
(1791117091.869748) can0 39B#3C3A820000003CB8
(1791117091.913750) can0 297#0101E040FFFF8E2E
(1791117091.913963) can0 29B#BB967002FD100000
(1791117091.950337) can0 33B#0500003F00008000
(1791117091.950637) can0 323#0000000000000000
(1791117091.950858) can0 324#3300004144000000
(1791117091.951025) can0 33D#0000A04000280000
(1791117091.951261) can0 3B7#0000400000044400
(1791117091.951547) can0 491#0000000000000000
(1791117091.963740) can0 297#0101E040FFFF8F2F
(1791117091.963945) can0 29B#BB967002FD100000
(1791117091.968419) can0 29C#2800000000000000
(1791117091.968660) can0 33F#0000000028000040
(1791117091.968933) can0 394#0036000010370011
(1791117091.969201) can0 396#3B6D4E2800454545
(1791117091.969512) can0 39A#00360200D7C00000
(1791117091.969764) can0 39B#3C3A820000000084
(1791117092.013740) can0 297#0101E040FFFF8020
(1791117092.013978) can0 29B#BB967002FD100000
(1791117092.050346) can0 33B#0500003F00008000
(1791117092.050553) can0 323#0000000000000000
(1791117092.050869) can0 324#3300004144000000
(1791117092.051042) can0 33D#0000A04000280000
(1791117092.051281) can0 3B7#0000400000054500
(1791117092.051542) can0 491#0000000000000000
(1791117092.063731) can0 297#0101E040FFFF8121
(1791117092.063960) can0 29B#BB967002FD100000
(1791117092.068456) can0 29C#2800000000000000
(1791117092.068660) can0 33F#0000000028000040
(1791117092.068918) can0 394#0036000010370110
(1791117092.069199) can0 396#3B6D4E2800454545
(1791117092.069483) can0 39A#00360200E7800000
(1791117092.069771) can0 39B#3C3A820000000480
(1791117092.113740) can0 297#0101E040FFFF8222
(1791117092.113986) can0 29B#BB967002FD100000
(1791117092.150385) can0 33B#0500003F00008000
(1791117092.150562) can0 323#0000000000000000
(1791117092.150820) can0 324#3300004144000000
(1791117092.151048) can0 33D#0000A04000280000
(1791117092.151288) can0 3B7#0000400000064600
(1791117092.151527) can0 491#0000000000000000
(1791117092.163743) can0 297#0101E040FFFF8323
(1791117092.163978) can0 29B#BB967002FD100000
(1791117092.168400) can0 29C#2800000000000000
(1791117092.168645) can0 33F#0000000028000040
(1791117092.168902) can0 394#0036000010370213
(1791117092.169165) can0 396#3B6D4E2800454545
(1791117092.169470) can0 39A#00360200F7400000
(1791117092.169749) can0 39B#3C3A82000000088C
(1791117092.213768) can0 297#0101E040FFFF8424
(1791117092.213986) can0 29B#BB967002FD100000
(1791117092.250367) can0 33B#0500003F00008000
(1791117092.250585) can0 323#0000000000000000
(1791117092.250880) can0 324#3300004144000000
(1791117092.251077) can0 33D#0000A04000280000
(1791117092.251317) can0 3B7#0000400000074700
(1791117092.251563) can0 491#0000000000000000
(1791117092.263707) can0 297#0101E040FFFF8525
(1791117092.263943) can0 29B#BB967002FD100000
(1791117092.268362) can0 29C#2800000000000000
(1791117092.268637) can0 33F#0000000028000040
(1791117092.268901) can0 394#0036000010370312
(1791117092.269164) can0 396#3B6D4E2800454545
(1791117092.269464) can0 39A#0036020007000000
(1791117092.269740) can0 39B#3C3A820000000C88
(1791117092.313725) can0 297#0101E040FFFF8626
(1791117092.313952) can0 29B#BB967002FD100000
(1791117092.350347) can0 33B#0500003F00008000
(1791117092.350545) can0 323#0000000000001D65
(1791117092.350793) can0 324#3300004144000000
(1791117092.351035) can0 33D#0000A04000280000
(1791117092.351284) can0 3B7#0000400000084800
(1791117092.351524) can0 491#0000000000000000
(1791117092.363715) can0 297#0101E040FFFF8727
(1791117092.363949) can0 29B#BB967002FD100000
(1791117092.368345) can0 29C#2800000000000000
(1791117092.368625) can0 33F#0000000028000040
(1791117092.368909) can0 394#0036000010370415
(1791117092.369183) can0 396#3B6D4E2800454545
(1791117092.369481) can0 39A#0036020016C00000
(1791117092.369748) can0 39B#3C3A820000001094
(1791117092.413724) can0 297#0101E040FFFF8828
(1791117092.413947) can0 29B#BB967002FD100000
(1791117092.450365) can0 33B#0500003F00008000
(1791117092.450537) can0 323#0000000000001D65
(1791117092.450810) can0 324#3300004144000000
(1791117092.451057) can0 33D#0000A04000280000
(1791117092.451306) can0 3B7#0000400000094900
(1791117092.451555) can0 491#0000000000000000
(1791117092.463719) can0 297#0101E040FFFF8929
(1791117092.463951) can0 29B#BB967002FD100000
(1791117092.468427) can0 29C#2800000000000000
(1791117092.468666) can0 33F#0000000028000040
(1791117092.468919) can0 394#0036000010370514
(1791117092.469179) can0 396#3B6D4E2800454545
(1791117092.469458) can0 39A#0036020026800000
(1791117092.469762) can0 39B#3C3A820000001490
(1791117092.513723) can0 297#0101E040FFFF8A2A
(1791117092.513967) can0 29B#BB967002FD100000
(1791117092.550347) can0 33B#0500003F00008000
(1791117092.550560) can0 323#0000000000001D65
(1791117092.550817) can0 324#3300004144000000
(1791117092.551064) can0 33D#0000A04000280000
(1791117092.551300) can0 3B7#00004000000A4A00
(1791117092.551538) can0 491#0000000000000000
(1791117092.563727) can0 297#0101E040FFFF8B2B
(1791117092.563964) can0 29B#BB967002FD100000
(1791117092.568453) can0 29C#2800000000000000
(1791117092.568653) can0 33F#0000000028000040
(1791117092.568945) can0 394#0036000010370617
(1791117092.569190) can0 396#3B6D4E2800454545
(1791117092.569471) can0 39A#0036020036400000
(1791117092.569746) can0 39B#3C3A82000000189C
(1791117092.613733) can0 297#0101E040FFFF8C2C
(1791117092.613971) can0 29B#BB967002FD100000
(1791117092.650355) can0 33B#0500003F00008000
(1791117092.650570) can0 323#0000000000001D65
(1791117092.650815) can0 324#3300004144000000
(1791117092.651061) can0 33D#0000A04000280000
(1791117092.651298) can0 3B7#00004000000B4B00
(1791117092.651538) can0 491#0000000000000000
(1791117092.663776) can0 297#0101E040FFFF8D2D
(1791117092.663959) can0 29B#BB967002FD100000
(1791117092.668400) can0 29C#2800000000000000
(1791117092.668639) can0 33F#0000000028000040
(1791117092.668936) can0 394#0036000010370716
(1791117092.669163) can0 396#3B6D4E2800454545
(1791117092.669458) can0 39A#0036020046000000
(1791117092.669735) can0 39B#3C3A820000001C98
(1791117092.713748) can0 297#0101E040FFFF8E2E
(1791117092.713966) can0 29B#BB967002FD100000
(1791117092.750587) can0 33B#0500003F00008000
(1791117092.750788) can0 323#0000000000001D65
(1791117092.751031) can0 324#3300004144000000
(1791117092.751279) can0 33D#0000A04000280000
(1791117092.751521) can0 3B7#00004000000C4C00
(1791117092.751788) can0 491#0000000000000000
(1791117092.763724) can0 297#0101E040FFFF8F2F
(1791117092.763952) can0 29B#BB967002FD100000
(1791117092.768362) can0 29C#2800000000000000
(1791117092.768638) can0 33F#0000000028000040
(1791117092.768952) can0 394#0036000010370819
(1791117092.769157) can0 396#3B6D4E2800454545
(1791117092.769462) can0 39A#0036020055C00000
(1791117092.769734) can0 39B#3C3A8200000020A4
(1791117092.813729) can0 297#0101E040FFFF8020
(1791117092.813963) can0 29B#BB967002FD100000
(1791117092.850365) can0 33B#0500003F00008000
(1791117092.850574) can0 323#0000000000001FAD
(1791117092.850813) can0 324#3300004144000000
(1791117092.851063) can0 33D#0000A04000280000
(1791117092.851337) can0 3B7#00004000000D4D00
(1791117092.851571) can0 491#0000000000000000
(1791117092.863725) can0 297#0101E040FFFF8121
(1791117092.863968) can0 29B#BB967002FD100000
(1791117092.868363) can0 29C#2800000000000000
(1791117092.868636) can0 33F#0000000028000040
(1791117092.868963) can0 394#0036000010370918
(1791117092.869177) can0 396#3B6D4E2800454545
(1791117092.869485) can0 39A#0036020065800000
(1791117092.869764) can0 39B#3C3A8200000024A0
(1791117092.913716) can0 297#0101E040FFFF8222
(1791117092.913973) can0 29B#BB967002FD100000
(1791117092.950383) can0 33B#0500003F00008000
(1791117092.950593) can0 323#0000000000001FAD
(1791117092.950866) can0 324#3300004144000000
(1791117092.951072) can0 33D#0000A04000280000
(1791117092.951337) can0 3B7#00004000000E4E00
(1791117092.951572) can0 491#0000000000000000
(1791117092.963725) can0 297#0101E040FFFF8323
(1791117092.963990) can0 29B#BB967002FD100000
(1791117092.968424) can0 29C#2800000000000000
(1791117092.968657) can0 33F#0000000028000040
(1791117092.968917) can0 394#0036000010370A1B
(1791117092.969230) can0 396#3B6D4E2800454545
(1791117092.969474) can0 39A#0036020075400000
(1791117092.969794) can0 39B#3C3A8200000028AC
(1791117093.013724) can0 297#0101E040FFFF8424
(1791117093.013993) can0 29B#BB967002FD100000
(1791117093.050428) can0 33B#0500003F00008000
(1791117093.050574) can0 323#0000000000001FAD
(1791117093.050830) can0 324#3300004144000000
(1791117093.051163) can0 33D#0000A04000280000
(1791117093.051307) can0 3B7#00004000000F4F00
(1791117093.051569) can0 491#0000000000000000
(1791117093.063736) can0 297#0101E040FFFF8525
(1791117093.064029) can0 29B#BB967002FD100000
(1791117093.068391) can0 29C#2800000000000000
(1791117093.068636) can0 33F#0000000028000040
(1791117093.068891) can0 394#0036000010370B1A
(1791117093.069178) can0 396#3B6D4E2800454545
(1791117093.069448) can0 39A#0036020085000000
(1791117093.069754) can0 39B#3C3A820000002CA8
(1791117093.113733) can0 297#0101E040FFFF8626
(1791117093.114034) can0 29B#BB967002FD100000
(1791117093.150376) can0 33B#0500003F00008000
(1791117093.150577) can0 323#0000000000001FAD
(1791117093.150824) can0 324#3300004144000000
(1791117093.151070) can0 33D#0000A04000280000
(1791117093.151312) can0 3B7#0000400000004000
(1791117093.151559) can0 491#0000000000000000
(1791117093.163758) can0 297#0101E040FFFF8727
(1791117093.164016) can0 29B#BB967002FD100000
(1791117093.168393) can0 29C#2800000000000000
(1791117093.168632) can0 33F#0000000028000040
(1791117093.168900) can0 394#0036000010370C1D
(1791117093.169160) can0 396#3B6D4E2800454545
(1791117093.169458) can0 39A#0036020094C00000
(1791117093.169740) can0 39B#3C3A8200000030B4
(1791117093.213723) can0 297#0101E040FFFF8828
(1791117093.214014) can0 29B#BB967002FD100000
(1791117093.250496) can0 33B#0500003F00008000
(1791117093.250700) can0 323#0000000000001FAD
(1791117093.250943) can0 324#3300004144000000
(1791117093.251192) can0 33D#0000A04000280000
(1791117093.251438) can0 3B7#0000400000014100
(1791117093.251682) can0 491#0000000000000000
(1791117093.263709) can0 297#0101E040FFFF8929
(1791117093.263944) can0 29B#BB967002FD100000
(1791117093.268349) can0 29C#2800000000000000
(1791117093.268630) can0 33F#0000000028000040
(1791117093.268905) can0 394#0036000010370D1C
(1791117093.269165) can0 396#3B6D4E2800454545
(1791117093.269465) can0 39A#00360200A4800000
(1791117093.269744) can0 39B#3C3A8200000034B0
(1791117093.313705) can0 297#0101E040FFFF8A2A
(1791117093.313945) can0 29B#BB967002FD100000
(1791117093.350458) can0 33B#0500003F00008000
(1791117093.350665) can0 323#0000000000001FC1
(1791117093.350893) can0 324#3300004144000000
(1791117093.351136) can0 33D#0000A04000280000
(1791117093.351380) can0 3B7#0000400000024200
(1791117093.351655) can0 491#0000000000000000
(1791117093.363705) can0 297#0101E040FFFF8B2B
(1791117093.363940) can0 29B#BB967002FD100000
(1791117093.368379) can0 29C#2800000000000000
(1791117093.368651) can0 33F#0000000028000040
(1791117093.368933) can0 394#0036000010370E1F
(1791117093.369181) can0 396#3B6D4E2800454545
(1791117093.369481) can0 39A#00360200B4400000
(1791117093.369797) can0 39B#3C3A8200000038BC
(1791117093.413714) can0 297#0101E040FFFF8C2C
(1791117093.413937) can0 29B#BB967002FD100000
(1791117093.450410) can0 33B#0500003F00008000
(1791117093.450609) can0 323#0000000000001FC1
(1791117093.450854) can0 324#3300004144000000
(1791117093.451111) can0 33D#0000A04000280000
(1791117093.451332) can0 3B7#0000400000034300
(1791117093.451591) can0 491#0000000000000000
(1791117093.463715) can0 297#0101E040FFFF8D2D
(1791117093.463964) can0 29B#BB967002FD100000
(1791117093.468453) can0 29C#2800000000000000
(1791117093.468669) can0 33F#0000000028000040
(1791117093.468917) can0 394#0036000010370F1E
(1791117093.469186) can0 396#3B6D4E2800454545
(1791117093.469471) can0 39A#00360200C4000000
(1791117093.469743) can0 39B#3C3A820000003CB8
(1791117093.513741) can0 297#0101E040FFFF8E2E
(1791117093.513968) can0 29B#BB967002FD100000
(1791117093.550560) can0 33B#0500003F00008000
(1791117093.550698) can0 323#0000000000001FC1
(1791117093.550937) can0 324#3300004144000000
(1791117093.551185) can0 33D#0000A04000280000
(1791117093.551429) can0 3B7#0000400000044400
(1791117093.551666) can0 491#0000000000000000
(1791117093.563734) can0 297#0101E040FFFF8F2F
(1791117093.563943) can0 29B#BB967002FD100000
(1791117093.568390) can0 29C#2800000000000000
(1791117093.568627) can0 33F#0000000028000040
(1791117093.568889) can0 394#0036000010370011
(1791117093.569158) can0 396#3B6D4E2800454545
(1791117093.569455) can0 39A#00360200D3C00000
(1791117093.569731) can0 39B#3C3A820000000084
(1791117093.613760) can0 297#0101E040FFFF8020
(1791117093.613956) can0 29B#BB967002FD100000
(1791117093.650384) can0 33B#0500003F00008000
(1791117093.650582) can0 323#0000000000001FC1
(1791117093.650832) can0 324#3300004144000000
(1791117093.651077) can0 33D#0000A04000280000
(1791117093.651320) can0 3B7#0000400000054500
(1791117093.651580) can0 491#0000000000000000
(1791117093.663781) can0 297#0101E040FFFF8121
(1791117093.663942) can0 29B#BB967002FD100000
(1791117093.668365) can0 29C#2800000000000000
(1791117093.668622) can0 33F#0000000028000040
(1791117093.668889) can0 394#0036000010370110
(1791117093.669168) can0 396#3B6D4E2800454545
(1791117093.669447) can0 39A#00360200E3800000
(1791117093.669746) can0 39B#3C3A820000000480
(1791117093.713722) can0 297#0101E040FFFF8222
(1791117093.713959) can0 29B#BB967002FD100000
(1791117093.750413) can0 33B#0500003F00008000
(1791117093.750619) can0 323#0000000000001FC1
(1791117093.750862) can0 324#3300004144000000
(1791117093.751108) can0 33D#0000A04000280000
(1791117093.751350) can0 3B7#0000400000064600
(1791117093.751618) can0 491#0000000000000000
(1791117093.763698) can0 297#0101E040FFFF8323
(1791117093.763945) can0 29B#BB967002FD100000
(1791117093.768340) can0 29C#2800000000000000
(1791117093.768617) can0 33F#0000000028000040
(1791117093.768897) can0 394#0036000010370213
(1791117093.769184) can0 396#3B6D4E2800454545
(1791117093.769474) can0 39A#00360200F3400000
(1791117093.769739) can0 39B#3C3A82000000088C
(1791117093.813699) can0 297#0101E040FFFF8424
(1791117093.813950) can0 29B#BB967002FD100000
(1791117093.850401) can0 33B#0500003F00008000
(1791117093.850596) can0 323#0000000000001FC5
(1791117093.850847) can0 324#3300004144000000
(1791117093.851096) can0 33D#0000A04000280000
(1791117093.851353) can0 3B7#0000400000074700
(1791117093.851587) can0 491#0000000000000000
(1791117093.863715) can0 297#0101E040FFFF8525
(1791117093.863949) can0 29B#BB967002FD100000
(1791117093.868417) can0 29C#2800000000000000
(1791117093.868655) can0 33F#0000000028000040
(1791117093.868936) can0 394#0036000010370312
(1791117093.869189) can0 396#3B6D4E2800454545
(1791117093.869502) can0 39A#0036020003000000
(1791117093.869734) can0 39B#3C3A820000000C88
(1791117093.913711) can0 297#0101E040FFFF8626
(1791117093.913955) can0 29B#BB967002FD100000
(1791117093.950447) can0 33B#0500003F00008000
(1791117093.950636) can0 323#0000000000001FC5
(1791117093.950852) can0 324#3300004144000000
(1791117093.951124) can0 33D#0000A04000280000
(1791117093.951374) can0 3B7#0000400000084800
(1791117093.951640) can0 491#0000000000000000
(1791117093.963704) can0 297#0101E040FFFF8727
(1791117093.963961) can0 29B#BB967002FD100000
(1791117093.968433) can0 29C#2800000000000000
(1791117093.968636) can0 33F#0000000028000040
(1791117093.968911) can0 394#0036000010370415
(1791117093.969190) can0 396#3B6D4E2800454545
(1791117093.969461) can0 39A#0036020012C00000
(1791117093.969737) can0 39B#3C3A820000001094
(1791117094.013729) can0 297#0101E040FFFF8828
(1791117094.013972) can0 29B#BB967002FD100000
(1791117094.050414) can0 33B#0500003F00008000
(1791117094.050633) can0 323#0000000000001FC5
(1791117094.050862) can0 324#3300004144000000
(1791117094.051123) can0 33D#0000A04000280000
(1791117094.051350) can0 3B7#0000400000094900
(1791117094.051598) can0 491#0000000000000000
(1791117094.063746) can0 297#0101E040FFFF8929
(1791117094.063963) can0 29B#BB967002FD100000
(1791117094.068396) can0 29C#2800000000000000
(1791117094.068636) can0 33F#0000000028000040
(1791117094.068902) can0 394#0036000010370514
(1791117094.069166) can0 396#3B6D4E2800454545
(1791117094.069445) can0 39A#0036020022800000
(1791117094.069729) can0 39B#3C3A820000001490
(1791117094.113737) can0 297#0101E040FFFF8A2A
(1791117094.113942) can0 29B#BB967002FD100000
(1791117094.150396) can0 33B#0700003F00008000
(1791117094.150609) can0 323#0000000000001FC5
(1791117094.150855) can0 324#3300004144000000
(1791117094.151131) can0 33D#0000A04000280000
(1791117094.151338) can0 3B7#00004000000A4A00
(1791117094.151584) can0 491#0000000000000000
(1791117094.163698) can0 297#0101E040FFFF8B2B
(1791117094.163933) can0 29B#BB967002FD100000
(1791117094.168343) can0 29C#2800000000000000
(1791117094.168620) can0 33F#0000000028000040
(1791117094.168895) can0 394#0036000010370617
(1791117094.169152) can0 396#3B6D4E2800454545
(1791117094.169455) can0 39A#0036020032400000
(1791117094.169735) can0 39B#3C3A82000000189C
(1791117094.213712) can0 297#0101E040FFFF8C2C
(1791117094.213951) can0 29B#BB967002FD100000
(1791117094.250478) can0 33B#1200003F00008000
(1791117094.250679) can0 323#0000000000001FC5
(1791117094.250924) can0 324#3300004144000014
(1791117094.251173) can0 33D#0000A04000280000
(1791117094.251413) can0 3B7#00004000000B4B00
(1791117094.251655) can0 491#0000000000000000
(1791117094.263702) can0 297#0101E040FFFF8D2D
(1791117094.263943) can0 29B#BB967002FD100000
(1791117094.268355) can0 29C#2800000000000000
(1791117094.268631) can0 33F#0000000028000040
(1791117094.268907) can0 394#0036000010370716
(1791117094.269163) can0 396#3B6D4E2800454545
(1791117094.269463) can0 39A#0036020042000000
(1791117094.269743) can0 39B#3C3A820000001C98
(1791117094.313703) can0 297#0101E040FFFF8E2E
(1791117094.313947) can0 29B#BB967002FD100000
(1791117094.350475) can0 33B#1700003F00008000
(1791117094.350695) can0 323#0000000000000000
(1791117094.350946) can0 324#330000414400001A
(1791117094.351244) can0 33D#0000A04000280000
(1791117094.351441) can0 3B7#00004000000C4C00
(1791117094.351695) can0 491#0000000000000000
(1791117094.363711) can0 297#0101E040FFFF8F2F
(1791117094.363939) can0 29B#BB967002FD100000
(1791117094.368407) can0 29C#2800000000000000
(1791117094.368653) can0 33F#0000000028000040
(1791117094.368898) can0 394#0036000010370819
(1791117094.369186) can0 396#3B6D4E2800454545
(1791117094.369460) can0 39A#0036020051C00000
(1791117094.369765) can0 39B#3C3A8200000020A4
(1791117094.413721) can0 297#0101E040FFFF8020
(1791117094.413938) can0 29B#BB967002FD100000
(1791117094.450549) can0 33B#1900003F00008000
(1791117094.450706) can0 323#0000000000000000
(1791117094.450953) can0 324#330000414400001D
(1791117094.451196) can0 33D#0000A04000280000
(1791117094.451440) can0 3B7#00004000000D4D00
(1791117094.451711) can0 491#0000000000000000
(1791117094.463724) can0 297#0101E040FFFF8121
(1791117094.464004) can0 29B#BB967002FD100000
(1791117094.468396) can0 29C#2800000000000000
(1791117094.468622) can0 33F#0000000028000040
(1791117094.468904) can0 394#0036000010370918
(1791117094.469182) can0 396#3B6D4E2800454545
(1791117094.469453) can0 39A#0036020061800000
(1791117094.469739) can0 39B#3C3A8200000024A0
(1791117094.513737) can0 297#0101E040FFFF8222
(1791117094.513949) can0 29B#BB967002FD100000
(1791117094.550424) can0 33B#1A00003F00008000
(1791117094.550637) can0 323#0000000000000000
(1791117094.550874) can0 324#330000414400001E
(1791117094.551189) can0 33D#0000A04000280000
(1791117094.551365) can0 3B7#00004000000E4E00
(1791117094.551606) can0 491#0000000000000000
(1791117094.563762) can0 297#0101E040FFFF8323
(1791117094.563942) can0 29B#BB967002FD100000
(1791117094.568365) can0 29C#2800000000000000
(1791117094.568632) can0 33F#0000000028000040
(1791117094.568886) can0 394#0036000010370A1B
(1791117094.569191) can0 396#3B6D4E2800454545
(1791117094.569444) can0 39A#0036020071400000
(1791117094.569742) can0 39B#3C3A8200000028AC
(1791117094.613693) can0 297#0101E040FFFF8424
(1791117094.613939) can0 29B#BB967002FD100000
(1791117094.650470) can0 33B#1A00003F00008000
(1791117094.650683) can0 323#0000000000000000
(1791117094.650927) can0 324#330000414400001F
(1791117094.651205) can0 33D#0000A04000280000
(1791117094.651401) can0 3B7#00004000000F4F00
(1791117094.651641) can0 491#0000000000000000
(1791117094.663706) can0 297#0101E040FFFF8525
(1791117094.663946) can0 29B#BB967002FD100000
(1791117094.668345) can0 29C#2800000000000000
(1791117094.668625) can0 33F#0000000028000040
(1791117094.668900) can0 394#0036000010370B1A
(1791117094.669206) can0 396#3B6D4E2800454545
(1791117094.669460) can0 39A#0036020081000000
(1791117094.669739) can0 39B#3C3A820000002CA8
(1791117094.713698) can0 297#0101E040FFFF8626
(1791117094.713943) can0 29B#BB967002FD100000
(1791117094.750651) can0 33B#1A00003F00008000
(1791117094.750863) can0 33D#0000A04000280000
(1791117094.751116) can0 323#0000000000000000
(1791117094.751364) can0 324#330000414400001F
(1791117094.751587) can0 3B7#0000400000004000
(1791117094.751848) can0 491#0000000000000000
(1791117094.763701) can0 297#0101E040FFFF8727
(1791117094.763939) can0 29B#BB967002FD100000
(1791117094.768362) can0 29C#2800000000000000
(1791117094.768630) can0 33F#0000000028000040
(1791117094.768889) can0 394#0036000010370C1D
(1791117094.769226) can0 396#3B6D4E2800454545
(1791117094.769482) can0 39A#0036020090C00000
(1791117094.769752) can0 39B#3C3A8200000030B4
(1791117094.813702) can0 297#0101E040FFFF8828
(1791117094.813952) can0 29B#BB967002FD100000
(1791117094.850459) can0 33B#1A00003F00008000
(1791117094.850657) can0 323#0000000000001D65
(1791117094.850895) can0 324#330000414400001F
(1791117094.851141) can0 33D#0000A04000280000
(1791117094.851379) can0 3B7#0000400000014100
(1791117094.851647) can0 491#0000000000000000
(1791117094.863690) can0 297#0101E040FFFF8929
(1791117094.863945) can0 29B#BB967002FD100000
(1791117094.868423) can0 29C#2800000000000000
(1791117094.868646) can0 33F#0000000028000040
(1791117094.868913) can0 394#0036000010370D1C
(1791117094.869251) can0 396#3B6D4E2800454545
(1791117094.869463) can0 39A#00360200A0800000
(1791117094.869744) can0 39B#3C3A8200000034B0
(1791117094.913712) can0 297#0101E040FFFF8A2A
(1791117094.913954) can0 29B#BB967002FD100000
(1791117094.950531) can0 33B#1A00003F00008000
(1791117094.950672) can0 323#0000000000001D65
(1791117094.950946) can0 324#330000414400001F
(1791117094.951219) can0 33D#0000A04000280000
(1791117094.951421) can0 3B7#0000400000024200
(1791117094.951656) can0 491#0000000000000000
(1791117094.963704) can0 297#0101E040FFFF8B2B
(1791117094.963947) can0 29B#BB967002FD100000
(1791117094.968383) can0 29C#2800000000000000
(1791117094.968622) can0 33F#0000000028000040
(1791117094.968881) can0 394#0036000010370E1F
(1791117094.969160) can0 396#3B6D4E2800454545
(1791117094.969439) can0 39A#00360200B0400000
(1791117094.969719) can0 39B#3C3A8200000038BC
(1791117095.013757) can0 297#0101E040FFFF8C2C
(1791117095.013963) can0 29B#BB967002FD100000
(1791117095.050434) can0 33B#1B00003F00008000
(1791117095.050642) can0 323#0000000000001D65
(1791117095.050881) can0 324#330000414400001F
(1791117095.051130) can0 33D#0000A04000280000
(1791117095.051377) can0 3B7#0000400000034300
(1791117095.051615) can0 491#0000000000000000
(1791117095.063693) can0 297#0101E040FFFF8D2D
(1791117095.063946) can0 29B#BB967002FD100000
(1791117095.068344) can0 29C#2800000000000000
(1791117095.068615) can0 33F#0000000028000040
(1791117095.068882) can0 394#0036000010370F1E
(1791117095.069162) can0 396#3B6D4E2800454545
(1791117095.069441) can0 39A#00360200C0000000
(1791117095.069727) can0 39B#3C3A820000003CB8
(1791117095.113705) can0 297#0101E040FFFF8E2E
(1791117095.113943) can0 29B#BB967002FD100000
(1791117095.150467) can0 33B#1B00003F00008000
(1791117095.150673) can0 323#0000000000001D65
(1791117095.150905) can0 324#330000414400001F
(1791117095.151150) can0 33D#0000A04000280000
(1791117095.151395) can0 3B7#0000400000044400
(1791117095.151648) can0 491#0000000000000000
(1791117095.163715) can0 297#0101E040FFFF8F2F
(1791117095.163959) can0 29B#BB967002FD100000
(1791117095.168397) can0 29C#2800000000000000
(1791117095.168632) can0 33F#0000000028000040
(1791117095.168900) can0 394#0036000010370011
(1791117095.169166) can0 396#3B6D4E2800454545
(1791117095.169448) can0 39A#00360200CFC00000
(1791117095.169729) can0 39B#3C3A820000000084
(1791117095.213698) can0 297#0101E040FFFF8020
(1791117095.213940) can0 29B#BB967002FD100000
(1791117095.250500) can0 33B#1B00003F00008000
(1791117095.250701) can0 323#0000000000001D65
(1791117095.250934) can0 324#370000414400001F
(1791117095.251171) can0 33D#0000A04000280000
(1791117095.251413) can0 3B7#0000400000054500
(1791117095.251694) can0 491#0000000000000000
(1791117095.263703) can0 297#0101E040FFFF8121
(1791117095.263937) can0 29B#BB967002FD100000
(1791117095.268399) can0 29C#2800000000000000
(1791117095.268666) can0 33F#0000000028000040
(1791117095.268900) can0 394#0036000010370110
(1791117095.269203) can0 396#3B6D4E2800454545
(1791117095.269471) can0 39A#00360200DF800000
(1791117095.269746) can0 39B#3C3A820000000480
(1791117095.313697) can0 297#0101E040FFFF8222
(1791117095.313928) can0 29B#BB967002FD100000
(1791117095.350479) can0 33B#1B00003F00008000
(1791117095.350662) can0 323#0000000000001FAD
(1791117095.350904) can0 324#370000414400001F
(1791117095.351150) can0 33D#0000A04000280000
(1791117095.351412) can0 3B7#0000400000064600
(1791117095.351664) can0 491#0000000000000000
(1791117095.363702) can0 297#0101E040FFFF8323
(1791117095.363935) can0 29B#BB967002FD100000
(1791117095.368408) can0 29C#2800000000000000
(1791117095.368628) can0 33F#0000000028000040
(1791117095.368930) can0 394#0036000010370213
(1791117095.369178) can0 396#3B6D4E2800454545
(1791117095.369460) can0 39A#00360200EF400000
(1791117095.369731) can0 39B#3C3A82000000088C
(1791117095.413715) can0 297#0101E040FFFF8424
(1791117095.413956) can0 29B#BB967002FD100000
(1791117095.450455) can0 33B#1B00003F00008000
(1791117095.450658) can0 323#0000000000001FAD
(1791117095.450907) can0 324#370000414400001F
(1791117095.451153) can0 33D#0000A04000280000
(1791117095.451403) can0 3B7#0000400000074700
(1791117095.451653) can0 491#0000000000000000
(1791117095.463704) can0 297#0101E040FFFF8525
(1791117095.463954) can0 29B#BB967002FD100000
(1791117095.468378) can0 29C#2800000000000000
(1791117095.468620) can0 33F#0000000028000040
(1791117095.468885) can0 394#0036000010370312
(1791117095.469139) can0 396#3B6D4E2800454545
(1791117095.469444) can0 39A#00360200FF000000
(1791117095.469725) can0 39B#3C3A820000000C88
(1791117095.513754) can0 297#0101E040FFFF8626
(1791117095.513945) can0 29B#BB967002FD100000
(1791117095.550458) can0 33B#1B00003F00008000
(1791117095.550652) can0 323#0000000000001FAD
(1791117095.550899) can0 324#370000414400001F
(1791117095.551136) can0 33D#0000A04000280000
(1791117095.551386) can0 3B7#0000400000084800
(1791117095.551649) can0 491#0000000000000000
(1791117095.563697) can0 297#0101E040FFFF8727
(1791117095.563941) can0 29B#BB967002FD100000
(1791117095.568341) can0 29C#2800000000000000
(1791117095.568613) can0 33F#0000000028000040
(1791117095.568889) can0 394#0036000010370415
(1791117095.569152) can0 396#3B6D4E2800454545
(1791117095.569449) can0 39A#003602000EC00000
(1791117095.569729) can0 39B#3C3A820000001094
(1791117095.613701) can0 297#0101E040FFFF8828
(1791117095.613945) can0 29B#BB967002FD100000
(1791117095.650452) can0 33B#1B00003F00008000
(1791117095.650666) can0 323#0000000000001FAD
(1791117095.650900) can0 324#370000414400001F
(1791117095.651146) can0 33D#0000A04000280000
(1791117095.651386) can0 3B7#0000400000094900
(1791117095.651649) can0 491#0000000000000000
(1791117095.663698) can0 297#0101E040FFFF8929
(1791117095.663950) can0 29B#BB967002FD100000
(1791117095.668354) can0 29C#2800000000000000
(1791117095.668622) can0 33F#0000000028000040
(1791117095.668908) can0 394#0036000010370514
(1791117095.669158) can0 396#3B6D4E2800454545
(1791117095.669438) can0 39A#003602001E800000
(1791117095.669717) can0 39B#3C3A820000001490
(1791117095.713702) can0 297#0101E040FFFF8A2A
(1791117095.713950) can0 29B#BB967002FD100000
(1791117095.750513) can0 33B#1B00003F00008000
(1791117095.750730) can0 33D#0000A04000280000
(1791117095.750964) can0 323#0000000000001FAD
(1791117095.751214) can0 324#370000414400001F
(1791117095.751472) can0 3B7#00004000000A4A00
(1791117095.751717) can0 491#0000000000000000
(1791117095.763678) can0 297#0101E040FFFF8B2B
(1791117095.763939) can0 29B#BB967002FD100000
(1791117095.768410) can0 29C#2800000000000000
(1791117095.768630) can0 33F#0000000028000040
(1791117095.768900) can0 394#0036000010370617
(1791117095.769195) can0 396#3B6D4E2800454545
(1791117095.769461) can0 39A#003602002E400000
(1791117095.769740) can0 39B#3C3A82000000189C
(1791117095.813714) can0 297#0101E040FFFF8C2C
(1791117095.813944) can0 29B#BB967002FD100000
(1791117095.850531) can0 33B#1B00003F00008000
(1791117095.850692) can0 323#0000000000001FC5
(1791117095.850933) can0 324#370000414400001F
(1791117095.851172) can0 33D#0000A04000280000
(1791117095.851424) can0 3B7#00004000000B4B00
(1791117095.851661) can0 491#0000000000000000
