(1789541804.451392) can0 33B#0000003F00000000
(1789541804.451624) can0 323#0000000000000000
(1789541804.451859) can0 324#0000004041000000
(1789541804.452101) can0 33D#0000102000280000
(1789541804.452356) can0 3B7#0000000000058287
(1789541804.452600) can0 491#0000000000000000
(1789541804.551392) can0 33B#0000003F00000000
(1789541804.551624) can0 323#0000000000000000
(1789541804.551882) can0 324#0000004041000000
(1789541804.552116) can0 33D#0000102000280000
(1789541804.552362) can0 3B7#0000000000068187
(1789541804.552618) can0 491#0000000000000000
(1789541804.651449) can0 33B#0000003F00000000
(1789541804.651667) can0 323#0000000000000000
(1789541804.651905) can0 324#0000004041000000
(1789541804.652161) can0 33D#0000102000280000
(1789541804.652406) can0 3B7#0000000000078087
(1789541804.652662) can0 491#0000000000000000
(1789541804.751459) can0 33B#0000003F00000000
(1789541804.751670) can0 323#0000000000001D65
(1789541804.751927) can0 324#0000004041000000
(1789541804.752178) can0 33D#0000102000280000
(1789541804.752420) can0 3B7#0000000000088F87
(1789541804.752675) can0 491#0000000000000000
(1789541804.851470) can0 33B#0000003F00000000
(1789541804.851683) can0 323#0000000000001D65
(1789541804.851930) can0 324#0000004041000000
(1789541804.852189) can0 33D#0000102000280000
(1789541804.852422) can0 3B7#0000000000098E87
(1789541804.852667) can0 491#0000000000000000
(1789541804.951408) can0 33B#0000003F00000000
(1789541804.951615) can0 323#0000000000001D65
(1789541804.951857) can0 324#0000004041000000
(1789541804.952096) can0 33D#0000102000280000
(1789541804.952345) can0 3B7#00000000000A8D87
(1789541804.952604) can0 491#0000000000000000
(1789541805.051489) can0 33B#0000003F00000000
(1789541805.051713) can0 323#0000000000001D65
(1789541805.051955) can0 324#0000004041000000
(1789541805.052191) can0 33D#0000102000280000
(1789541805.052431) can0 3B7#00000000000B8C87
(1789541805.052682) can0 491#0000000000000000
(1789541805.151672) can0 33B#0000003F00000000
(1789541805.151878) can0 323#0000000000001D65
(1789541805.152136) can0 324#0000004041000000
(1789541805.152372) can0 33D#0000102000280000
(1789541805.152617) can0 3B7#00000000000C8B87
(1789541805.152863) can0 491#0000000000000000
(1789541805.251419) can0 33B#0000003F00000000
(1789541805.251638) can0 323#0000000000001FAD
(1789541805.251883) can0 324#0000004041000000
(1789541805.252122) can0 33D#0000102000280000
(1789541805.252365) can0 3B7#00000000000D8A87
(1789541805.252615) can0 491#0000000000000000
(1789541805.351437) can0 33B#0000003F00000000
(1789541805.351640) can0 323#0000000000001FAD
(1789541805.351880) can0 324#0000004041000000
(1789541805.352125) can0 33D#0000102000280000
(1789541805.352372) can0 3B7#00000000000E8987
(1789541805.352625) can0 491#0000000000000000
(1789541805.451490) can0 33B#0000003F00000000
(1789541805.451693) can0 323#0000000000001FAD
(1789541805.451940) can0 324#0000004041000000
(1789541805.452190) can0 33D#0000102000280000
(1789541805.452433) can0 3B7#00000000000F8887
(1789541805.452670) can0 491#0000000000000000
(1789541805.551434) can0 33B#0000003F00000000
(1789541805.551633) can0 323#0000000000001FAD
(1789541805.551897) can0 324#0000004041000000
(1789541805.552147) can0 33D#0000102000280000
(1789541805.552378) can0 3B7#0000000000008787
(1789541805.552628) can0 491#0000000000000000
(1789541805.651545) can0 33B#0000003F00000000
(1789541805.651765) can0 323#0000000000001FAD
(1789541805.652008) can0 324#0000004041000000
(1789541805.652267) can0 33D#0000102000280000
(1789541805.652491) can0 3B7#0000000000018687
(1789541805.652759) can0 491#0000000000000000
(1789541805.751535) can0 33B#0000003F00000000
(1789541805.751755) can0 323#0000000000000000
(1789541805.751991) can0 324#0000004041000000
(1789541805.752235) can0 33D#0000102000280000
(1789541805.752484) can0 3B7#0000000000028587
(1789541805.752721) can0 491#0000000000000000
(1789541805.851424) can0 33B#0000003F00000000
(1789541805.851660) can0 323#0000000000000000
(1789541805.851936) can0 324#0000004041000000
(1789541805.852143) can0 33D#0000102000280000
(1789541805.852382) can0 3B7#0000000000038487
(1789541805.852632) can0 491#0000000000000000
(1789541805.951495) can0 33B#0000003F00000000
(1789541805.951706) can0 323#0000000000000000
(1789541805.951970) can0 324#0000004041000000
(1789541805.952209) can0 33D#0000102000280000
(1789541805.952462) can0 3B7#0000000000048387
(1789541805.952702) can0 491#0000000000000000
(1789541806.051432) can0 33B#0000003F00000000
(1789541806.051672) can0 323#0000000000000000
(1789541806.051966) can0 324#0000004041000000
(1789541806.052155) can0 33D#0000102000280000
(1789541806.052391) can0 3B7#0000000000058287
(1789541806.052636) can0 491#0000000000000000
(1789541806.151514) can0 33B#0000003F00000000
(1789541806.151705) can0 323#0000000000000000
(1789541806.151978) can0 324#0000004041000000
(1789541806.152208) can0 33D#0000102000280000
(1789541806.152448) can0 3B7#0000000000068187
(1789541806.152699) can0 491#0000000000000000
(1789541806.251466) can0 33B#0000003F00000000
(1789541806.251681) can0 323#0000000000001D65
(1789541806.251916) can0 324#0000004041000000
(1789541806.252165) can0 33D#0000102000280000
(1789541806.252413) can0 3B7#0000000000078087
(1789541806.252673) can0 491#0000000000000000
(1789541806.351543) can0 33B#0000003F00000000
(1789541806.351767) can0 323#0000000000001D65
(1789541806.352012) can0 324#0000004041000000
(1789541806.352256) can0 33D#0000102000280000
(1789541806.352501) can0 3B7#0000000000088F87
(1789541806.352738) can0 491#0000000000000000
(1789541806.451452) can0 33B#0000003F00000000
(1789541806.451665) can0 323#0000000000001D65
(1789541806.451920) can0 324#0000004041000000
(1789541806.452172) can0 33D#0000102000280000
(1789541806.452412) can0 3B7#0000000000098E87
(1789541806.452662) can0 491#0000000000000000
(1789541806.551457) can0 33B#0000003F00000000
(1789541806.551667) can0 323#0000000000001D65
(1789541806.551905) can0 324#0000004041000000
(1789541806.552153) can0 33D#0000102000280000
(1789541806.552406) can0 3B7#00000000000A8D87
(1789541806.552655) can0 491#0000000000000000
(1789541806.651517) can0 33B#0000003F00000000
(1789541806.651748) can0 323#0000000000001D65
(1789541806.652048) can0 324#0000004041000000
(1789541806.652242) can0 33D#0000102000280000
(1789541806.652468) can0 3B7#00000000000B8C87
(1789541806.652726) can0 491#0000000000000000
(1789541806.751536) can0 33B#0000003F00000000
(1789541806.751755) can0 323#0000000000001FAD
(1789541806.752055) can0 324#0000004041000000
(1789541806.752241) can0 33D#0000102000280000
(1789541806.752478) can0 3B7#00000000000C8B87
(1789541806.752739) can0 491#0000000000000000
(1789541806.851477) can0 33B#0000003F00000000
(1789541806.851700) can0 323#0000000000001FAD
(1789541806.851948) can0 324#0000004041000000
(1789541806.852182) can0 33D#0000102000280000
(1789541806.852419) can0 3B7#00000000000D8A87
(1789541806.852669) can0 491#0000000000000000
(1789541806.951460) can0 33B#0000003F00000000
(1789541806.951682) can0 323#0000000000001FAD
(1789541806.951929) can0 324#0000004041000000
(1789541806.952179) can0 33D#0000102000280000
(1789541806.952409) can0 3B7#00000000000E8987
(1789541806.952663) can0 491#0000000000000000
(1789541807.051471) can0 33B#0000003F00000000
(1789541807.051697) can0 323#0000000000001FAD
(1789541807.051922) can0 324#0000004041000000
(1789541807.052173) can0 33D#0000102000280000
(1789541807.052412) can0 3B7#00000000000F8887
(1789541807.052673) can0 491#0000000000000000
(1789541807.151694) can0 33B#0000003F00000000
(1789541807.151902) can0 323#0000000000001FAD
(1789541807.152147) can0 324#0000004041000000
(1789541807.152387) can0 33D#0000102000280000
(1789541807.152637) can0 3B7#0000000000008787
(1789541807.152898) can0 491#0000000000000000
(1789541807.251477) can0 33B#0000003F00000000
(1789541807.251684) can0 323#0000000000000000
(1789541807.251960) can0 324#0000004041000000
(1789541807.252194) can0 33D#0000102000280000
(1789541807.252433) can0 3B7#0000000000018687
(1789541807.252686) can0 491#0000000000000000
(1789541807.351502) can0 33B#0000003F00000000
(1789541807.351715) can0 323#0000000000000000
(1789541807.351983) can0 324#0000004041000000
(1789541807.352238) can0 33D#0000102000280000
(1789541807.352442) can0 3B7#0000000000028587
(1789541807.352711) can0 491#0000000000000000
(1789541807.451525) can0 33B#0000003F00000000
(1789541807.451761) can0 323#0000000000000000
(1789541807.452006) can0 324#0000004041000000
(1789541807.452262) can0 33D#0000102000280000
(1789541807.452489) can0 3B7#0000000000038487
(1789541807.452753) can0 491#0000000000000000
(1789541807.551503) can0 33B#0000003F00000000
(1789541807.551714) can0 323#0000000000000000
(1789541807.551960) can0 324#0000004041000000
(1789541807.552206) can0 33D#0000102000280000
(1789541807.552458) can0 3B7#0000000000048387
(1789541807.552719) can0 491#0000000000000000
(1789541807.651538) can0 33B#0000003F00000000
(1789541807.651768) can0 323#0000000000000000
(1789541807.651999) can0 324#0000004041000000
(1789541807.652242) can0 33D#0000102000280000
(1789541807.652490) can0 3B7#0000000000058287
(1789541807.652749) can0 491#0000000000000000
(1789541807.751523) can0 33B#0000003F00000000
(1789541807.751731) can0 323#0000000000001D65
(1789541807.751976) can0 324#0000004041000000
(1789541807.752226) can0 33D#0000102000280000
(1789541807.752466) can0 3B7#0000000000068187
(1789541807.752709) can0 491#0000000000000000
(1789541807.851561) can0 33B#0000003F00000000
(1789541807.851780) can0 323#0000000000001D65
(1789541807.852009) can0 324#0000004041000000
(1789541807.852265) can0 33D#0000102000280000
(1789541807.852509) can0 3B7#0000000000078087
(1789541807.852752) can0 491#0000000000000000
(1789541807.951496) can0 33B#0000003F00000000
(1789541807.951721) can0 323#0000000000001D65
(1789541807.951967) can0 324#0000004041000000
(1789541807.952213) can0 33D#0000102000280000
(1789541807.952450) can0 3B7#0000000000088F87
(1789541807.952716) can0 491#0000000000000000
(1789541808.051493) can0 33B#0000003F00000000
(1789541808.051715) can0 323#0000000000001D65
(1789541808.051950) can0 324#0000004041000000
(1789541808.052226) can0 33D#0000102000280000
(1789541808.052450) can0 3B7#0000000000098E87
(1789541808.052700) can0 491#0000000000000000
(1789541808.151648) can0 33B#0000003F00000000
(1789541808.151855) can0 323#0000000000001D65
(1789541808.152119) can0 324#0000004041000000
(1789541808.152364) can0 33D#0000102000280000
(1789541808.152601) can0 3B7#00000000000A8D87
(1789541808.152838) can0 491#0000000000000000
(1789541808.251508) can0 33B#0000003F00000000
(1789541808.251710) can0 323#0000000000001FAD
(1789541808.251978) can0 324#0000004041000000
(1789541808.252253) can0 33D#0000102000280000
(1789541808.252440) can0 3B7#00000000000B8C87
(1789541808.252707) can0 491#0000000000000000
(1789541808.351592) can0 33B#0000003F00000000
(1789541808.351792) can0 323#0000000000001FAD
(1789541808.352040) can0 324#0000004041000000
(1789541808.352288) can0 33D#0000102000280000
(1789541808.352528) can0 3B7#00000000000C8B87
(1789541808.352779) can0 491#0000000000000000
(1789541808.451689) can0 33B#0000003F00000000
(1789541808.451811) can0 323#0000000000001FAD
(1789541808.452070) can0 324#0000004041000000
(1789541808.452317) can0 33D#0000102000280000
(1789541808.452567) can0 3B7#00000000000D8A87
(1789541808.452807) can0 491#0000000000000000
(1789541808.551591) can0 33B#0000003F00000000
(1789541808.551813) can0 323#0000000000001FAD
(1789541808.552053) can0 324#0000004041000000
(1789541808.552302) can0 33D#0000102000280000
(1789541808.552544) can0 3B7#00000000000E8987
(1789541808.552794) can0 491#0000000000000000
(1789541808.651558) can0 33B#0000003F00000000
(1789541808.651768) can0 323#0000000000001FAD
(1789541808.652032) can0 324#0000004041000000
(1789541808.652304) can0 33D#0000102000280000
(1789541808.652528) can0 3B7#00000000000F8887
(1789541808.652758) can0 491#0000000000000000
(1789541808.751546) can0 33B#0000003F00000000
(1789541808.751768) can0 323#0000000000000000
(1789541808.752005) can0 324#0000004041000000
(1789541808.752317) can0 33D#0000102000280000
(1789541808.752514) can0 3B7#0000000000008787
(1789541808.752754) can0 491#0000000000000000
(1789541808.851523) can0 33B#0000003F00000000
(1789541808.851742) can0 323#0000000000000000
(1789541808.851999) can0 324#0000004041000000
(1789541808.852244) can0 33D#0000102000280000
(1789541808.852468) can0 3B7#0000000000018687
(1789541808.852728) can0 491#0000000000000000
(1789541808.951517) can0 33B#0000003F00000000
(1789541808.951749) can0 323#0000000000000000
(1789541808.952008) can0 324#0000004041000000
(1789541808.952244) can0 33D#0000102000280000
(1789541808.952473) can0 3B7#0000000000028587
(1789541808.952734) can0 491#0000000000000000
(1789541809.051617) can0 33B#0000003F00000000
(1789541809.051837) can0 323#0000000000000000
(1789541809.052082) can0 324#0000004041000000
(1789541809.052359) can0 33D#0000102000280000
(1789541809.052598) can0 3B7#0000000000038487
(1789541809.052803) can0 491#0000000000000000
(1789541809.151682) can0 33B#0000003F00000000
(1789541809.151918) can0 323#0000000000000000
(1789541809.152162) can0 324#0000004041000000
(1789541809.152411) can0 33D#0000102000280000
(1789541809.152652) can0 3B7#0000000000048387
(1789541809.152894) can0 491#0000000000000000
(1789541809.251610) can0 33B#0000003F00000000
(1789541809.251825) can0 323#0000000000001D65
(1789541809.252068) can0 324#0000004041000000
(1789541809.252313) can0 33D#0000102000280000
(1789541809.252562) can0 3B7#0000000000058287
(1789541809.252820) can0 491#0000000000000000
(1789541809.351614) can0 33B#0000003F00000000
(1789541809.351749) can0 323#0000000000001D65
(1789541809.352007) can0 324#0000004041000000
(1789541809.352247) can0 33D#0000102000280000
(1789541809.352477) can0 3B7#0000000000068187
(1789541809.352746) can0 491#0000000000000000
(1789541809.451538) can0 33B#0000003F00000000
(1789541809.451763) can0 323#0000000000001D65
(1789541809.451993) can0 324#0000004041000000
(1789541809.452243) can0 33D#0000102000280000
(1789541809.452489) can0 3B7#0000000000078087
(1789541809.452758) can0 491#0000000000000000
(1789541809.551622) can0 33B#0000003F00000000
(1789541809.551820) can0 323#0000000000001D65
(1789541809.552081) can0 324#0000004041000000
(1789541809.552331) can0 33D#0000102000280000
(1789541809.552571) can0 3B7#0000000000088F87
(1789541809.552818) can0 491#0000000000000000
(1789541809.651591) can0 33B#0000003F00000000
(1789541809.651801) can0 323#0000000000001D65
(1789541809.652065) can0 324#0000004041000000
(1789541809.652314) can0 33D#0000102000280000
(1789541809.652561) can0 3B7#0000000000098E87
(1789541809.652798) can0 491#0000000000000000
(1789541809.751556) can0 33B#0000003F00000000
(1789541809.751774) can0 323#0000000000001FAD
(1789541809.752012) can0 324#0000004041000000
(1789541809.752259) can0 33D#0000102000280000
(1789541809.752499) can0 3B7#00000000000A8D87
(1789541809.752742) can0 491#0000000000000000
(1789541809.851617) can0 33B#0000003F00000000
(1789541809.851843) can0 323#0000000000001FAD
(1789541809.852091) can0 324#0000004041000000
(1789541809.852342) can0 33D#0000102000280000
(1789541809.852588) can0 3B7#00000000000B8C87
(1789541809.852841) can0 491#0000000000000000
(1789541809.951570) can0 33B#0000003F00000000
(1789541809.951761) can0 323#0000000000001FAD
(1789541809.952018) can0 324#0000004041000000
(1789541809.952266) can0 33D#0000102000280000
(1789541809.952506) can0 3B7#00000000000C8B87
(1789541809.952758) can0 491#0000000000000000
(1789541810.051582) can0 33B#0000003F00000000
(1789541810.051802) can0 323#0000000000001FAD
(1789541810.052048) can0 324#0000004041000000
(1789541810.052307) can0 33D#0000102000280000
(1789541810.052539) can0 3B7#00000000000D8A87
(1789541810.052797) can0 491#0000000000000000
(1789541810.151610) can0 33B#0000003F00000000
(1789541810.151826) can0 323#0000000000001FAD
(1789541810.152075) can0 324#0000004041000000
(1789541810.152314) can0 33D#0000102000280000
(1789541810.152561) can0 3B7#00000000000E8987
(1789541810.152801) can0 491#0000000000000000
(1789541810.251571) can0 33B#0000003F00000000
(1789541810.251790) can0 323#0000000000000000
(1789541810.252027) can0 324#0000004041000000
(1789541810.252278) can0 33D#0000102000280000
(1789541810.252515) can0 3B7#00000000000F8887
(1789541810.252769) can0 491#0000000000000000
(1789541810.351632) can0 33B#0000003F00000000
(1789541810.351852) can0 323#0000000000000000
(1789541810.352091) can0 324#0000004041000000
(1789541810.352338) can0 33D#0000102000280000
(1789541810.352587) can0 3B7#0000000000008787
(1789541810.352847) can0 491#0000000000000000
(1789541810.451571) can0 33B#0000003F00000000
(1789541810.451796) can0 323#0000000000000000
(1789541810.452076) can0 324#0000004041000000
(1789541810.452296) can0 33D#0000102000280000
(1789541810.452542) can0 3B7#0000000000018687
(1789541810.452779) can0 491#0000000000000000
(1789541810.551589) can0 33B#0000003F00000000
(1789541810.551784) can0 323#0000000000000000
(1789541810.552042) can0 324#0000004041000000
(1789541810.552292) can0 33D#0000102000280000
(1789541810.552558) can0 3B7#0000000000028587
(1789541810.552778) can0 491#0000000000000000
(1789541810.651628) can0 33B#0000003F00000000
(1789541810.651851) can0 323#0000000000000000
(1789541810.652092) can0 324#0000004041000000
(1789541810.652332) can0 33D#0000102000280000
(1789541810.652581) can0 3B7#0000000000038487
(1789541810.652821) can0 491#0000000000000000
(1789541810.751615) can0 33B#0000003F00000000
(1789541810.751809) can0 323#0000000000001D65
(1789541810.752039) can0 324#0000004041000000
(1789541810.752287) can0 33D#0000102000280000
(1789541810.752584) can0 3B7#0000000000048387
(1789541810.752769) can0 491#0000000000000000
(1789541810.851624) can0 33B#0000003F00000000
(1789541810.851790) can0 323#0000000000001D65
(1789541810.852040) can0 324#0000004041000000
(1789541810.852278) can0 33D#0000102000280000
(1789541810.852597) can0 3B7#0000000000058287
(1789541810.852788) can0 491#0000000000000000
(1789541810.951664) can0 33B#0000003F00000000
(1789541810.951876) can0 323#0000000000001D65
(1789541810.952121) can0 324#0000004041000000
(1789541810.952364) can0 33D#0000102000280000
(1789541810.952610) can0 3B7#0000000000068187
(1789541810.952847) can0 491#0000000000000000
(1789541811.051677) can0 33B#0000003F00000000
(1789541811.051892) can0 323#0000000000001D65
(1789541811.052127) can0 324#0000004041000000
(1789541811.052377) can0 33D#0000102000280000
(1789541811.052623) can0 3B7#0000000000078087
(1789541811.052862) can0 491#0000000000000000
(1789541811.151767) can0 33B#0000003F00000000
(1789541811.151980) can0 323#0000000000001D65
(1789541811.152219) can0 324#0000004041000000
(1789541811.152486) can0 33D#0000102000280000
(1789541811.152735) can0 3B7#0000000000088F87
(1789541811.152965) can0 491#0000000000000000
(1789541811.251687) can0 33B#0000003F00000000
(1789541811.251893) can0 323#0000000000001FAD
(1789541811.252150) can0 324#0000004041000000
(1789541811.252376) can0 33D#0000102000280000
(1789541811.252652) can0 3B7#0000000000098E87
(1789541811.252883) can0 491#0000000000000000
(1789541811.351599) can0 33B#0000003F00000000
(1789541811.351818) can0 323#0000000000001FAD
(1789541811.352049) can0 324#0000004041000000
(1789541811.352310) can0 33D#0000102000280000
(1789541811.352538) can0 3B7#00000000000A8D87
(1789541811.352805) can0 491#0000000000000000
(1789541811.451709) can0 33B#0000003F00000000
(1789541811.451895) can0 323#0000000000001FAD
(1789541811.452130) can0 324#0000004041000000
(1789541811.452364) can0 33D#0000102000280000
(1789541811.452684) can0 3B7#00000000000B8C87
(1789541811.452854) can0 491#0000000000000000
(1789541811.551726) can0 33B#0000003F00000000
(1789541811.551899) can0 323#0000000000001FAD
(1789541811.552133) can0 324#0000004041000000
(1789541811.552400) can0 33D#0000102000280000
(1789541811.552693) can0 3B7#00000000000C8B87
(1789541811.552882) can0 491#0000000000000000
(1789541811.651735) can0 33B#0000003F00000000
(1789541811.651901) can0 323#0000000000001FAD
(1789541811.652137) can0 324#0000004041000000
(1789541811.652384) can0 33D#0000102000280000
(1789541811.652627) can0 3B7#00000000000D8A87
(1789541811.652868) can0 491#0000000000000000
(1789541811.751620) can0 33B#0000003F00000000
(1789541811.751841) can0 323#0000000000000000
(1789541811.752076) can0 324#0000004041000000
(1789541811.752316) can0 33D#0000102000280000
(1789541811.752593) can0 3B7#00000000000E8987
(1789541811.752814) can0 491#0000000000000000
(1789541811.851685) can0 33B#0000003F00000000
(1789541811.851908) can0 323#0000000000000000
(1789541811.852152) can0 324#0000004041000000
(1789541811.852391) can0 33D#0000102000280000
(1789541811.852643) can0 3B7#00000000000F8887
(1789541811.852885) can0 491#0000000000000000
(1789541811.951629) can0 33B#0000003F00000000
(1789541811.951855) can0 323#0000000000000000
(1789541811.952079) can0 324#0000004041000000
(1789541811.952351) can0 33D#0000102000280000
(1789541811.952592) can0 3B7#0000000000008787
(1789541811.952848) can0 491#0000000000000000
(1789541812.051622) can0 33B#0000003F00000000
(1789541812.051839) can0 323#0000000000000000
(1789541812.052104) can0 324#0000004041000000
(1789541812.052341) can0 33D#0000102000280000
(1789541812.052577) can0 3B7#0000000000018687
(1789541812.052832) can0 491#0000000000000000
(1789541812.151802) can0 33B#0000003F00000000
(1789541812.151958) can0 323#0000000000000000
(1789541812.152202) can0 324#0000004041000000
(1789541812.152445) can0 33D#0000102000280000
(1789541812.152693) can0 3B7#0000000000028587
(1789541812.152947) can0 491#0000000000000000
(1789541812.251636) can0 33B#0000003F00000000
(1789541812.251831) can0 323#0000000000001D65
(1789541812.252092) can0 324#0000004041000000
(1789541812.252329) can0 33D#0000102000280000
(1789541812.252573) can0 3B7#0000000000038487
(1789541812.252836) can0 491#0000000000000000
(1789541812.351666) can0 33B#0000003F00000000
(1789541812.351864) can0 323#0000000000001D65
(1789541812.352125) can0 324#0000004041000000
(1789541812.352366) can0 33D#0000102000280000
(1789541812.352615) can0 3B7#0000000000048387
(1789541812.352862) can0 491#0000000000000000
(1789541812.451725) can0 33B#0000003F00000000
(1789541812.451923) can0 323#0000000000001D65
(1789541812.452193) can0 324#0000004041000000
(1789541812.452426) can0 33D#0000102000280000
(1789541812.452660) can0 3B7#0000000000058287
(1789541812.452916) can0 491#0000000000000000
(1789541812.551664) can0 33B#0000003F00000000
(1789541812.551872) can0 323#0000000000001D65
(1789541812.552138) can0 324#0000004041000000
(1789541812.552370) can0 33D#0000102000280000
(1789541812.552614) can0 3B7#0000000000068187
(1789541812.552861) can0 491#0000000000000000
(1789541812.651688) can0 33B#0000003F00000000
(1789541812.651916) can0 323#0000000000001D65
(1789541812.652151) can0 324#0000004041000000
(1789541812.652384) can0 33D#0000102000280000
(1789541812.652639) can0 3B7#0000000000078087
(1789541812.652902) can0 491#0000000000000000
(1789541812.751651) can0 33B#0000003F00000000
(1789541812.751860) can0 323#0000000000001FAD
(1789541812.752102) can0 324#0000004041000000
(1789541812.752357) can0 33D#0000102000280000
(1789541812.752602) can0 3B7#0000000000088F87
(1789541812.752854) can0 491#0000000000000000
(1789541812.851644) can0 33B#0000003F00000000
(1789541812.851870) can0 323#0000000000001FAD
(1789541812.852115) can0 324#0000004041000000
(1789541812.852365) can0 33D#0000102000280000
(1789541812.852614) can0 3B7#0000000000098E87
(1789541812.852864) can0 491#0000000000000000
(1789541812.951661) can0 33B#0000003F00000000
(1789541812.951889) can0 323#0000000000001FAD
(1789541812.952129) can0 324#0000004041000000
(1789541812.952359) can0 33D#0000102000280000
(1789541812.952604) can0 3B7#00000000000A8D87
(1789541812.952876) can0 491#0000000000000000
(1789541813.051710) can0 33B#0000003F00000000
(1789541813.051937) can0 323#0000000000001FAD
(1789541813.052171) can0 324#0000004041000000
(1789541813.052431) can0 33D#0000102000280000
(1789541813.052658) can0 3B7#00000000000B8C87
(1789541813.052917) can0 491#0000000000000000
(1789541813.151808) can0 33B#0000003F00000000
(1789541813.152028) can0 323#0000000000001FAD
(1789541813.152279) can0 324#0000004041000000
(1789541813.152528) can0 33D#0000102000280000
(1789541813.152752) can0 3B7#00000000000C8B87
(1789541813.153029) can0 491#0000000000000000
(1789541813.251738) can0 33B#0000003F00000000
(1789541813.251956) can0 323#0000000000000000
(1789541813.252197) can0 324#0000004041000000
(1789541813.252446) can0 33D#0000102000280000
(1789541813.252687) can0 3B7#00000000000D8A87
(1789541813.252936) can0 491#0000000000000000
(1789541813.351664) can0 33B#0000003F00000000
(1789541813.351931) can0 323#0000000000000000
(1789541813.352134) can0 324#0000004041000000
(1789541813.352386) can0 33D#0000102000280000
(1789541813.352624) can0 3B7#00000000000E8987
(1789541813.352927) can0 491#0000000000000000
(1789541813.451731) can0 33B#0000003F00000000
(1789541813.451943) can0 323#0000000000000000
(1789541813.452193) can0 324#0000004041000000
(1789541813.452443) can0 33D#0000102000280000
(1789541813.452674) can0 3B7#00000000000F8887
(1789541813.452940) can0 491#0000000000000000
(1789541813.551759) can0 33B#0000003F00000000
(1789541813.551957) can0 323#0000000000000000
(1789541813.552132) can0 324#0000004041000000
(1789541813.552377) can0 33D#0000102000280000
(1789541813.552641) can0 3B7#0000000000008787
(1789541813.552878) can0 491#0000000000000000
(1789541813.651746) can0 33B#0000003F00000000
(1789541813.651972) can0 323#0000000000000000
(1789541813.652204) can0 324#0000004041000000
(1789541813.652444) can0 33D#0000102000280000
(1789541813.652694) can0 3B7#0000000000018687
(1789541813.652969) can0 491#0000000000000000
(1789541813.751681) can0 33B#0000003F00000000
(1789541813.751898) can0 323#0000000000001D65
(1789541813.752152) can0 324#0000004041000000
(1789541813.752384) can0 33D#0000102000280000
(1789541813.752629) can0 3B7#0000000000028587
(1789541813.752876) can0 491#0000000000000000
(1789541813.851759) can0 33B#0000003F00000000
(1789541813.852011) can0 323#0000000000001D65
(1789541813.852212) can0 324#0000004041000000
(1789541813.852451) can0 33D#0000102000280000
(1789541813.852690) can0 3B7#0000000000038487
(1789541813.852996) can0 491#0000000000000000
(1789541813.951706) can0 33B#0000003F00000000
(1789541813.951929) can0 323#0000000000001D65
(1789541813.952154) can0 324#0000004041000000
(1789541813.952434) can0 33D#0000102000280000
(1789541813.952660) can0 3B7#0000000000048387
(1789541813.952896) can0 491#0000000000000000
(1789541814.051753) can0 33B#0000003F00000000
(1789541814.052037) can0 323#0000000000001D65
(1789541814.052209) can0 324#0000004041000000
(1789541814.052444) can0 33D#0000102000280000
(1789541814.052713) can0 3B7#0000000000058287
(1789541814.053021) can0 491#0000000000000000
(1789541814.151743) can0 33B#0000003F00000000
(1789541814.151943) can0 323#0000000000001D65
(1789541814.152180) can0 324#0000004041000000
(1789541814.152451) can0 33D#0000102000280000
(1789541814.152687) can0 3B7#0000000000068187
(1789541814.152946) can0 491#0000000000000000
(1789541814.251714) can0 33B#0000003F00000000
(1789541814.251939) can0 323#0000000000001FAD
(1789541814.252175) can0 324#0000004041000000
(1789541814.252423) can0 33D#0000102000280000
(1789541814.252675) can0 3B7#0000000000078087
(1789541814.252905) can0 491#0000000000000000
(1789541814.351701) can0 33B#0000003F00000000
(1789541814.351914) can0 323#0000000000001FAD
(1789541814.352158) can0 324#0000004041000000
(1789541814.352408) can0 33D#0000102000280000
(1789541814.352641) can0 3B7#0000000000088F87
(1789541814.352909) can0 491#0000000000000000
(1789541814.451704) can0 33B#0000003F00000000
(1789541814.451923) can0 323#0000000000001FAD
(1789541814.452171) can0 324#0000004041000000
(1789541814.452403) can0 33D#0000102000280000
(1789541814.452655) can0 3B7#0000000000098E87
(1789541814.452896) can0 491#0000000000000000
(1789541814.551772) can0 33B#0000003F00000000
(1789541814.551917) can0 323#0000000000001FAD
(1789541814.552173) can0 324#0000004041000000
(1789541814.552407) can0 33D#0000102000280000
(1789541814.552648) can0 3B7#00000000000A8D87
(1789541814.552887) can0 491#0000000000000000
(1789541814.651756) can0 33B#0000003F00000000
(1789541814.651990) can0 323#0000000000001FAD
(1789541814.652215) can0 324#0000004041000000
(1789541814.652451) can0 33D#0000102000280000
(1789541814.652704) can0 3B7#00000000000B8C87
(1789541814.652937) can0 491#0000000000000000
(1789541814.751716) can0 33B#0000003F00000000
(1789541814.751920) can0 323#0000000000000000
(1789541814.752165) can0 324#0000004041000000
(1789541814.752428) can0 33D#0000102000280000
(1789541814.752653) can0 3B7#00000000000C8B87
(1789541814.752921) can0 491#0000000000000000
(1789541814.851758) can0 33B#0000003F00000000
(1789541814.851997) can0 323#0000000000000000
(1789541814.852236) can0 324#0000004041000000
(1789541814.852476) can0 33D#0000102000280000
(1789541814.852730) can0 3B7#00000000000D8A87
(1789541814.852974) can0 491#0000000000000000
(1789541814.951795) can0 33B#0000003F00000000
(1789541814.952026) can0 323#0000000000000000
(1789541814.952264) can0 324#0000004041000000
(1789541814.952490) can0 33D#0000102000280000
(1789541814.952746) can0 3B7#00000000000E8987
(1789541814.952987) can0 491#0000000000000000
(1789541815.051721) can0 33B#0000003F00000000
(1789541815.051937) can0 323#0000000000000000
(1789541815.052184) can0 324#0000004041000000
(1789541815.052425) can0 33D#0000102000280000
(1789541815.052682) can0 3B7#00000000000F8887
(1789541815.052916) can0 491#0000000000000000
(1789541815.151900) can0 33B#0000003F00000000
(1789541815.152168) can0 323#0000000000000000
(1789541815.152364) can0 324#0000004041000000
(1789541815.152603) can0 33D#0000102000280000
(1789541815.152849) can0 3B7#0000000000008787
(1789541815.153166) can0 491#0000000000000000
(1789541815.251729) can0 33B#0000003F00000000
(1789541815.251953) can0 323#0000000000001D65
(1789541815.252189) can0 324#0000004041000000
(1789541815.252451) can0 33D#0000102000280000
(1789541815.252682) can0 3B7#0000000000018687
(1789541815.252938) can0 491#0000000000000000
(1789541815.351736) can0 33B#0000003F00000000
(1789541815.351951) can0 323#0000000000001D65
(1789541815.352212) can0 324#0000004041000000
(1789541815.352439) can0 33D#0000102000280000
(1789541815.352681) can0 3B7#0000000000028587
(1789541815.352932) can0 491#0000000000000000
(1789541815.451793) can0 33B#0000003F00000000
(1789541815.452006) can0 323#0000000000001D65
(1789541815.452245) can0 324#0000004041000000
(1789541815.452501) can0 33D#0000102000280000
(1789541815.452737) can0 3B7#0000000000038487
(1789541815.452990) can0 491#0000000000000000
(1789541815.551753) can0 33B#0000003F00000000
(1789541815.551986) can0 323#0000000000001D65
(1789541815.552223) can0 324#0000004041000000
(1789541815.552455) can0 33D#0000102000280000
(1789541815.552712) can0 3B7#0000000000048387
(1789541815.552944) can0 491#0000000000000000
(1789541815.651844) can0 33B#0000003F00000000
(1789541815.652046) can0 323#0000000000001D65
(1789541815.652311) can0 324#0000004041000000
(1789541815.652549) can0 33D#0000102000280000
(1789541815.652800) can0 3B7#0000000000058287
(1789541815.653045) can0 491#0000000000000000
(1789541815.751797) can0 33B#0000003F00000000
(1789541815.752013) can0 323#0000000000001FAD
(1789541815.752256) can0 324#0000004041000000
(1789541815.752498) can0 33D#0000102000280000
(1789541815.752747) can0 3B7#0000000000068187
(1789541815.752998) can0 491#0000000000000000
(1789541815.851735) can0 33B#0000003F00000000
(1789541815.851947) can0 323#0000000000001FAD
(1789541815.852258) can0 324#0000004041000000
(1789541815.852454) can0 33D#0000102000280000
(1789541815.852675) can0 3B7#0000000000078087
(1789541815.852942) can0 491#0000000000000000
(1789541824.025322) can0 33B#6400007C00000000
(1789541824.025395) can0 323#0000000000000000
(1789541824.025646) can0 324#0000002828000000
(1789541824.025890) can0 33D#0000102000180000
(1789541824.026131) can0 3B7#0000000000018687
(1789541824.026382) can0 491#0000000000000000
(1789541824.125141) can0 33B#6400006500000000
(1789541824.125364) can0 323#0000000000000000
(1789541824.125595) can0 324#0000002851000000
(1789541824.125828) can0 33D#0000102000180000
(1789541824.126083) can0 3B7#0000000000028587
(1789541824.126355) can0 491#0000000000000000
(1789541824.225174) can0 33B#6400005300000000
(1789541824.225381) can0 323#0000000000000000
(1789541824.225597) can0 324#0000002F51000000
(1789541824.225859) can0 33D#0000102000180000
(1789541824.226100) can0 3B7#0000000000038487
(1789541824.226373) can0 491#0000000000000000
(1789541824.325157) can0 33B#6400004B00000000
(1789541824.325383) can0 323#0000000000000000
(1789541824.325602) can0 324#0000002F4B000000
(1789541824.325841) can0 33D#0000102000180000
(1789541824.326087) can0 3B7#0000000000048387
(1789541824.326388) can0 491#0000000000000000
(1789541824.416893) can0 29C#2800000000000000
(1789541824.416970) can0 33F#0000000028000000
(1789541824.417004) can0 394#0036000010370011
(1789541824.417122) can0 396#3B6D4E2800454545
(1789541824.417391) can0 39A#003602000FC00000
(1789541824.417653) can0 39B#3C3A820000000084
(1789541824.425239) can0 33B#6400004400000000
(1789541824.425417) can0 323#0000000000000000
(1789541824.425644) can0 324#0000002F4B000000
(1789541824.425893) can0 33D#0000102000180000
(1789541824.426143) can0 3B7#0000000000058287
(1789541824.426457) can0 491#0000000000000000
(1789541824.466829) can0 297#0121E040FFFF8000
(1789541824.466863) can0 29B#BB967002FD100000
(1789541824.516867) can0 297#0121E040FFFF8101
(1789541824.516903) can0 29B#BB967002FD100000
(1789541824.516981) can0 29C#2800000000000000
(1789541824.517072) can0 33F#0000000028000000
(1789541824.517310) can0 394#0036000010370110
(1789541824.517553) can0 396#3B6D4E2800454545
(1789541824.517791) can0 39A#003602001F800000
(1789541824.518036) can0 39B#3C3A820000000480
(1789541824.525063) can0 33B#6400004200000000
(1789541824.525311) can0 323#0000000000001D65
(1789541824.525544) can0 324#000000354B000000
(1789541824.525783) can0 33D#0000102000180000
(1789541824.526033) can0 3B7#0000000000068187
(1789541824.526292) can0 491#0000000000000000
(1789541824.566830) can0 297#0121E040FFFF8202
(1789541824.566866) can0 29B#BB967002FD100000
(1789541824.616872) can0 297#0121E040FFFF8303
(1789541824.616950) can0 29B#BB967002FD100000
(1789541824.617025) can0 29C#2800000000000000
(1789541824.617080) can0 33F#0000000028000000
(1789541824.617330) can0 394#0036000010370213
(1789541824.617574) can0 396#3B6D4E2800454545
(1789541824.617814) can0 39A#003602002F400000
(1789541824.618059) can0 39B#3C3A82000000088C
(1789541824.625072) can0 33B#6400004100000000
(1789541824.625308) can0 323#0000000000001D65
(1789541824.625547) can0 324#0000003547000000
(1789541824.625797) can0 33D#0000102000180000
(1789541824.626046) can0 3B7#0000000000078087
(1789541824.626280) can0 491#0000000000000000
(1789541824.666847) can0 297#0121E040FFFF8404
(1789541824.666899) can0 29B#BB967002FD100000
(1789541824.716872) can0 297#0121E040FFFF8505
(1789541824.716907) can0 29B#BB967002FD100000
(1789541824.716985) can0 29C#2800000000000000
(1789541824.717071) can0 33F#0000000028000000
(1789541824.717307) can0 394#0036000010370312
(1789541824.717566) can0 396#3B6D4E2800454545
(1789541824.717801) can0 39A#003602003F000000
(1789541824.718048) can0 39B#3C3A820000000C88
(1789541824.725093) can0 33B#0000004000000000
(1789541824.725319) can0 323#0000000000001D65
(1789541824.725545) can0 324#0000003547000000
(1789541824.725808) can0 33D#0000102000180000
(1789541824.726058) can0 3B7#0000000000088F87
(1789541824.726288) can0 491#0000000000000000
(1789541824.766829) can0 297#0121E040FFFF8606
(1789541824.766881) can0 29B#BB967002FD100000
(1789541824.816871) can0 297#0121E040FFFF8707
(1789541824.816900) can0 29B#BB967002FD100000
(1789541824.816981) can0 29C#2800000000000000
(1789541824.817068) can0 33F#0000000028000000
(1789541824.817329) can0 394#0036000010370415
(1789541824.817564) can0 396#3B6D4E2800454545
(1789541824.817801) can0 39A#003602004EC00000
(1789541824.818051) can0 39B#3C3A820000001094
(1789541824.825098) can0 33B#0000003F00000000
(1789541824.825330) can0 323#0000000000001D65
(1789541824.825570) can0 324#0000003847000000
(1789541824.825829) can0 33D#0000102000180000
(1789541824.826060) can0 3B7#0000000000098E87
(1789541824.826330) can0 491#0000000000000000
(1789541824.866830) can0 297#0121E040FFFF8808
(1789541824.866874) can0 29B#BB967002FD100000
(1789541824.916841) can0 297#0121E040FFFF8909
(1789541824.916871) can0 29B#BB967002FD100000
(1789541824.916946) can0 29C#2800000000000000
(1789541824.917053) can0 33F#0000000028000000
(1789541824.917285) can0 394#0036000010370514
(1789541824.917527) can0 396#3B6D4E2800454545
(1789541824.917775) can0 39A#003602005E800000
(1789541824.918015) can0 39B#3C3A820000001490
(1789541824.925157) can0 33B#0000003F00000000
(1789541824.925359) can0 323#0000000000001D65
(1789541824.925596) can0 324#0000003844000000
(1789541824.925838) can0 33D#0000102000180000
(1789541824.926094) can0 3B7#00000000000A8D87
(1789541824.926337) can0 491#0000000000000000
(1789541824.966815) can0 297#0101E040FFFF8A2A
(1789541824.966877) can0 29B#BB967002FD100000
(1789541825.016869) can0 297#0101E040FFFF8B2B
(1789541825.016895) can0 29B#BB967002FD100000
(1789541825.016975) can0 29C#2800000000000000
(1789541825.017053) can0 33F#0000000028000000
(1789541825.017281) can0 394#0036000010370617
(1789541825.017530) can0 396#3B6D4E2800454545
(1789541825.017772) can0 39A#003602006E400000
(1789541825.018023) can0 39B#3C3A82000000189C
(1789541825.025113) can0 33B#0000003F00000000
(1789541825.025348) can0 323#0000000000001D83
(1789541825.025588) can0 324#0000003844000000
(1789541825.025825) can0 33D#0000102000180000
(1789541825.026071) can0 3B7#00000000000B8C87
(1789541825.026328) can0 491#0000000000000000
(1789541825.066838) can0 297#0101E040FFFF8C2C
(1789541825.066865) can0 29B#BB967002FD100000
(1789541825.116866) can0 297#0101E040FFFF8D2D
(1789541825.116947) can0 29B#BB967002FD100000
(1789541825.116972) can0 29C#2800000000000000
(1789541825.117080) can0 33F#0000000028000040
(1789541825.117312) can0 394#0036000010370716
(1789541825.117569) can0 396#3B6D4E2800454545
(1789541825.117801) can0 39A#003602007E000000
(1789541825.118061) can0 39B#3C3A820000001C98
(1789541825.125109) can0 33B#0000003F00000000
(1789541825.125341) can0 323#0000000000001D83
(1789541825.125584) can0 324#0000003B44000000
(1789541825.125839) can0 33D#0000102000180000
(1789541825.126068) can0 3B7#00000000000C8B87
(1789541825.126306) can0 491#0000000000000000
(1789541825.166825) can0 297#0101E040FFFF8E2E
(1789541825.166860) can0 29B#BB967002FD100000
(1789541825.216831) can0 297#0101E040FFFF8F2F
(1789541825.216941) can0 29B#BB967002FD100000
(1789541825.216973) can0 29C#2800000000000000
(1789541825.217053) can0 33F#0000000028000040
(1789541825.217285) can0 394#0036000010370819
(1789541825.217532) can0 396#3B6D4E2800454545
(1789541825.217771) can0 39A#003602008DC00000
(1789541825.218019) can0 39B#3C3A8200000020A4
(1789541825.225207) can0 33B#0000003F00000000
(1789541825.225508) can0 323#0000000000001D83
(1789541825.225692) can0 324#0000003B42000000
(1789541825.225927) can0 33D#0000102000180000
(1789541825.226165) can0 3B7#00000000000D8A87
(1789541825.226414) can0 491#0000000000000000
(1789541825.266822) can0 297#0101E040FFFF8020
(1789541825.266886) can0 29B#BB967002FD100000
(1789541825.316825) can0 297#0101E040FFFF8121
(1789541825.316902) can0 29B#BB967002FD100000
(1789541825.316981) can0 29C#2800000000000000
(1789541825.317064) can0 33F#0000000028000040
(1789541825.317291) can0 394#0036000010370918
(1789541825.317543) can0 396#3B6D4E2800454545
(1789541825.317782) can0 39A#003602009D800000
(1789541825.318033) can0 39B#3C3A8200000024A0
(1789541825.325112) can0 33B#0000003F00000000
(1789541825.325359) can0 323#0000000000001D83
(1789541825.325589) can0 324#0000003B42000000
(1789541825.325833) can0 33D#0000102000180000
(1789541825.326073) can0 3B7#00000000000E8987
(1789541825.326327) can0 491#0000000000000000
(1789541825.366833) can0 297#0101E040FFFF8222
(1789541825.366875) can0 29B#BB967002FD100000
(1789541825.416879) can0 297#0101E040FFFF8323
(1789541825.416952) can0 29B#BB967002FD100000
(1789541825.416990) can0 29C#2800000000000000
(1789541825.417084) can0 33F#0000000028000040
(1789541825.417330) can0 394#0036000010370A1B
(1789541825.417584) can0 396#3B6D4E2800454545
(1789541825.417822) can0 39A#00360200AD400000
(1789541825.418067) can0 39B#3C3A8200000028AC
(1789541825.425148) can0 33B#0000003F00000000
(1789541825.425378) can0 323#0000000000001D83
(1789541825.425627) can0 324#0000003C42000000
(1789541825.425875) can0 33D#0000102000180000
(1789541825.426108) can0 3B7#00000000000F8887
(1789541825.426350) can0 491#0000000000000000
(1789541825.466843) can0 297#0101E040FFFF8424
(1789541825.466881) can0 29B#BB967002FD100000
(1789541825.516861) can0 297#0101E040FFFF8525
(1789541825.516897) can0 29B#BB967002FD100000
(1789541825.516976) can0 29C#2800000000000000
(1789541825.517060) can0 33F#0000000028000040
(1789541825.517288) can0 394#0036000010370B1A
(1789541825.517533) can0 396#3B6D4E2800454545
(1789541825.517786) can0 39A#00360200BD000000
(1789541825.518040) can0 39B#3C3A820000002CA8
(1789541825.525132) can0 33B#0000003F00000000
(1789541825.525355) can0 323#0000000000000000
(1789541825.525595) can0 324#0000003C41000000
(1789541825.525844) can0 33D#0000102000180000
(1789541825.526084) can0 3B7#0000000000008787
(1789541825.526328) can0 491#0000000000000000
(1789541825.566821) can0 297#0101E040FFFF8626
(1789541825.566872) can0 29B#BB967002FD100000
(1789541825.616875) can0 297#0101E040FFFF8727
(1789541825.616912) can0 29B#BB967002FD100000
(1789541825.616989) can0 29C#2800000000000000
(1789541825.617068) can0 33F#0000000028000040
(1789541825.617311) can0 394#0036000010370C1D
(1789541825.617557) can0 396#3B6D4E2800454545
(1789541825.617800) can0 39A#00360200CCC00000
(1789541825.618052) can0 39B#3C3A8200000030B4
(1789541825.625132) can0 33B#0000003F00000000
(1789541825.625360) can0 323#0000000000000000
(1789541825.625597) can0 324#0000003C41000000
(1789541825.625846) can0 33D#0000102000180000
(1789541825.626091) can0 3B7#0000000000018687
(1789541825.626328) can0 491#0000000000000000
(1789541825.666825) can0 297#0101E040FFFF8828
(1789541825.666861) can0 29B#BB967002FD100000
(1789541825.716854) can0 297#0101E040FFFF8929
(1789541825.716932) can0 29B#BB967002FD100000
(1789541825.716974) can0 29C#2800000000000000
(1789541825.717069) can0 33F#0000000028000040
(1789541825.717317) can0 394#0036000010370D1C
(1789541825.717577) can0 396#3B6D4E2800454545
(1789541825.717801) can0 39A#00360200DC800000
(1789541825.718050) can0 39B#3C3A8200000034B0
(1789541825.725203) can0 33B#0000003F00000000
(1789541825.725443) can0 323#0000000000000000
(1789541825.725689) can0 324#0000003D41000000
(1789541825.725942) can0 33D#0000102000180000
(1789541825.726161) can0 3B7#0000000000028587
(1789541825.726423) can0 491#0000000000000000
(1789541825.766831) can0 297#0101E040FFFF8A2A
(1789541825.766876) can0 29B#BB967002FD100000
(1789541825.816859) can0 297#0101E040FFFF8B2B
(1789541825.816897) can0 29B#BB967002FD100000
(1789541825.816977) can0 29C#2800000000000000
(1789541825.817072) can0 33F#0000000028000040
(1789541825.817329) can0 394#0036000010370E1F
(1789541825.817578) can0 396#3B6D4E2800454545
(1789541825.817807) can0 39A#00360200EC400000
(1789541825.818053) can0 39B#3C3A8200000038BC
(1789541825.825130) can0 33B#0000003F00000000
(1789541825.825367) can0 323#0000000000000000
(1789541825.825607) can0 324#0000003D40000000
(1789541825.825855) can0 33D#0000102000180000
(1789541825.826099) can0 3B7#0000000000038487
(1789541825.826339) can0 491#0000000000000000
(1789541825.866839) can0 297#0101E040FFFF8C2C
(1789541825.866886) can0 29B#BB967002FD100000
(1789541825.916902) can0 297#0101E040FFFF8D2D
(1789541825.916935) can0 29B#BB967002FD100000
(1789541825.917014) can0 29C#2800000000000000
(1789541825.917083) can0 33F#0000000028000040
(1789541825.917322) can0 394#0036000010370F1E
(1789541825.917588) can0 396#3B6D4E2800454545
(1789541825.917817) can0 39A#00360200FC000000
(1789541825.918062) can0 39B#3C3A820000003CB8
(1789541825.925364) can0 33B#0000003F00000000
(1789541825.925611) can0 323#0000000000000000
(1789541825.925860) can0 324#0000003D40000000
(1789541825.926100) can0 33D#0000102000180000
(1789541825.926345) can0 3B7#0000000000048387
(1789541825.926592) can0 491#0000000000000000
(1789541825.966855) can0 297#0101E040FFFF8E2E
(1789541825.966898) can0 29B#BB967002FD100000
(1789541826.016816) can0 297#0101E040FFFF8F2F
(1789541826.016929) can0 29B#BB967002FD100000
(1789541826.016982) can0 29C#2800000000000000
(1789541826.017055) can0 33F#0000000028000040
(1789541826.017285) can0 394#0036000010370011
(1789541826.017527) can0 396#3B6D4E2800454545
(1789541826.017781) can0 39A#003602000BC00000
(1789541826.018015) can0 39B#3C3A820000000084
(1789541826.025146) can0 33B#0000003F00000000
(1789541826.025374) can0 323#0000000000001D65
(1789541826.025613) can0 324#0000003E40000000
(1789541826.025864) can0 33D#0000102000180000
(1789541826.026107) can0 3B7#0000000000058287
(1789541826.026364) can0 491#0000000000000000
(1789541826.066878) can0 297#0101E040FFFF8020
(1789541826.066922) can0 29B#BB967002FD100000
(1789541826.116827) can0 297#0101E040FFFF8121
(1789541826.116912) can0 29B#BB967002FD100000
(1789541826.116989) can0 29C#2800000000000000
(1789541826.117073) can0 33F#0000000028000040
(1789541826.117301) can0 394#0036000010370110
(1789541826.117539) can0 396#3B6D4E2800454545
(1789541826.117783) can0 39A#003602001B800000
(1789541826.118038) can0 39B#3C3A820000000480
(1789541826.125247) can0 33B#0000003F00000000
(1789541826.125452) can0 323#0000000000001D65
(1789541826.125697) can0 324#0000003E40000000
(1789541826.125946) can0 33D#0000102000180000
(1789541826.126189) can0 3B7#0000000000068187
(1789541826.126430) can0 491#0000000000000000
(1789541826.166842) can0 297#0101E040FFFF8222
(1789541826.166884) can0 29B#BB967002FD100000
(1789541826.216831) can0 297#0101E040FFFF8323
(1789541826.216942) can0 29B#BB967002FD100000
(1789541826.217020) can0 29C#2800000000000000
(1789541826.217057) can0 33F#0000000028000040
(1789541826.217293) can0 394#0036000010370213
(1789541826.217546) can0 396#3B6D4E2800454545
(1789541826.217788) can0 39A#003602002B400000
(1789541826.218026) can0 39B#3C3A82000000088C
(1789541826.225145) can0 33B#0000003F00000000
(1789541826.225383) can0 323#0000000000001D65
(1789541826.225639) can0 324#0000003E40000000
(1789541826.225873) can0 33D#0000102000180000
(1789541826.226109) can0 3B7#0000000000078087
(1789541826.226355) can0 491#0000000000000000
(1789541826.266825) can0 297#0101E040FFFF8424
(1789541826.266870) can0 29B#BB967002FD100000
(1789541826.316832) can0 297#0101E040FFFF8525
(1789541826.316909) can0 29B#BB967002FD100000
(1789541826.316941) can0 29C#2800000000000000
(1789541826.317073) can0 33F#0000000028000040
(1789541826.317294) can0 394#0036000010370312
(1789541826.317537) can0 396#3B6D4E2800454545
(1789541826.317784) can0 39A#003602003B000000
(1789541826.318021) can0 39B#3C3A820000000C88
(1789541826.325158) can0 33B#0000003F00000000
(1789541826.325385) can0 323#0000000000001D65
(1789541826.325652) can0 324#0000003F40000000
(1789541826.325882) can0 33D#0000102000180000
(1789541826.326120) can0 3B7#0000000000088F87
(1789541826.326377) can0 491#0000000000000000
(1789541826.366849) can0 297#0101E040FFFF8626
(1789541826.366899) can0 29B#BB967002FD100000
(1789541826.416870) can0 297#0101E040FFFF8727
(1789541826.416898) can0 29B#BB967002FD100000
(1789541826.416978) can0 29C#2800000000000000
(1789541826.417074) can0 33F#0000000028000040
(1789541826.417308) can0 394#0036000010370415
(1789541826.417552) can0 396#3B6D4E2800454545
(1789541826.417792) can0 39A#003602004AC00000
(1789541826.418035) can0 39B#3C3A820000001094
(1789541826.425184) can0 33B#0000003F00000000
(1789541826.425416) can0 323#0000000000001D65
(1789541826.425660) can0 324#0000003F40000000
(1789541826.425916) can0 33D#0000102000180000
(1789541826.426150) can0 3B7#0000000000098E87
(1789541826.426423) can0 491#0000000000000000
(1789541826.466836) can0 297#0101E040FFFF8828
(1789541826.466885) can0 29B#BB967002FD100000
(1789541826.516901) can0 297#0101E040FFFF8929
(1789541826.516924) can0 29B#BB967002FD100000
(1789541826.517003) can0 29C#2800000000000000
(1789541826.517081) can0 33F#0000000028000040
(1789541826.517337) can0 394#0036000010370514
(1789541826.517578) can0 396#3B6D4E2800454545
(1789541826.517816) can0 39A#003602005A800000
(1789541826.518058) can0 39B#3C3A820000001490
(1789541826.525144) can0 33B#0000003F00000000
(1789541826.525373) can0 323#0000000000000000
(1789541826.525678) can0 324#0000003F40000000
(1789541826.525876) can0 33D#0000102000180000
(1789541826.526106) can0 3B7#00000000000A8D87
(1789541826.526369) can0 491#0000000000000000
(1789541826.566837) can0 297#0101E040FFFF8A2A
(1789541826.566904) can0 29B#BB967002FD100000
(1789541826.616865) can0 297#0101E040FFFF8B2B
(1789541826.616943) can0 29B#BB967002FD100000
(1789541826.616978) can0 29C#2800000000000000
(1789541826.617075) can0 33F#0000000028000040
(1789541826.617324) can0 394#0036000010370617
(1789541826.617561) can0 396#3B6D4E2800454545
(1789541826.617807) can0 39A#003602006A400000
(1789541826.618062) can0 39B#3C3A82000000189C
(1789541826.625215) can0 33B#0000003F00000000
(1789541826.625476) can0 323#0000000000000000
(1789541826.625713) can0 324#0000003F40000000
(1789541826.625961) can0 33D#0000102000180000
(1789541826.626184) can0 3B7#00000000000B8C87
(1789541826.626445) can0 491#0000000000000000
(1789541826.666830) can0 297#0101E040FFFF8C2C
(1789541826.666886) can0 29B#BB967002FD100000
(1789541826.716874) can0 297#0101E040FFFF8D2D
(1789541826.716950) can0 29B#BB967002FD100000
(1789541826.716987) can0 29C#2800000000000000
(1789541826.717092) can0 33F#0000000028000040
(1789541826.717336) can0 394#0036000010370716
(1789541826.717582) can0 396#3B6D4E2800454545
(1789541826.717820) can0 39A#003602007A000000
(1789541826.718060) can0 39B#3C3A820000001C98
(1789541826.725180) can0 33B#0000003F00000000
(1789541826.725414) can0 323#0000000000000000
(1789541826.725697) can0 324#0000003F40000000
(1789541826.725893) can0 33D#0000102000180000
(1789541826.726146) can0 3B7#00000000000C8B87
(1789541826.726383) can0 491#0000000000000000
(1789541826.766844) can0 297#0101E040FFFF8E2E
(1789541826.766876) can0 29B#BB967002FD100000
(1789541826.816866) can0 297#0101E040FFFF8F2F
(1789541826.816905) can0 29B#BB967002FD100000
(1789541826.816982) can0 29C#2800000000000000
(1789541826.817081) can0 33F#0000000028000040
(1789541826.817335) can0 394#0036000010370819
(1789541826.817567) can0 396#3B6D4E2800454545
(1789541826.817818) can0 39A#0036020089C00000
(1789541826.818068) can0 39B#3C3A8200000020A4
(1789541826.825226) can0 33B#0000003F00000000
(1789541826.825463) can0 323#0000000000000000
(1789541826.825712) can0 324#0000003F41000000
(1789541826.825959) can0 33D#0000102000180000
(1789541826.826196) can0 3B7#00000000000D8A87
(1789541826.826462) can0 491#0000000000000000
(1789541826.866842) can0 297#0101E040FFFF8020
(1789541826.866888) can0 29B#BB967002FD100000
(1789541826.916863) can0 297#0101E040FFFF8121
(1789541826.916903) can0 29B#BB967002FD100000
(1789541826.916983) can0 29C#2800000000000000
(1789541826.917064) can0 33F#0000000028000040
(1789541826.917300) can0 394#0036000010370918
(1789541826.917544) can0 396#3B6D4E2800454545
(1789541826.917790) can0 39A#0036020099800000
(1789541826.918041) can0 39B#3C3A8200000024A0
(1789541826.925251) can0 33B#0000003F00000000
(1789541826.925488) can0 323#0000000000000000
(1789541826.925752) can0 324#0000003F41000000
(1789541826.925972) can0 33D#0000102000180000
(1789541826.926226) can0 3B7#00000000000E8987
(1789541826.926475) can0 491#0000000000000000
(1789541826.966840) can0 297#0101E040FFFF8222
(1789541826.966886) can0 29B#BB967002FD100000
(1789541827.016868) can0 297#0101E040FFFF8323
(1789541827.016906) can0 29B#BB967002FD100000
(1789541827.016986) can0 29C#2800000000000000
(1789541827.017080) can0 33F#0000000028000040
(1789541827.017306) can0 394#0036000010370A1B
(1789541827.017547) can0 396#3B6D4E2800454545
(1789541827.017799) can0 39A#00360200A9400000
(1789541827.018038) can0 39B#3C3A8200000028AC
(1789541827.025176) can0 33B#0000003F00000000
(1789541827.025391) can0 323#0000000000001D65
(1789541827.025653) can0 324#0000003F41000000
(1789541827.025893) can0 33D#0000102000280000
(1789541827.026141) can0 3B7#00000000000F8887
(1789541827.026384) can0 491#0000000000000000
(1789541827.066843) can0 297#0101E040FFFF8424
(1789541827.066879) can0 29B#BB967002FD100000
(1789541827.116876) can0 297#0101E040FFFF8525
(1789541827.116912) can0 29B#BB967002FD100000
(1789541827.116992) can0 29C#2800000000000000
(1789541827.117076) can0 33F#0000000028000040
(1789541827.117305) can0 394#0036000010370B1A
(1789541827.117547) can0 396#3B6D4E2800454545
(1789541827.117790) can0 39A#00360200B9000000
(1789541827.118040) can0 39B#3C3A820000002CA8
(1789541827.125187) can0 33B#0000003F00000000
(1789541827.125423) can0 323#0000000000001D65
(1789541827.125662) can0 324#0000003F41000000
(1789541827.125916) can0 33D#0000102000280000
(1789541827.126153) can0 3B7#0000000000008787
(1789541827.126423) can0 491#0000000000000000
(1789541827.166841) can0 297#0101E040FFFF8626
(1789541827.166890) can0 29B#BB967002FD100000
(1789541827.216891) can0 297#0101E040FFFF8727
(1789541827.216929) can0 29B#BB967002FD100000
(1789541827.217010) can0 29C#2800000000000000
(1789541827.217097) can0 33F#0000000028000040
(1789541827.217344) can0 394#0036000010370C1D
(1789541827.217590) can0 396#3B6D4E2800454545
(1789541827.217836) can0 39A#00360200C8C00000
(1789541827.218077) can0 39B#3C3A8200000030B4
(1789541827.225174) can0 33B#0000003F00000000
(1789541827.225388) can0 323#0000000000001D65
(1789541827.225650) can0 324#0000003F41000000
(1789541827.225900) can0 33D#0000102000280000
(1789541827.226140) can0 3B7#0000000000018687
(1789541827.226436) can0 491#0000000000000000
(1789541827.266854) can0 297#0101E040FFFF8828
(1789541827.266909) can0 29B#BB967002FD100000
(1789541827.316860) can0 297#0101E040FFFF8929
(1789541827.316937) can0 29B#BB967002FD100000
(1789541827.316977) can0 29C#2800000000000000
(1789541827.317101) can0 33F#0000000028000040
(1789541827.317325) can0 394#0036000010370D1C
(1789541827.317572) can0 396#3B6D4E2800454545
(1789541827.317816) can0 39A#00360200D8800000
(1789541827.318064) can0 39B#3C3A8200000034B0
(1789541827.325187) can0 33B#0000003F00000000
(1789541827.325414) can0 323#0000000000001D65
(1789541827.325653) can0 324#0000003F41000000
(1789541827.325900) can0 33D#0000102000280000
(1789541827.326153) can0 3B7#0000000000028587
(1789541827.326408) can0 491#0000000000000000
(1789541827.366870) can0 297#0101E040FFFF8A2A
(1789541827.366921) can0 29B#BB967002FD100000
(1789541827.416911) can0 297#0101E040FFFF8B2B
(1789541827.416989) can0 29B#BB967002FD100000
(1789541827.417033) can0 29C#2800000000000000
(1789541827.417133) can0 33F#0000000028000040
(1789541827.417386) can0 394#0036000010370E1F
(1789541827.417618) can0 396#3B6D4E2800454545
(1789541827.417866) can0 39A#00360200E8400000
(1789541827.418110) can0 39B#3C3A8200000038BC
(1789541827.425289) can0 33B#0000003F00000000
(1789541827.425497) can0 323#0000000000001D65
(1789541827.425789) can0 324#0000003F41000000
(1789541827.425995) can0 33D#0000102000280000
(1789541827.426246) can0 3B7#0000000000038487
(1789541827.426485) can0 491#0000000000000000
(1789541827.466894) can0 297#0101E040FFFF8C2C
(1789541827.466940) can0 29B#BB967002FD100000
(1789541827.516882) can0 297#0101E040FFFF8D2D
(1789541827.516959) can0 29B#BB967002FD100000
(1789541827.517039) can0 29C#2800000000000000
(1789541827.517122) can0 33F#0000000028000040
(1789541827.517353) can0 394#0036000010370F1E
(1789541827.517598) can0 396#3B6D4E2800454545
(1789541827.517842) can0 39A#00360200F8000000
(1789541827.518089) can0 39B#3C3A820000003CB8
(1789541827.525283) can0 33B#0000003F00000000
(1789541827.525493) can0 323#0000000000001FAD
(1789541827.525804) can0 324#0000003F41000000
(1789541827.525986) can0 33D#0000102000280000
(1789541827.526225) can0 3B7#0000000000048387
(1789541827.526472) can0 491#0000000000000000
(1789541827.566812) can0 297#0101E040FFFF8E2E
(1789541827.566905) can0 29B#BB967002FD100000
(1789541827.616820) can0 297#0101E040FFFF8F2F
(1789541827.616976) can0 29B#BB967002FD100000
(1789541827.617024) can0 29C#2800000000000000
(1789541827.617100) can0 33F#0000000028000040
(1789541827.617300) can0 394#0036000010370011
(1789541827.617540) can0 396#3B6D4E2800454545
(1789541827.617822) can0 39A#0036020007C00000
(1789541827.618021) can0 39B#3C3A820000000084
(1789541827.625200) can0 33B#0000003F00000000
(1789541827.625417) can0 323#0000000000001FAD
(1789541827.625679) can0 324#0000003F41000000
(1789541827.625919) can0 33D#0000102000280000
(1789541827.626165) can0 3B7#0000000000058287
(1789541827.626418) can0 491#0000000000000000
(1789541827.666841) can0 297#0101E040FFFF8020
(1789541827.666925) can0 29B#BB967002FD100000
(1789541827.716829) can0 297#0101E040FFFF8121
(1789541827.716952) can0 29B#BB967002FD100000
(1789541827.717029) can0 29C#2800000000000000
(1789541827.717072) can0 33F#0000000028000040
(1789541827.717301) can0 394#0036000010370110
(1789541827.717550) can0 396#3B6D4E2800454545
(1789541827.717827) can0 39A#0036020017800000
(1789541827.718023) can0 39B#3C3A820000000480
(1789541827.725198) can0 33B#0000003F00000000
(1789541827.725409) can0 323#0000000000001FAD
(1789541827.725677) can0 324#0000003F41000000
(1789541827.725927) can0 33D#0000102000280000
(1789541827.726147) can0 3B7#0000000000068187
(1789541827.726417) can0 491#0000000000000000
(1789541827.766838) can0 297#0101E040FFFF8222
(1789541827.766932) can0 29B#BB967002FD100000
(1789541827.816841) can0 297#0101E040FFFF8323
(1789541827.816921) can0 29B#BB967002FD100000
(1789541827.816962) can0 29C#2800000000000000
(1789541827.817089) can0 33F#0000000028000040
(1789541827.817293) can0 394#0036000010370213
(1789541827.817539) can0 396#3B6D4E2800454545
(1789541827.817844) can0 39A#0036020027400000
(1789541827.818028) can0 39B#3C3A82000000088C
(1789541827.825262) can0 33B#0000003F00000000
(1789541827.825501) can0 323#0000000000001FAD
(1789541827.825739) can0 324#0000003F41000000
(1789541827.825990) can0 33D#0000102000280000
(1789541827.826230) can0 3B7#0000000000078087
(1789541827.826480) can0 491#0000000000000000
(1789541827.866850) can0 297#0101E040FFFF8424
(1789541827.866894) can0 29B#BB967002FD100000
(1789541827.916855) can0 297#0101E040FFFF8525
(1789541827.916935) can0 29B#BB967002FD100000
(1789541827.916974) can0 29C#2800000000000000
(1789541827.917100) can0 33F#0000000028000040
(1789541827.917291) can0 394#0036000010370312
(1789541827.917559) can0 396#3B6D4E2800454545
(1789541827.917853) can0 39A#0036020037000000
(1789541827.918050) can0 39B#3C3A820000000C88
(1789541827.925323) can0 33B#0000003F00000000
(1789541827.925553) can0 323#0000000000001FAD
(1789541827.925855) can0 324#0000003F41000000
(1789541827.926052) can0 33D#0000102000280000
(1789541827.926302) can0 3B7#0000000000088F87
(1789541827.926543) can0 491#0000000000000000
(1789541827.966863) can0 297#0101E040FFFF8626
(1789541827.966915) can0 29B#BB967002FD100000
(1789541828.016906) can0 297#0101E040FFFF8727
(1789541828.016946) can0 29B#BB967002FD100000
(1789541828.016985) can0 29C#2800000000000000
(1789541828.017115) can0 33F#0000000028000040
(1789541828.017339) can0 394#0036000010370415
(1789541828.017570) can0 396#3B6D4E2800454545
(1789541828.017866) can0 39A#0036020046C00000
(1789541828.018053) can0 39B#3C3A820000001094
(1789541828.025200) can0 33B#0000003F00000000
(1789541828.025427) can0 323#0000000000000000
(1789541828.025686) can0 324#0000003F41000000
(1789541828.025926) can0 33D#0000102000280000
(1789541828.026177) can0 3B7#0000000000098E87
(1789541828.026421) can0 491#0000000000000000
(1789541828.066878) can0 297#0101E040FFFF8828
(1789541828.066921) can0 29B#BB967002FD100000
(1789541828.116884) can0 297#0101E040FFFF8929
(1789541828.117009) can0 29B#BB967002FD100000
(1789541828.117038) can0 29C#2800000000000000
(1789541828.117083) can0 33F#0000000028000040
(1789541828.117288) can0 394#0036000010370514
(1789541828.117537) can0 396#3B6D4E2800454545
(1789541828.117777) can0 39A#0036020056800000
(1789541828.118034) can0 39B#3C3A820000001490
(1789541828.125272) can0 33B#0000003F00000000
(1789541828.125510) can0 323#0000000000000000
(1789541828.125759) can0 324#0000003F41000000
(1789541828.126011) can0 33D#0000102000280000
(1789541828.126243) can0 3B7#00000000000A8D87
(1789541828.126496) can0 491#0000000000000000
(1789541828.166889) can0 297#0101E040FFFF8A2A
(1789541828.166946) can0 29B#BB967002FD100000
(1789541828.216851) can0 297#0101E040FFFF8B2B
(1789541828.216930) can0 29B#BB967002FD100000
(1789541828.216972) can0 29C#2800000000000000
(1789541828.217087) can0 33F#0000000028000040
(1789541828.217296) can0 394#0036000010370617
(1789541828.217538) can0 396#3B6D4E2800454545
(1789541828.217778) can0 39A#0036020066400000
(1789541828.218029) can0 39B#3C3A82000000189C
(1789541828.225203) can0 33B#0000003F00000000
(1789541828.225440) can0 323#0000000000000000
(1789541828.225675) can0 324#0000003F41000000
(1789541828.225937) can0 33D#0000102000280000
(1789541828.226165) can0 3B7#00000000000B8C87
(1789541828.226424) can0 491#0000000000000000
(1789541828.266829) can0 297#0101E040FFFF8C2C
(1789541828.266904) can0 29B#BB967002FD100000
(1789541828.316807) can0 297#0101E040FFFF8D2D
(1789541828.316905) can0 29B#BB967002FD100000
(1789541828.316984) can0 29C#2800000000000000
(1789541828.317064) can0 33F#0000000028000040
(1789541828.317281) can0 394#0036000010370716
(1789541828.317516) can0 396#3B6D4E2800454545
(1789541828.317755) can0 39A#0036020076000000
(1789541828.318002) can0 39B#3C3A820000001C98
(1789541828.325218) can0 33B#0000003F00000000
(1789541828.325446) can0 323#0000000000000000
(1789541828.325685) can0 324#0000003F41000000
(1789541828.325937) can0 33D#0000102000280000
(1789541828.326179) can0 3B7#00000000000C8B87
(1789541828.326419) can0 491#0000000000000000
(1789541828.366828) can0 297#0101E040FFFF8E2E
(1789541828.366913) can0 29B#BB967002FD100000
(1789541828.416850) can0 297#0101E040FFFF8F2F
(1789541828.416918) can0 29B#BB967002FD100000
(1789541828.416997) can0 29C#2800000000000000
(1789541828.417078) can0 33F#0000000028000040
(1789541828.417276) can0 394#0036000010370819
(1789541828.417516) can0 396#3B6D4E2800454545
(1789541828.417765) can0 39A#0036020085C00000
(1789541828.418016) can0 39B#3C3A8200000020A4
(1789541828.425280) can0 33B#0000003F00000000
(1789541828.425480) can0 323#0000000000000000
(1789541828.425728) can0 324#0000003F41000000
(1789541828.425978) can0 33D#0000102000280000
(1789541828.426218) can0 3B7#00000000000D8A87
(1789541828.426460) can0 491#0000000000000000
(1789541828.466814) can0 297#0101E040FFFF8020
(1789541828.466849) can0 29B#BB967002FD100000
(1789541828.516804) can0 297#0101E040FFFF8121
(1789541828.516929) can0 29B#BB967002FD100000
(1789541828.517010) can0 29C#2800000000000000
(1789541828.517052) can0 33F#0000000028000040
(1789541828.517283) can0 394#0036000010370918
(1789541828.517529) can0 396#3B6D4E2800454545
(1789541828.517782) can0 39A#0036020095800000
(1789541828.518025) can0 39B#3C3A8200000024A0
(1789541828.525272) can0 33B#0000003F00000000
(1789541828.525511) can0 323#0000000000001D65
(1789541828.525746) can0 324#0000003F41000000
(1789541828.525999) can0 33D#0000102000280000
(1789541828.526233) can0 3B7#00000000000E8987
(1789541828.526509) can0 491#0000000000000000
(1789541828.566828) can0 297#0101E040FFFF8222
(1789541828.566863) can0 29B#BB967002FD100000
(1789541828.616867) can0 297#0101E040FFFF8323
(1789541828.616985) can0 29B#BB967002FD100000
(1789541828.617064) can0 29C#2800000000000000
(1789541828.617106) can0 33F#0000000028000040
(1789541828.617324) can0 394#0036000010370A1B
(1789541828.617576) can0 396#3B6D4E2800454545
(1789541828.617808) can0 39A#00360200A5400000
(1789541828.618055) can0 39B#3C3A8200000028AC
(1789541828.625221) can0 33B#0000003F00000000
(1789541828.625448) can0 323#0000000000001D65
(1789541828.625700) can0 324#0000003F41000000
(1789541828.625947) can0 33D#0000102000280000
(1789541828.626184) can0 3B7#00000000000F8887
(1789541828.626435) can0 491#0000000000000000
(1789541828.666832) can0 297#0101E040FFFF8424
(1789541828.666878) can0 29B#BB967002FD100000
(1789541828.716858) can0 297#0101E040FFFF8525
(1789541828.716959) can0 29B#BB967002FD100000
(1789541828.717039) can0 29C#2800000000000000
(1789541828.717117) can0 33F#0000000028000040
(1789541828.717290) can0 394#0036000010370B1A
(1789541828.717542) can0 396#3B6D4E2800454545
(1789541828.717788) can0 39A#00360200B5000000
(1789541828.718028) can0 39B#3C3A820000002CA8
(1789541828.725225) can0 33B#0000003F00000000
(1789541828.725445) can0 323#0000000000001D65
(1789541828.725694) can0 324#0000004041000000
(1789541828.725963) can0 33D#0000102000280000
(1789541828.726184) can0 3B7#0000000000008787
(1789541828.726445) can0 491#0000000000000000
(1789541828.766844) can0 297#0101E040FFFF8626
(1789541828.766887) can0 29B#BB967002FD100000
(1789541828.816854) can0 297#0101E040FFFF8727
(1789541828.816975) can0 29B#BB967002FD100000
(1789541828.817053) can0 29C#2800000000000000
(1789541828.817096) can0 33F#0000000028000040
(1789541828.817325) can0 394#0036000010370C1D
(1789541828.817573) can0 396#3B6D4E2800454545
(1789541828.817823) can0 39A#00360200C4C00000
(1789541828.818076) can0 39B#3C3A8200000030B4
(1789541828.825213) can0 33B#0000003F00000000
(1789541828.825449) can0 323#0000000000001D65
(1789541828.825701) can0 324#0000004041000000
(1789541828.825975) can0 33D#0000102000280000
(1789541828.826197) can0 3B7#0000000000018687
(1789541828.826447) can0 491#0000000000000000
(1789541828.866841) can0 297#0101E040FFFF8828
(1789541828.866896) can0 29B#BB967002FD100000
(1789541828.916856) can0 297#0101E040FFFF8929
(1789541828.916893) can0 29B#BB967002FD100000
(1789541828.917022) can0 29C#2800000000000000
(1789541828.917101) can0 33F#0000000028000040
(1789541828.917295) can0 394#0036000010370D1C
(1789541828.917534) can0 396#3B6D4E2800454545
(1789541828.917778) can0 39A#00360200D4800000
(1789541828.918025) can0 39B#3C3A8200000034B0
(1789541828.925336) can0 33B#0000003F00000000
(1789541828.925560) can0 323#0000000000001D65
(1789541828.925809) can0 324#0000004041000000
(1789541828.926056) can0 33D#0000102000280000
(1789541828.926299) can0 3B7#0000000000028587
(1789541828.926537) can0 491#0000000000000000
(1789541828.966845) can0 297#0101E040FFFF8A2A
(1789541828.966891) can0 29B#BB967002FD100000
(1789541829.016858) can0 297#0101E040FFFF8B2B
(1789541829.016934) can0 29B#BB967002FD100000
(1789541829.017035) can0 29C#2800000000000000
(1789541829.017114) can0 33F#0000000028000040
(1789541829.017319) can0 394#0036000010370E1F
(1789541829.017566) can0 396#3B6D4E2800454545
(1789541829.017812) can0 39A#00360200E4400000
(1789541829.018058) can0 39B#3C3A8200000038BC
(1789541829.025237) can0 33B#0000003F00000000
(1789541829.025475) can0 323#0000000000001FAD
(1789541829.025724) can0 324#0000004041000000
(1789541829.026000) can0 33D#0000102000280000
(1789541829.026197) can0 3B7#0000000000038487
(1789541829.026448) can0 491#0000000000000000
(1789541829.066823) can0 297#0101E040FFFF8C2C
(1789541829.066885) can0 29B#BB967002FD100000
(1789541829.116872) can0 297#0101E040FFFF8D2D
(1789541829.116912) can0 29B#BB967002FD100000
(1789541829.117017) can0 29C#2800000000000000
(1789541829.117131) can0 33F#0000000028000040
(1789541829.117324) can0 394#0036000010370F1E
(1789541829.117571) can0 396#3B6D4E2800454545
(1789541829.117815) can0 39A#00360200F4000000
(1789541829.118068) can0 39B#3C3A820000003CB8
(1789541829.125300) can0 33B#0000003F00000000
(1789541829.125524) can0 323#0000000000001FAD
(1789541829.125776) can0 324#0000004041000000
(1789541829.126033) can0 33D#0000102000280000
(1789541829.126263) can0 3B7#0000000000048387
(1789541829.126527) can0 491#0000000000000000
(1789541829.166826) can0 297#0101E040FFFF8E2E
(1789541829.166883) can0 29B#BB967002FD100000
(1789541829.216857) can0 297#0101E040FFFF8F2F
(1789541829.216893) can0 29B#BB967002FD100000
(1789541829.217025) can0 29C#2800000000000000
(1789541829.217102) can0 33F#0000000028000040
(1789541829.217286) can0 394#0036000010370011
(1789541829.217526) can0 396#3B6D4E2800454545
(1789541829.217797) can0 39A#0036020003C00000
(1789541829.218038) can0 39B#3C3A820000000084
(1789541829.225252) can0 33B#0000003F00000000
(1789541829.225458) can0 323#0000000000001FAD
(1789541829.225722) can0 324#0000004041000000
(1789541829.226027) can0 33D#0000102000280000
(1789541829.226204) can0 3B7#0000000000058287
(1789541829.226450) can0 491#0000000000000000
(1789541829.266831) can0 297#0101E040FFFF8020
(1789541829.266899) can0 29B#BB967002FD100000
(1789541829.316859) can0 297#0101E040FFFF8121
(1789541829.316932) can0 29B#BB967002FD100000
(1789541829.316972) can0 29C#2800000000000000
(1789541829.317085) can0 33F#0000000028000040
(1789541829.317312) can0 394#0036000010370110
(1789541829.317550) can0 396#3B6D4E2800454545
(1789541829.317806) can0 39A#0036020013800000
(1789541829.318051) can0 39B#3C3A820000000480
(1789541829.325230) can0 33B#0000003F00000000
(1789541829.325464) can0 323#0000000000001FAD
(1789541829.325714) can0 324#0000004041000000
(1789541829.325953) can0 33D#0000102000280000
(1789541829.326198) can0 3B7#0000000000068187
(1789541829.326447) can0 491#0000000000000000
(1789541829.366826) can0 297#0101E040FFFF8222
(1789541829.366880) can0 29B#BB967002FD100000
(1789541829.416855) can0 297#0101E040FFFF8323
(1789541829.416934) can0 29B#BB967002FD100000
(1789541829.416972) can0 29C#2800000000000000
(1789541829.417087) can0 33F#0000000028000040
(1789541829.417313) can0 394#0036000010370213
(1789541829.417561) can0 396#3B6D4E2800454545
(1789541829.417807) can0 39A#0036020023400000
(1789541829.418053) can0 39B#3C3A82000000088C
(1789541829.425262) can0 33B#0000003F00000000
(1789541829.425491) can0 323#0000000000001FAD
(1789541829.425757) can0 324#0000004041000000
(1789541829.426056) can0 33D#0000102000280000
(1789541829.426247) can0 3B7#0000000000078087
(1789541829.426491) can0 491#0000000000000000
(1789541829.466833) can0 297#0101E040FFFF8424
(1789541829.466892) can0 29B#BB967002FD100000
(1789541829.516852) can0 297#0101E040FFFF8525
(1789541829.516892) can0 29B#BB967002FD100000
(1789541829.516969) can0 29C#2800000000000000
(1789541829.517065) can0 33F#0000000028000040
(1789541829.517315) can0 394#0036000010370312
(1789541829.517568) can0 396#3B6D4E2800454545
(1789541829.517802) can0 39A#0036020033000000
(1789541829.518065) can0 39B#3C3A820000000C88
(1789541829.525310) can0 33B#0000003F00000000
(1789541829.525542) can0 323#0000000000000000
(1789541829.525774) can0 324#0000004041000000
(1789541829.526067) can0 33D#0000102000280000
(1789541829.526292) can0 3B7#0000000000088F87
(1789541829.526523) can0 491#0000000000000000
(1789541829.566828) can0 297#0101E040FFFF8626
(1789541829.566866) can0 29B#BB967002FD100000
(1789541829.616857) can0 297#0101E040FFFF8727
(1789541829.616975) can0 29B#BB967002FD100000
(1789541829.617080) can0 29C#2800000000000000
(1789541829.617121) can0 33F#0000000028000040
(1789541829.617312) can0 394#0036000010370415
(1789541829.617561) can0 396#3B6D4E2800454545
(1789541829.617803) can0 39A#0036020042C00000
(1789541829.618083) can0 39B#3C3A820000001094
(1789541829.625251) can0 33B#0000003F00000000
(1789541829.625479) can0 323#0000000000000000
(1789541829.625728) can0 324#0000004041000000
(1789541829.625969) can0 33D#0000102000280000
(1789541829.626218) can0 3B7#0000000000098E87
(1789541829.626478) can0 491#0000000000000000
(1789541829.666827) can0 297#0101E040FFFF8828
(1789541829.666866) can0 29B#BB967002FD100000
(1789541829.716819) can0 297#0101E040FFFF8929
(1789541829.716896) can0 29B#BB967002FD100000
(1789541829.716976) can0 29C#2800000000000000
(1789541829.717131) can0 33F#0000000028000040
(1789541829.717285) can0 394#0036000010370514
(1789541829.717527) can0 396#3B6D4E2800454545
(1789541829.717775) can0 39A#0036020052800000
(1789541829.718019) can0 39B#3C3A820000001490
(1789541829.725255) can0 33B#0000003F00000000
(1789541829.725491) can0 323#0000000000000000
(1789541829.725728) can0 324#0000004041000000
(1789541829.725971) can0 33D#0000102000280000
(1789541829.726218) can0 3B7#00000000000A8D87
(1789541829.726471) can0 491#0000000000000000
(1789541829.766826) can0 297#0101E040FFFF8A2A
(1789541829.766875) can0 29B#BB967002FD100000
(1789541829.816865) can0 297#0101E040FFFF8B2B
(1789541829.816941) can0 29B#BB967002FD100000
(1789541829.816981) can0 29C#2800000000000000
(1789541829.817105) can0 33F#0000000028000040
(1789541829.817317) can0 394#0036000010370617
(1789541829.817560) can0 396#3B6D4E2800454545
(1789541829.817801) can0 39A#0036020062400000
(1789541829.818111) can0 39B#3C3A82000000189C
(1789541829.825330) can0 33B#0000003F00000000
(1789541829.825555) can0 323#0000000000000000
(1789541829.825803) can0 324#0000004041000000
(1789541829.826107) can0 33D#0000102000280000
(1789541829.826293) can0 3B7#00000000000B8C87
(1789541829.826568) can0 491#0000000000000000
(1789541829.866851) can0 297#0101E040FFFF8C2C
(1789541829.866877) can0 29B#BB967002FD100000
(1789541829.916880) can0 297#0101E040FFFF8D2D
(1789541829.916908) can0 29B#BB967002FD100000
(1789541829.916992) can0 29C#2800000000000000
(1789541829.917119) can0 33F#0000000028000040
(1789541829.917322) can0 394#0036000010370716
(1789541829.917571) can0 396#3B6D4E2800454545
(1789541829.917815) can0 39A#0036020072000000
(1789541829.918134) can0 39B#3C3A820000001C98
(1789541829.925386) can0 33B#0000003F00000000
(1789541829.925607) can0 323#0000000000000000
(1789541829.925877) can0 324#0000004041000000
(1789541829.926123) can0 33D#0000102000280000
(1789541829.926343) can0 3B7#00000000000C8B87
(1789541829.926613) can0 491#0000000000000000
(1789541829.966866) can0 297#0101E040FFFF8E2E
(1789541829.966901) can0 29B#BB967002FD100000
(1789541830.016864) can0 297#0101E040FFFF8F2F
(1789541830.016898) can0 29B#BB967002FD100000
(1789541830.016989) can0 29C#2800000000000000
(1789541830.017138) can0 33F#0000000028000040
(1789541830.017321) can0 394#0036000010370819
(1789541830.017555) can0 396#3B6D4E2800454545
(1789541830.017824) can0 39A#0036020081C00000
(1789541830.018057) can0 39B#3C3A8200000020A4
(1789541830.025255) can0 33B#0000003F00000000
(1789541830.025493) can0 323#0000000000001D65
(1789541830.025732) can0 324#0000004041000000
(1789541830.025987) can0 33D#0000102000280000
(1789541830.026232) can0 3B7#00000000000D8A87
(1789541830.026481) can0 491#0000000000000000
(1789541830.066835) can0 297#0101E040FFFF8020
(1789541830.066902) can0 29B#BB967002FD100000
(1789541830.116838) can0 297#0101E040FFFF8121
(1789541830.116908) can0 29B#BB967002FD100000
(1789541830.116987) can0 29C#2800000000000000
(1789541830.117144) can0 33F#0000000028000040
(1789541830.117309) can0 394#0036000010370918
(1789541830.117544) can0 396#3B6D4E2800454545
(1789541830.117815) can0 39A#0036020091800000
(1789541830.118042) can0 39B#3C3A8200000024A0
(1789541830.125264) can0 33B#0000003F00000000
(1789541830.125500) can0 323#0000000000001D65
(1789541830.125754) can0 324#0000004041000000
(1789541830.125995) can0 33D#0000102000280000
(1789541830.126224) can0 3B7#00000000000E8987
(1789541830.126494) can0 491#0000000000000000
(1789541830.166817) can0 297#0101E040FFFF8222
(1789541830.166858) can0 29B#BB967002FD100000
(1789541830.216857) can0 297#0101E040FFFF8323
(1789541830.216895) can0 29B#BB967002FD100000
(1789541830.216975) can0 29C#2800000000000000
(1789541830.217059) can0 33F#0000000028000040
(1789541830.217313) can0 394#0036000010370A1B
(1789541830.217549) can0 396#3B6D4E2800454545
(1789541830.217794) can0 39A#00360200A1400000
(1789541830.218045) can0 39B#3C3A8200000028AC
(1789541830.225348) can0 33B#0000003F00000000
(1789541830.225574) can0 323#0000000000001D65
(1789541830.225821) can0 324#0000004041000000
(1789541830.226062) can0 33D#0000102000280000
(1789541830.226305) can0 3B7#00000000000F8887
(1789541830.226562) can0 491#0000000000000000
(1789541830.266827) can0 297#0101E040FFFF8424
(1789541830.266861) can0 29B#BB967002FD100000
(1789541830.316822) can0 297#0101E040FFFF8525
(1789541830.316897) can0 29B#BB967002FD100000
(1789541830.316976) can0 29C#2800000000000000
(1789541830.317063) can0 33F#0000000028000040
(1789541830.317296) can0 394#0036000010370B1A
(1789541830.317554) can0 396#3B6D4E2800454545
(1789541830.317796) can0 39A#00360200B1000000
(1789541830.318049) can0 39B#3C3A820000002CA8
(1789541830.325299) can0 33B#0000003F00000000
(1789541830.325503) can0 323#0000000000001D65
(1789541830.325746) can0 324#0000004041000000
(1789541830.325985) can0 33D#0000102000280000
(1789541830.326240) can0 3B7#0000000000008787
(1789541830.326501) can0 491#0000000000000000
(1789541830.366829) can0 297#0101E040FFFF8626
(1789541830.366887) can0 29B#BB967002FD100000
(1789541830.416814) can0 297#0101E040FFFF8727
(1789541830.416897) can0 29B#BB967002FD100000
(1789541830.416933) can0 29C#2800000000000000
(1789541830.417060) can0 33F#0000000028000040
(1789541830.417284) can0 394#0036000010370C1D
(1789541830.417532) can0 396#3B6D4E2800454545
(1789541830.417782) can0 39A#00360200C0C00000
(1789541830.418012) can0 39B#3C3A8200000030B4
(1789541830.425313) can0 33B#0000003F00000000
(1789541830.425539) can0 323#0000000000001D65
(1789541830.425787) can0 324#0000004041000000
(1789541830.426034) can0 33D#0000102000280000
(1789541830.426284) can0 3B7#0000000000018687
(1789541830.426514) can0 491#0000000000000000
(1789541830.466822) can0 297#0101E040FFFF8828
(1789541830.466870) can0 29B#BB967002FD100000
(1789541830.516878) can0 297#0101E040FFFF8929
(1789541830.516950) can0 29B#BB967002FD100000
(1789541830.516982) can0 29C#2800000000000000
(1789541830.517087) can0 33F#0000000028000040
(1789541830.517308) can0 394#0036000010370D1C
(1789541830.517582) can0 396#3B6D4E2800454545
(1789541830.517815) can0 39A#00360200D0800000
(1789541830.518064) can0 39B#3C3A8200000034B0
(1789541830.525290) can0 33B#0000003F00000000
(1789541830.525518) can0 323#0000000000001FAD
(1789541830.525763) can0 324#0000004041000000
(1789541830.526005) can0 33D#0000102000280000
(1789541830.526254) can0 3B7#0000000000028587
(1789541830.526494) can0 491#0000000000000000
(1789541830.566849) can0 297#0101E040FFFF8A2A
(1789541830.566898) can0 29B#BB967002FD100000
(1789541830.616830) can0 297#0101E040FFFF8B2B
(1789541830.616906) can0 29B#BB967002FD100000
(1789541830.616943) can0 29C#2800000000000000
(1789541830.617063) can0 33F#0000000028000040
(1789541830.617298) can0 394#0036000010370E1F
(1789541830.617542) can0 396#3B6D4E2800454545
(1789541830.617783) can0 39A#00360200E0400000
(1789541830.618027) can0 39B#3C3A8200000038BC
(1789541830.625269) can0 33B#0000003F00000000
(1789541830.625503) can0 323#0000000000001FAD
(1789541830.625741) can0 324#0000004041000000
(1789541830.625990) can0 33D#0000102000280000
(1789541830.626234) can0 3B7#0000000000038487
(1789541830.626475) can0 491#0000000000000000
(1789541830.666829) can0 297#0101E040FFFF8C2C
(1789541830.666879) can0 29B#BB967002FD100000
(1789541830.716855) can0 297#0101E040FFFF8D2D
(1789541830.716896) can0 29B#BB967002FD100000
(1789541830.716932) can0 29C#2800000000000000
(1789541830.717050) can0 33F#0000000028000040
(1789541830.717283) can0 394#0036000010370F1E
(1789541830.717532) can0 396#3B6D4E2800454545
(1789541830.717774) can0 39A#00360200F0000000
(1789541830.718017) can0 39B#3C3A820000003CB8
(1789541830.725272) can0 33B#0000003F00000000
(1789541830.725507) can0 323#0000000000001FAD
(1789541830.725768) can0 324#0000004041000000
(1789541830.726005) can0 33D#0000102000280000
(1789541830.726255) can0 3B7#0000000000048387
(1789541830.726496) can0 491#0000000000000000
(1789541830.766820) can0 297#0101E040FFFF8E2E
(1789541830.766878) can0 29B#BB967002FD100000
(1789541830.816848) can0 297#0101E040FFFF8F2F
(1789541830.816928) can0 29B#BB967002FD100000
(1789541830.816965) can0 29C#2800000000000000
(1789541830.817061) can0 33F#0000000028000040
(1789541830.817308) can0 394#0036000010370011
(1789541830.817548) can0 396#3B6D4E2800454545
(1789541830.817796) can0 39A#00360200FFC00000
(1789541830.818042) can0 39B#3C3A820000000084
(1789541830.825352) can0 33B#0000003F00000000
(1789541830.825567) can0 323#0000000000001FAD
(1789541830.825807) can0 324#0000004041000000
(1789541830.826050) can0 33D#0000102000280000
(1789541830.826297) can0 3B7#0000000000058287
(1789541830.826548) can0 491#0000000000000000
(1789541830.866830) can0 297#0101E040FFFF8020
(1789541830.866883) can0 29B#BB967002FD100000
(1789541830.916849) can0 297#0101E040FFFF8121
(1789541830.916889) can0 29B#BB967002FD100000
(1789541830.916967) can0 29C#2800000000000000
(1789541830.917052) can0 33F#0000000028000040
(1789541830.917301) can0 394#0036000010370110
(1789541830.917549) can0 396#3B6D4E2800454545
(1789541830.917790) can0 39A#003602000F800000
(1789541830.918040) can0 39B#3C3A820000000480
(1789541830.925319) can0 33B#0000003F00000000
(1789541830.925542) can0 323#0000000000001FAD
(1789541830.925791) can0 324#0000004041000000
(1789541830.926031) can0 33D#0000102000280000
(1789541830.926283) can0 3B7#0000000000068187
(1789541830.926522) can0 491#0000000000000000
(1789541830.966828) can0 297#0101E040FFFF8222
(1789541830.966886) can0 29B#BB967002FD100000
(1789541831.016847) can0 297#0101E040FFFF8323
(1789541831.016889) can0 29B#BB967002FD100000
(1789541831.016967) can0 29C#2800000000000000
(1789541831.017053) can0 33F#0000000028000040
(1789541831.017282) can0 394#0036000010370213
(1789541831.017526) can0 396#3B6D4E2800454545
(1789541831.017766) can0 39A#003602001F400000
(1789541831.018016) can0 39B#3C3A82000000088C
(1789541831.025294) can0 33B#0000003F00000000
(1789541831.025529) can0 323#0000000000000000
(1789541831.025768) can0 324#0000004041000000
(1789541831.026028) can0 33D#0000102000280000
(1789541831.026265) can0 3B7#0000000000078087
(1789541831.026518) can0 491#0000000000000000
(1789541831.066825) can0 297#0101E040FFFF8424
(1789541831.066865) can0 29B#BB967002FD100000
(1789541831.116862) can0 297#0101E040FFFF8525
(1789541831.116901) can0 29B#BB967002FD100000
(1789541831.116978) can0 29C#2800000000000000
(1789541831.117067) can0 33F#0000000028000040
(1789541831.117296) can0 394#0036000010370312
(1789541831.117540) can0 396#3B6D4E2800454545
(1789541831.117781) can0 39A#003602002F000000
(1789541831.118036) can0 39B#3C3A820000000C88
(1789541831.125294) can0 33B#0000003F00000000
(1789541831.125516) can0 323#0000000000000000
(1789541831.125782) can0 324#0000004041000000
(1789541831.126032) can0 33D#0000102000280000
(1789541831.126278) can0 3B7#0000000000088F87
(1789541831.126515) can0 491#0000000000000000
(1789541831.166823) can0 297#0101E040FFFF8626
(1789541831.166860) can0 29B#BB967002FD100000
(1789541831.216853) can0 297#0101E040FFFF8727
(1789541831.216888) can0 29B#BB967002FD100000
(1789541831.216970) can0 29C#2800000000000000
(1789541831.217047) can0 33F#0000000028000040
(1789541831.217287) can0 394#0036000010370415
(1789541831.217515) can0 396#3B6D4E2800454545
(1789541831.217778) can0 39A#003602003EC00000
(1789541831.218015) can0 39B#3C3A820000001094
(1789541831.225303) can0 33B#0000003F00000000
(1789541831.225545) can0 323#0000000000000000
(1789541831.225775) can0 324#0000004041000000
(1789541831.226024) can0 33D#0000102000280000
(1789541831.226291) can0 3B7#0000000000098E87
(1789541831.226516) can0 491#0000000000000000
(1789541831.266834) can0 297#0101E040FFFF8828
(1789541831.266893) can0 29B#BB967002FD100000
(1789541831.316824) can0 297#0101E040FFFF8929
(1789541831.316940) can0 29B#BB967002FD100000
(1789541831.316945) can0 29C#2800000000000000
(1789541831.317060) can0 33F#0000000028000040
(1789541831.317300) can0 394#0036000010370514
(1789541831.317528) can0 396#3B6D4E2800454545
(1789541831.317775) can0 39A#003602004E800000
(1789541831.318025) can0 39B#3C3A820000001490
(1789541831.325325) can0 33B#0000003F00000000
(1789541831.325529) can0 323#0000000000000000
(1789541831.325788) can0 324#0000004041000000
(1789541831.326026) can0 33D#0000102000280000
(1789541831.326302) can0 3B7#00000000000A8D87
(1789541831.326527) can0 491#0000000000000000
(1789541831.366866) can0 297#0101E040FFFF8A2A
(1789541831.366908) can0 29B#BB967002FD100000
(1789541831.416862) can0 297#0101E040FFFF8B2B
(1789541831.416899) can0 29B#BB967002FD100000
(1789541831.416977) can0 29C#2800000000000000
(1789541831.417073) can0 33F#0000000028000040
(1789541831.417314) can0 394#0036000010370617
(1789541831.417567) can0 396#3B6D4E2800454545
(1789541831.417814) can0 39A#003602005E400000
(1789541831.418051) can0 39B#3C3A82000000189C
(1789541831.425353) can0 33B#0000003F00000000
(1789541831.425571) can0 323#0000000000000000
(1789541831.425819) can0 324#0000004041000000
(1789541831.426070) can0 33D#0000102000280000
(1789541831.426316) can0 3B7#00000000000B8C87
(1789541831.426554) can0 491#0000000000000000
(1789541831.466831) can0 297#0101E040FFFF8C2C
(1789541831.466865) can0 29B#BB967002FD100000
(1789541831.516855) can0 297#0101E040FFFF8D2D
(1789541831.516891) can0 29B#BB967002FD100000
(1789541831.516970) can0 29C#2800000000000000
(1789541831.517061) can0 33F#0000000028000040
(1789541831.517338) can0 394#0036000010370716
(1789541831.517539) can0 396#3B6D4E2800454545
(1789541831.517773) can0 39A#003602006E000000
(1789541831.518026) can0 39B#3C3A820000001C98
(1789541831.525347) can0 33B#0000003F00000000
(1789541831.525528) can0 323#0000000000001D65
(1789541831.525803) can0 324#0000004041000000
(1789541831.526033) can0 33D#0000102000280000
(1789541831.526258) can0 3B7#00000000000C8B87
(1789541831.526517) can0 491#0000000000000000
(1789541831.566820) can0 297#0101E040FFFF8E2E
(1789541831.566855) can0 29B#BB967002FD100000
(1789541831.616848) can0 297#0101E040FFFF8F2F
(1789541831.616885) can0 29B#BB967002FD100000
(1789541831.616924) can0 29C#2800000000000000
(1789541831.617042) can0 33F#0000000028000040
(1789541831.617341) can0 394#0036000010370819
(1789541831.617525) can0 396#3B6D4E2800454545
(1789541831.617778) can0 39A#003602007DC00000
(1789541831.618017) can0 39B#3C3A8200000020A4
(1789541831.625368) can0 33B#0000003F00000000
(1789541831.625531) can0 323#0000000000001D65
(1789541831.625787) can0 324#0000004041000000
(1789541831.626027) can0 33D#0000102000280000
(1789541831.626346) can0 3B7#00000000000D8A87
(1789541831.626521) can0 491#0000000000000000
(1789541831.666832) can0 297#0101E040FFFF8020
(1789541831.666874) can0 29B#BB967002FD100000
(1789541831.716855) can0 297#0101E040FFFF8121
(1789541831.716892) can0 29B#BB967002FD100000
(1789541831.716970) can0 29C#2800000000000000
(1789541831.717052) can0 33F#0000000028000040
(1789541831.717282) can0 394#0036000010370918
(1789541831.717531) can0 396#3B6D4E2800454545
(1789541831.717767) can0 39A#003602008D800000
(1789541831.718025) can0 39B#3C3A8200000024A0
(1789541831.725379) can0 33B#0000003F00000000
(1789541831.725544) can0 323#0000000000001D65
(1789541831.725780) can0 324#0000004041000000
(1789541831.726029) can0 33D#0000102000280000
(1789541831.726271) can0 3B7#00000000000E8987
(1789541831.726514) can0 491#0000000000000000
(1789541831.766823) can0 297#0101E040FFFF8222
(1789541831.766871) can0 29B#BB967002FD100000
(1789541831.816851) can0 297#0101E040FFFF8323
(1789541831.816928) can0 29B#BB967002FD100000
(1789541831.816968) can0 29C#2800000000000000
(1789541831.817047) can0 33F#0000000028000040
(1789541831.817284) can0 394#0036000010370A1B
(1789541831.817525) can0 396#3B6D4E2800454545
(1789541831.817766) can0 39A#003602009D400000
(1789541831.818015) can0 39B#3C3A8200000028AC
(1789541831.825320) can0 33B#0000003F00000000
(1789541831.825538) can0 323#0000000000001D65
(1789541831.825783) can0 324#0000004041000000
(1789541831.826034) can0 33D#0000102000280000
(1789541831.826273) can0 3B7#00000000000F8887
(1789541831.826518) can0 491#0000000000000000
(1789541831.866832) can0 297#0101E040FFFF8424
(1789541831.866878) can0 29B#BB967002FD100000
(1789541831.916832) can0 297#0101E040FFFF8525
(1789541831.916943) can0 29B#BB967002FD100000
(1789541831.916983) can0 29C#2800000000000000
(1789541831.917073) can0 33F#0000000028000040
(1789541831.917298) can0 394#0036000010370B1A
(1789541831.917557) can0 396#3B6D4E2800454545
(1789541831.917798) can0 39A#00360200AD000000
(1789541831.918046) can0 39B#3C3A820000002CA8
(1789541831.925470) can0 33B#0000003F00000000
(1789541831.925718) can0 323#0000000000001D65
(1789541831.925938) can0 324#0000004041000000
(1789541831.926185) can0 33D#0000102000280000
(1789541831.926438) can0 3B7#0000000000008787
(1789541831.926675) can0 491#0000000000000000
(1789541831.966822) can0 297#0101E040FFFF8626
(1789541831.966856) can0 29B#BB967002FD100000
(1789541832.016850) can0 297#0101E040FFFF8727
(1789541832.016886) can0 29B#BB967002FD100000
(1789541832.016998) can0 29C#2800000000000000
(1789541832.017064) can0 33F#0000000028000040
(1789541832.017308) can0 394#0036000010370C1D
(1789541832.017551) can0 396#3B6D4E2800454545
(1789541832.017792) can0 39A#00360200BCC00000
(1789541832.018051) can0 39B#3C3A8200000030B4
(1789541832.025323) can0 33B#0000003F00000000
(1789541832.025545) can0 323#0000000000001FAD
(1789541832.025793) can0 324#0000004041000000
(1789541832.026033) can0 33D#0000102000280000
(1789541832.026273) can0 3B7#0000000000018687
(1789541832.026521) can0 491#0000000000000000
(1789541832.066834) can0 297#0101E040FFFF8828
(1789541832.066883) can0 29B#BB967002FD100000
(1789541832.116852) can0 297#0101E040FFFF8929
(1789541832.116889) can0 29B#BB967002FD100000
(1789541832.116967) can0 29C#2800000000000000
(1789541832.117059) can0 33F#0000000028000040
(1789541832.117284) can0 394#0036000010370D1C
(1789541832.117532) can0 396#3B6D4E2800454545
(1789541832.117777) can0 39A#00360200CC800000
(1789541832.118028) can0 39B#3C3A8200000034B0
(1789541832.125343) can0 33B#0000003F00000000
(1789541832.125549) can0 323#0000000000001FAD
(1789541832.125807) can0 324#0000004041000000
(1789541832.126046) can0 33D#0000102000280000
(1789541832.126296) can0 3B7#0000000000028587
(1789541832.126538) can0 491#0000000000000000
(1789541832.166828) can0 297#0101E040FFFF8A2A
(1789541832.166862) can0 29B#BB967002FD100000
(1789541832.216851) can0 297#0101E040FFFF8B2B
(1789541832.216926) can0 29B#BB967002FD100000
(1789541832.217006) can0 29C#2800000000000000
(1789541832.217056) can0 33F#0000000028000040
(1789541832.217281) can0 394#0036000010370E1F
(1789541832.217529) can0 396#3B6D4E2800454545
(1789541832.217769) can0 39A#00360200DC400000
(1789541832.218029) can0 39B#3C3A8200000038BC
(1789541832.225330) can0 33B#0000003F00000000
(1789541832.225560) can0 323#0000000000001FAD
(1789541832.225801) can0 324#0000004041000000
(1789541832.226060) can0 33D#0000102000280000
(1789541832.226284) can0 3B7#0000000000038487
(1789541832.226557) can0 491#0000000000000000
(1789541832.266821) can0 297#0101E040FFFF8C2C
(1789541832.266873) can0 29B#BB967002FD100000
(1789541832.316809) can0 297#0101E040FFFF8D2D
(1789541832.316884) can0 29B#BB967002FD100000
(1789541832.316964) can0 29C#2800000000000000
(1789541832.317059) can0 33F#0000000028000040
(1789541832.317282) can0 394#0036000010370F1E
(1789541832.317532) can0 396#3B6D4E2800454545
(1789541832.317769) can0 39A#00360200EC000000
(1789541832.318014) can0 39B#3C3A820000003CB8
(1789541832.325454) can0 33B#0000003F00000000
(1789541832.325624) can0 323#0000000000001FAD
(1789541832.325879) can0 324#0000004041000000
(1789541832.326120) can0 33D#0000102000280000
(1789541832.326438) can0 3B7#0000000000048387
(1789541832.326609) can0 491#0000000000000000
(1789541832.366824) can0 297#0101E040FFFF8E2E
(1789541832.366875) can0 29B#BB967002FD100000
(1789541832.416854) can0 297#0101E040FFFF8F2F
(1789541832.416889) can0 29B#BB967002FD100000
(1789541832.417008) can0 29C#2800000000000000
(1789541832.417073) can0 33F#0000000028000040
(1789541832.417309) can0 394#0036000010370011
(1789541832.417561) can0 396#3B6D4E2800454545
(1789541832.417807) can0 39A#00360200FBC00000
(1789541832.418048) can0 39B#3C3A820000000084
(1789541832.425355) can0 33B#0000003F00000000
(1789541832.425587) can0 323#0000000000001FAD
(1789541832.425846) can0 324#0000004041000000
(1789541832.426091) can0 33D#0000102000280000
(1789541832.426336) can0 3B7#0000000000058287
(1789541832.426588) can0 491#0000000000000000
(1789541832.466839) can0 297#0101E040FFFF8020
(1789541832.466880) can0 29B#BB967002FD100000
(1789541832.516860) can0 297#0101E040FFFF8121
(1789541832.516933) can0 29B#BB967002FD100000
(1789541832.516971) can0 29C#2800000000000000
(1789541832.517070) can0 33F#0000000028000040
(1789541832.517318) can0 394#0036000010370110
(1789541832.517559) can0 396#3B6D4E2800454545
(1789541832.517808) can0 39A#003602000B800000
(1789541832.518066) can0 39B#3C3A820000000480
(1789541832.525345) can0 33B#0000003F00000000
(1789541832.525572) can0 323#0000000000000000
(1789541832.525820) can0 324#0000004041000000
(1789541832.526060) can0 33D#0000102000280000
(1789541832.526310) can0 3B7#0000000000068187
(1789541832.526561) can0 491#0000000000000000
(1789541832.566822) can0 297#0101E040FFFF8222
(1789541832.566856) can0 29B#BB967002FD100000
(1789541832.616868) can0 297#0101E040FFFF8323
(1789541832.616939) can0 29B#BB967002FD100000
(1789541832.616981) can0 29C#2800000000000000
(1789541832.617071) can0 33F#0000000028000040
(1789541832.617332) can0 394#0036000010370213
(1789541832.617580) can0 396#3B6D4E2800454545
(1789541832.617825) can0 39A#003602001B400000
(1789541832.618055) can0 39B#3C3A82000000088C
(1789541832.625349) can0 33B#0000003F00000000
(1789541832.625585) can0 323#0000000000000000
(1789541832.625824) can0 324#0000004041000000
(1789541832.626073) can0 33D#0000102000280000
(1789541832.626323) can0 3B7#0000000000078087
(1789541832.626555) can0 491#0000000000000000
(1789541832.666834) can0 297#0101E040FFFF8424
(1789541832.666877) can0 29B#BB967002FD100000
(1789541832.716885) can0 297#0101E040FFFF8525
(1789541832.716957) can0 29B#BB967002FD100000
(1789541832.716999) can0 29C#2800000000000000
(1789541832.717097) can0 33F#0000000028000040
(1789541832.717345) can0 394#0036000010370312
(1789541832.717585) can0 396#3B6D4E2800454545
(1789541832.717844) can0 39A#003602002B000000
(1789541832.718093) can0 39B#3C3A820000000C88
(1789541832.725344) can0 33B#0000003F00000000
(1789541832.725560) can0 323#0000000000000000
(1789541832.725810) can0 324#0000004041000000
(1789541832.726070) can0 33D#0000102000280000
(1789541832.726311) can0 3B7#0000000000088F87
(1789541832.726558) can0 491#0000000000000000
(1789541832.766831) can0 297#0101E040FFFF8626
(1789541832.766870) can0 29B#BB967002FD100000
(1789541832.816853) can0 297#0101E040FFFF8727
(1789541832.816929) can0 29B#BB967002FD100000
(1789541832.817006) can0 29C#2800000000000000
(1789541832.817064) can0 33F#0000000028000040
(1789541832.817308) can0 394#0036000010370415
(1789541832.817558) can0 396#3B6D4E2800454545
(1789541832.817799) can0 39A#003602003AC00000
(1789541832.818038) can0 39B#3C3A820000001094
(1789541832.825363) can0 33B#0000003F00000000
(1789541832.825582) can0 323#0000000000000000
(1789541832.825830) can0 324#0000004041000000
(1789541832.826073) can0 33D#0000102000280000
(1789541832.826313) can0 3B7#0000000000098E87
(1789541832.826561) can0 491#0000000000000000
(1789541832.866827) can0 297#0101E040FFFF8828
(1789541832.866883) can0 29B#BB967002FD100000
(1789541832.916869) can0 297#0101E040FFFF8929
(1789541832.916953) can0 29B#BB967002FD100000
(1789541832.916984) can0 29C#2800000000000000
(1789541832.917088) can0 33F#0000000028000040
(1789541832.917373) can0 394#0036000010370514
(1789541832.917574) can0 396#3B6D4E2800454545
(1789541832.917814) can0 39A#003602004A800000
(1789541832.918065) can0 39B#3C3A820000001490
(1789541832.925478) can0 33B#0000003F00000000
(1789541832.925692) can0 323#0000000000000000
(1789541832.925931) can0 324#0000004041000000
(1789541832.926171) can0 33D#0000102000280000
(1789541832.926426) can0 3B7#00000000000A8D87
(1789541832.926664) can0 491#0000000000000000
(1789541832.966847) can0 297#0101E040FFFF8A2A
(1789541832.966898) can0 29B#BB967002FD100000
(1789541833.016864) can0 297#0101E040FFFF8B2B
(1789541833.016941) can0 29B#BB967002FD100000
(1789541833.016980) can0 29C#2800000000000000
(1789541833.017084) can0 33F#0000000028000040
(1789541833.017307) can0 394#0036000010370617
(1789541833.017550) can0 396#3B6D4E2800454545
(1789541833.017791) can0 39A#003602005A400000
(1789541833.018049) can0 39B#3C3A82000000189C
(1789541833.025358) can0 33B#0000003F00000000
(1789541833.025587) can0 323#0000000000001D65
(1789541833.025822) can0 324#0000004041000000
(1789541833.026072) can0 33D#0000102000280000
(1789541833.026318) can0 3B7#00000000000B8C87
(1789541833.026568) can0 491#0000000000000000
(1789541833.066827) can0 297#0101E040FFFF8C2C
(1789541833.066884) can0 29B#BB967002FD100000
(1789541833.116851) can0 297#0101E040FFFF8D2D
(1789541833.116925) can0 29B#BB967002FD100000
(1789541833.116966) can0 29C#2800000000000000
(1789541833.117056) can0 33F#0000000028000040
(1789541833.117303) can0 394#0036000010370716
(1789541833.117549) can0 396#3B6D4E2800454545
(1789541833.117793) can0 39A#003602006A000000
(1789541833.118042) can0 39B#3C3A820000001C98
(1789541833.125374) can0 33B#0000003F00000000
(1789541833.125574) can0 323#0000000000001D65
(1789541833.125833) can0 324#0000004041000000
(1789541833.126080) can0 33D#0000102000280000
(1789541833.126330) can0 3B7#00000000000C8B87
(1789541833.126572) can0 491#0000000000000000
(1789541833.166819) can0 297#0101E040FFFF8E2E
(1789541833.166852) can0 29B#BB967002FD100000
(1789541833.216900) can0 297#0101E040FFFF8F2F
(1789541833.216934) can0 29B#BB967002FD100000
(1789541833.217010) can0 29C#2800000000000000
(1789541833.217071) can0 33F#0000000028000040
(1789541833.217316) can0 394#0036000010370819
(1789541833.217563) can0 396#3B6D4E2800454545
(1789541833.217806) can0 39A#0036020079C00000
(1789541833.218052) can0 39B#3C3A8200000020A4
(1789541833.225371) can0 33B#0000003F00000000
(1789541833.225620) can0 323#0000000000001D65
(1789541833.225834) can0 324#0000004041000000
(1789541833.226083) can0 33D#0000102000280000
(1789541833.226326) can0 3B7#00000000000D8A87
(1789541833.226567) can0 491#0000000000000000
(1789541833.266818) can0 297#0101E040FFFF8020
(1789541833.266870) can0 29B#BB967002FD100000
(1789541833.316852) can0 297#0101E040FFFF8121
(1789541833.316967) can0 29B#BB967002FD100000
(1789541833.317017) can0 29C#2800000000000000
(1789541833.317076) can0 33F#0000000028000040
(1789541833.317303) can0 394#0036000010370918
(1789541833.317565) can0 396#3B6D4E2800454545
(1789541833.317792) can0 39A#0036020089800000
(1789541833.318040) can0 39B#3C3A8200000024A0
(1789541833.325365) can0 33B#0000003F00000000
(1789541833.325588) can0 323#0000000000001D65
(1789541833.325838) can0 324#0000004041000000
(1789541833.326077) can0 33D#0000102000280000
(1789541833.326320) can0 3B7#00000000000E8987
(1789541833.326569) can0 491#0000000000000000
(1789541833.366834) can0 297#0101E040FFFF8222
(1789541833.366875) can0 29B#BB967002FD100000
(1789541833.416855) can0 297#0101E040FFFF8323
(1789541833.416929) can0 29B#BB967002FD100000
(1789541833.417007) can0 29C#2800000000000000
(1789541833.417067) can0 33F#0000000028000040
(1789541833.417313) can0 394#0036000010370A1B
(1789541833.417581) can0 396#3B6D4E2800454545
(1789541833.417803) can0 39A#0036020099400000
(1789541833.418053) can0 39B#3C3A8200000028AC
(1789541833.425468) can0 33B#0000003F00000000
(1789541833.425691) can0 323#0000000000001D65
(1789541833.425930) can0 324#0000004041000000
(1789541833.426189) can0 33D#0000102000280000
(1789541833.426431) can0 3B7#00000000000F8887
(1789541833.426680) can0 491#0000000000000000
(1789541833.466834) can0 297#0101E040FFFF8424
(1789541833.466887) can0 29B#BB967002FD100000
(1789541833.516848) can0 297#0101E040FFFF8525
(1789541833.516927) can0 29B#BB967002FD100000
(1789541833.517009) can0 29C#2800000000000000
(1789541833.517055) can0 33F#0000000028000040
(1789541833.517318) can0 394#0036000010370B1A
(1789541833.517594) can0 396#3B6D4E2800454545
(1789541833.517791) can0 39A#00360200A9000000
(1789541833.518049) can0 39B#3C3A820000002CA8
(1789541833.525440) can0 33B#0000003F00000000
(1789541833.525665) can0 323#0000000000001FAD
(1789541833.525906) can0 324#0000004041000000
(1789541833.526153) can0 33D#0000102000280000
(1789541833.526398) can0 3B7#0000000000008787
(1789541833.526657) can0 491#0000000000000000
(1789541833.566828) can0 297#0101E040FFFF8626
(1789541833.566868) can0 29B#BB967002FD100000
(1789541833.616856) can0 297#0101E040FFFF8727
(1789541833.616931) can0 29B#BB967002FD100000
(1789541833.616971) can0 29C#2800000000000000
(1789541833.617146) can0 33F#0000000028000040
(1789541833.617322) can0 394#0036000010370C1D
(1789541833.617613) can0 396#3B6D4E2800454545
(1789541833.617796) can0 39A#00360200B8C00000
(1789541833.618044) can0 39B#3C3A8200000030B4
(1789541833.625380) can0 33B#0000003F00000000
(1789541833.625616) can0 323#0000000000001FAD
(1789541833.625846) can0 324#0000004041000000
(1789541833.626096) can0 33D#0000102000280000
(1789541833.626336) can0 3B7#0000000000018687
(1789541833.626610) can0 491#0000000000000000
(1789541833.666831) can0 297#0101E040FFFF8828
(1789541833.666881) can0 29B#BB967002FD100000
(1789541833.716872) can0 297#0101E040FFFF8929
(1789541833.716944) can0 29B#BB967002FD100000
(1789541833.716987) can0 29C#2800000000000000
(1789541833.717091) can0 33F#0000000028000040
(1789541833.717343) can0 394#0036000010370D1C
(1789541833.717619) can0 396#3B6D4E2800454545
(1789541833.717812) can0 39A#00360200C8800000
(1789541833.718062) can0 39B#3C3A8200000034B0
(1789541833.725377) can0 33B#0000003F00000000
(1789541833.725624) can0 323#0000000000001FAD
(1789541833.725844) can0 324#0000004041000000
(1789541833.726107) can0 33D#0000102000280000
(1789541833.726327) can0 3B7#0000000000028587
(1789541833.726621) can0 491#0000000000000000
(1789541833.766826) can0 297#0101E040FFFF8A2A
(1789541833.766878) can0 29B#BB967002FD100000
(1789541833.816855) can0 297#0101E040FFFF8B2B
(1789541833.816891) can0 29B#BB967002FD100000
(1789541833.816970) can0 29C#2800000000000000
(1789541833.817053) can0 33F#0000000028000040
(1789541833.817310) can0 394#0036000010370E1F
(1789541833.817545) can0 396#3B6D4E2800454545
(1789541833.817789) can0 39A#00360200D8400000
(1789541833.818037) can0 39B#3C3A8200000038BC
(1789541833.825443) can0 33B#0000003F00000000
(1789541833.825675) can0 323#0000000000001FAD
(1789541833.825913) can0 324#0000004041000000
(1789541833.826157) can0 33D#0000102000280000
(1789541833.826408) can0 3B7#0000000000038487
(1789541833.826668) can0 491#0000000000000000
(1789541833.866825) can0 297#0101E040FFFF8C2C
(1789541833.866862) can0 29B#BB967002FD100000
(1789541833.916842) can0 297#0101E040FFFF8D2D
(1789541833.916907) can0 29B#BB967002FD100000
(1789541833.916946) can0 29C#2800000000000000
(1789541833.917074) can0 33F#0000000028000040
(1789541833.917307) can0 394#0036000010370F1E
(1789541833.917541) can0 396#3B6D4E2800454545
(1789541833.917786) can0 39A#00360200E8000000
(1789541833.918045) can0 39B#3C3A820000003CB8
(1789541833.925668) can0 33B#0000003F00000000
(1789541833.925853) can0 323#0000000000001FAD
(1789541833.926089) can0 324#0000004041000000
(1789541833.926334) can0 33D#0000102000280000
(1789541833.926660) can0 3B7#0000000000048387
(1789541833.926817) can0 491#0000000000000000
(1789541833.966834) can0 297#0101E040FFFF8E2E
(1789541833.966876) can0 29B#BB967002FD100000
(1789541834.016857) can0 297#0101E040FFFF8F2F
(1789541834.016941) can0 29B#BB967002FD100000
(1789541834.017019) can0 29C#2800000000000000
(1789541834.017078) can0 33F#0000000028000040
(1789541834.017318) can0 394#0036000010370011
(1789541834.017559) can0 396#3B6D4E2800454545
(1789541834.017817) can0 39A#00360200F7C00000
(1789541834.018048) can0 39B#3C3A820000000084
(1789541834.025387) can0 33B#0000003F00000000
(1789541834.025663) can0 323#0000000000000000
(1789541834.025878) can0 324#0000004041000000
(1789541834.026113) can0 33D#0000102000280000
(1789541834.026360) can0 3B7#0000000000058287
(1789541834.026672) can0 491#0000000000000000
(1789541834.066820) can0 297#0101E040FFFF8020
(1789541834.066879) can0 29B#BB967002FD100000
(1789541834.116864) can0 297#0101E040FFFF8121
(1789541834.116889) can0 29B#BB967002FD100000
(1789541834.116971) can0 29C#2800000000000000
(1789541834.117074) can0 33F#0000000028000040
(1789541834.117311) can0 394#0036000010370110
(1789541834.117559) can0 396#3B6D4E2800454545
(1789541834.117798) can0 39A#0036020007800000
(1789541834.118035) can0 39B#3C3A820000000480
(1789541834.125397) can0 33B#0000003F00000000
(1789541834.125677) can0 323#0000000000000000
(1789541834.125856) can0 324#0000004041000000
(1789541834.126101) can0 33D#0000102000280000
(1789541834.126346) can0 3B7#0000000000068187
(1789541834.126676) can0 491#0000000000000000
(1789541834.166826) can0 297#0101E040FFFF8222
(1789541834.166878) can0 29B#BB967002FD100000
(1789541834.216860) can0 297#0101E040FFFF8323
(1789541834.216935) can0 29B#BB967002FD100000
(1789541834.216973) can0 29C#2800000000000000
(1789541834.217072) can0 33F#0000000028000040
(1789541834.217314) can0 394#0036000010370213
(1789541834.217569) can0 396#3B6D4E2800454545
(1789541834.217821) can0 39A#0036020017400000
(1789541834.218052) can0 39B#3C3A82000000088C
(1789541834.225466) can0 33B#0000003F00000000
(1789541834.225690) can0 323#0000000000000000
(1789541834.225937) can0 324#0000004041000000
(1789541834.226189) can0 33D#0000102000280000
(1789541834.226420) can0 3B7#0000000000078087
(1789541834.226690) can0 491#0000000000000000
(1789541834.266831) can0 297#0101E040FFFF8424
(1789541834.266884) can0 29B#BB967002FD100000
(1789541834.316860) can0 297#0101E040FFFF8525
(1789541834.316897) can0 29B#BB967002FD100000
(1789541834.316931) can0 29C#2800000000000000
(1789541834.317057) can0 33F#0000000028000040
(1789541834.317278) can0 394#0036000010370312
(1789541834.317524) can0 396#3B6D4E2800454545
(1789541834.317776) can0 39A#0036020027000000
(1789541834.318016) can0 39B#3C3A820000000C88
(1789541834.325397) can0 33B#0000003F00000000
(1789541834.325702) can0 323#0000000000000000
(1789541834.325884) can0 324#0000004041000000
(1789541834.326127) can0 33D#0000102000280000
(1789541834.326373) can0 3B7#0000000000088F87
(1789541834.326644) can0 491#0000000000000000
(1789541834.366820) can0 297#0101E040FFFF8626
(1789541834.366873) can0 29B#BB967002FD100000
(1789541834.416820) can0 297#0101E040FFFF8727
(1789541834.416899) can0 29B#BB967002FD100000
(1789541834.416975) can0 29C#2800000000000000
(1789541834.417061) can0 33F#0000000028000040
(1789541834.417291) can0 394#0036000010370415
(1789541834.417538) can0 396#3B6D4E2800454545
(1789541834.417791) can0 39A#0036020036C00000
(1789541834.418030) can0 39B#3C3A820000001094
(1789541834.425417) can0 33B#0000003F00000000
(1789541834.425715) can0 323#0000000000000000
(1789541834.425910) can0 324#0000004041000000
(1789541834.426150) can0 33D#0000102000280000
(1789541834.426421) can0 3B7#0000000000098E87
(1789541834.426639) can0 491#0000000000000000
(1789541834.466838) can0 297#0101E040FFFF8828
(1789541834.466870) can0 29B#BB967002FD100000
(1789541834.516851) can0 297#0101E040FFFF8929
(1789541834.516890) can0 29B#BB967002FD100000
(1789541834.516969) can0 29C#2800000000000000
(1789541834.517058) can0 33F#0000000028000040
(1789541834.517299) can0 394#0036000010370514
(1789541834.517557) can0 396#3B6D4E2800454545
(1789541834.517809) can0 39A#0036020046800000
(1789541834.518049) can0 39B#3C3A820000001490
(1789541834.525396) can0 33B#0000003F00000000
(1789541834.525625) can0 323#0000000000001D65
(1789541834.525884) can0 324#0000004041000000
(1789541834.526119) can0 33D#0000102000280000
(1789541834.526355) can0 3B7#00000000000A8D87
(1789541834.526606) can0 491#0000000000000000
(1789541834.566827) can0 297#0101E040FFFF8A2A
(1789541834.566865) can0 29B#BB967002FD100000
(1789541834.616868) can0 297#0101E040FFFF8B2B
(1789541834.616915) can0 29B#BB967002FD100000
(1789541834.616992) can0 29C#2800000000000000
(1789541834.617090) can0 33F#0000000028000040
(1789541834.617325) can0 394#0036000010370617
(1789541834.617570) can0 396#3B6D4E2800454545
(1789541834.617814) can0 39A#0036020056400000
(1789541834.618073) can0 39B#3C3A82000000189C
(1789541834.625408) can0 33B#0000003F00000000
(1789541834.625633) can0 323#0000000000001D65
(1789541834.625879) can0 324#0000004041000000
(1789541834.626119) can0 33D#0000102000280000
(1789541834.626375) can0 3B7#00000000000B8C87
(1789541834.626625) can0 491#0000000000000000
(1789541834.666838) can0 297#0101E040FFFF8C2C
(1789541834.666880) can0 29B#BB967002FD100000
(1789541834.716881) can0 297#0101E040FFFF8D2D
(1789541834.716916) can0 29B#BB967002FD100000
(1789541834.716966) can0 29C#2800000000000000
(1789541834.717090) can0 33F#0000000028000040
(1789541834.717322) can0 394#0036000010370716
(1789541834.717551) can0 396#3B6D4E2800454545
(1789541834.717801) can0 39A#0036020066000000
(1789541834.718044) can0 39B#3C3A820000001C98
(1789541834.725406) can0 33B#0000003F00000000
(1789541834.725630) can0 323#0000000000001D65
(1789541834.725877) can0 324#0000004041000000
(1789541834.726130) can0 33D#0000102000280000
(1789541834.726380) can0 3B7#00000000000C8B87
(1789541834.726612) can0 491#0000000000000000
(1789541834.766847) can0 297#0101E040FFFF8E2E
(1789541834.766883) can0 29B#BB967002FD100000
(1789541834.816890) can0 297#0101E040FFFF8F2F
(1789541834.816930) can0 29B#BB967002FD100000
(1789541834.817006) can0 29C#2800000000000000
(1789541834.817086) can0 33F#0000000028000040
(1789541834.817339) can0 394#0036000010370819
(1789541834.817567) can0 396#3B6D4E2800454545
(1789541834.817821) can0 39A#0036020075C00000
(1789541834.818060) can0 39B#3C3A8200000020A4
(1789541834.825502) can0 33B#0000003F00000000
(1789541834.825780) can0 323#0000000000001D65
(1789541834.825968) can0 324#0000004041000000
(1789541834.826204) can0 33D#0000102000280000
(1789541834.826453) can0 3B7#00000000000D8A87
(1789541834.826769) can0 491#0000000000000000
(1789541834.866861) can0 297#0101E040FFFF8020
(1789541834.866906) can0 29B#BB967002FD100000
(1789541834.916921) can0 297#0101E040FFFF8121
(1789541834.916950) can0 29B#BB967002FD100000
(1789541834.917029) can0 29C#2800000000000000
(1789541834.917110) can0 33F#0000000028000040
(1789541834.917357) can0 394#0036000010370918
(1789541834.917600) can0 396#3B6D4E2800454545
(1789541834.917857) can0 39A#0036020085800000
(1789541834.918103) can0 39B#3C3A8200000024A0
(1789541834.925447) can0 33B#0000003F00000000
(1789541834.925678) can0 323#0000000000001D65
(1789541834.925919) can0 324#0000004041000000
(1789541834.926158) can0 33D#0000102000280000
(1789541834.926414) can0 3B7#00000000000E8987
(1789541834.926643) can0 491#0000000000000000
(1789541834.966896) can0 297#0101E040FFFF8222
(1789541834.966939) can0 29B#BB967002FD100000
(1789541835.016919) can0 297#0101E040FFFF8323
(1789541835.017007) can0 29B#BB967002FD100000
(1789541835.017035) can0 29C#2800000000000000
(1789541835.017135) can0 33F#0000000028000040
(1789541835.017374) can0 394#0036000010370A1B
(1789541835.017622) can0 396#3B6D4E2800454545
(1789541835.017865) can0 39A#0036020095400000
(1789541835.018108) can0 39B#3C3A8200000028AC
(1789541835.025411) can0 33B#0000003F00000000
(1789541835.025643) can0 323#0000000000001FAD
(1789541835.025872) can0 324#0000004041000000
(1789541835.026143) can0 33D#0000102000280000
(1789541835.026404) can0 3B7#00000000000F8887
(1789541835.026626) can0 491#0000000000000000
(1789541835.066881) can0 297#0101E040FFFF8424
(1789541835.066942) can0 29B#BB967002FD100000
(1789541835.116941) can0 297#0101E040FFFF8525
(1789541835.116971) can0 29B#BB967002FD100000
(1789541835.117048) can0 29C#2800000000000000
(1789541835.117153) can0 33F#0000000028000040
(1789541835.117385) can0 394#0036000010370B1A
(1789541835.117633) can0 396#3B6D4E2800454545
(1789541835.117874) can0 39A#00360200A5000000
(1789541835.118129) can0 39B#3C3A820000002CA8
(1789541835.125437) can0 33B#0000003F00000000
(1789541835.125659) can0 323#0000000000001FAD
(1789541835.125892) can0 324#0000004041000000
(1789541835.126161) can0 33D#0000102000280000
(1789541835.126403) can0 3B7#0000000000008787
(1789541835.126641) can0 491#0000000000000000
(1789541835.166816) can0 297#0101E040FFFF8626
(1789541835.166910) can0 29B#BB967002FD100000
(1789541835.216834) can0 297#0101E040FFFF8727
(1789541835.216947) can0 29B#BB967002FD100000
(1789541835.217021) can0 29C#2800000000000000
(1789541835.217100) can0 33F#0000000028000040
(1789541835.217324) can0 394#0036000010370C1D
(1789541835.217551) can0 396#3B6D4E2800454545
(1789541835.217824) can0 39A#00360200B4C00000
(1789541835.218049) can0 39B#3C3A8200000030B4
(1789541835.225501) can0 33B#0000003F00000000
(1789541835.225719) can0 323#0000000000001FAD
(1789541835.225960) can0 324#0000004041000000
(1789541835.226215) can0 33D#0000102000280000
(1789541835.226456) can0 3B7#0000000000018687
(1789541835.226700) can0 491#0000000000000000
(1789541835.266836) can0 297#0101E040FFFF8828
(1789541835.266923) can0 29B#BB967002FD100000
(1789541835.316881) can0 297#0101E040FFFF8929
(1789541835.316911) can0 29B#BB967002FD100000
(1789541835.316989) can0 29C#2800000000000000
(1789541835.317109) can0 33F#0000000028000040
(1789541835.317293) can0 394#0036000010370D1C
(1789541835.317538) can0 396#3B6D4E2800454545
(1789541835.317841) can0 39A#00360200C4800000
(1789541835.318030) can0 39B#3C3A8200000034B0
(1789541835.325447) can0 33B#0000003F00000000
(1789541835.325663) can0 323#0000000000001FAD
(1789541835.325901) can0 324#0000004041000000
(1789541835.326157) can0 33D#0000102000280000
(1789541835.326424) can0 3B7#0000000000028587
(1789541835.326632) can0 491#0000000000000000
(1789541835.366844) can0 297#0101E040FFFF8A2A
(1789541835.366900) can0 29B#BB967002FD100000
(1789541835.416858) can0 297#0101E040FFFF8B2B
(1789541835.416929) can0 29B#BB967002FD100000
(1789541835.416967) can0 29C#2800000000000000
(1789541835.417102) can0 33F#0000000028000040
(1789541835.417332) can0 394#0036000010370E1F
(1789541835.417568) can0 396#3B6D4E2800454545
(1789541835.417859) can0 39A#00360200D4400000
(1789541835.418055) can0 39B#3C3A8200000038BC
(1789541835.425545) can0 33B#0000003F00000000
(1789541835.425771) can0 323#0000000000001FAD
(1789541835.426013) can0 324#0000004041000000
(1789541835.426267) can0 33D#0000102000280000
(1789541835.426512) can0 3B7#0000000000038487
(1789541835.426755) can0 491#0000000000000000
(1789541835.466857) can0 297#0101E040FFFF8C2C
(1789541835.466914) can0 29B#BB967002FD100000
(1789541835.516907) can0 297#0101E040FFFF8D2D
(1789541835.516937) can0 29B#BB967002FD100000
(1789541835.516990) can0 29C#2800000000000000
(1789541835.517102) can0 33F#0000000028000040
(1789541835.517293) can0 394#0036000010370F1E
(1789541835.517532) can0 396#3B6D4E2800454545
(1789541835.517782) can0 39A#00360200E4000000
(1789541835.518025) can0 39B#3C3A820000003CB8
(1789541835.525428) can0 33B#0000003F00000000
(1789541835.525677) can0 323#0000000000000000
(1789541835.525908) can0 324#0000004041000000
(1789541835.526164) can0 33D#0000102000280000
(1789541835.526407) can0 3B7#0000000000048387
(1789541835.526649) can0 491#0000000000000000
(1789541835.566877) can0 297#0101E040FFFF8E2E
(1789541835.566922) can0 29B#BB967002FD100000
(1789541835.616884) can0 297#0101E040FFFF8F2F
(1789541835.616962) can0 29B#BB967002FD100000
(1789541835.616994) can0 29C#2800000000000000
(1789541835.617115) can0 33F#0000000028000040
(1789541835.617308) can0 394#0036000010370011
(1789541835.617562) can0 396#3B6D4E2800454545
(1789541835.617808) can0 39A#00360200F3C00000
(1789541835.618049) can0 39B#3C3A820000000084
(1789541835.625516) can0 33B#0000003F00000000
(1789541835.625751) can0 323#0000000000000000
(1789541835.626005) can0 324#0000004041000000
(1789541835.626231) can0 33D#0000102000280000
(1789541835.626479) can0 3B7#0000000000058287
(1789541835.626735) can0 491#0000000000000000
(1789541835.666886) can0 297#0101E040FFFF8020
(1789541835.666926) can0 29B#BB967002FD100000
(1789541835.716888) can0 297#0101E040FFFF8121
(1789541835.716965) can0 29B#BB967002FD100000
(1789541835.717005) can0 29C#2800000000000000
(1789541835.717123) can0 33F#0000000028000040
(1789541835.717321) can0 394#0036000010370110
(1789541835.717560) can0 396#3B6D4E2800454545
(1789541835.717809) can0 39A#0036020003800000
(1789541835.718061) can0 39B#3C3A820000000480
(1789541835.725438) can0 33B#0000003F00000000
(1789541835.725658) can0 323#0000000000000000
(1789541835.725924) can0 324#0000004041000000
(1789541835.726164) can0 33D#0000102000280000
(1789541835.726410) can0 3B7#0000000000068187
(1789541835.726657) can0 491#0000000000000000
(1789541835.766896) can0 297#0101E040FFFF8222
(1789541835.766931) can0 29B#BB967002FD100000
(1789541835.816860) can0 297#0101E040FFFF8323
(1789541835.816937) can0 29B#BB967002FD100000
(1789541835.816979) can0 29C#2800000000000000
(1789541835.817095) can0 33F#0000000028000040
(1789541835.817302) can0 394#0036000010370213
(1789541835.817542) can0 396#3B6D4E2800454545
(1789541835.817791) can0 39A#0036020013400000
(1789541835.818030) can0 39B#3C3A82000000088C
(1789541835.825494) can0 33B#0000003F00000000
(1789541835.825729) can0 323#0000000000000000
(1789541835.825968) can0 324#0000004041000000
(1789541835.826212) can0 33D#0000102000280000
(1789541835.826460) can0 3B7#0000000000078087
(1789541835.826720) can0 491#0000000000000000
(1789541835.866825) can0 297#0101E040FFFF8424
(1789541835.866910) can0 29B#BB967002FD100000
(1789541835.916916) can0 297#0101E040FFFF8525
(1789541835.917005) can0 29B#BB967002FD100000
(1789541835.917089) can0 29C#2800000000000000
(1789541835.917128) can0 33F#0000000028000040
(1789541835.917319) can0 394#0036000010370312
(1789541835.917569) can0 396#3B6D4E2800454545
(1789541835.917809) can0 39A#0036020023000000
(1789541835.918060) can0 39B#3C3A820000000C88
(1789541835.925579) can0 33B#0000003F00000000
(1789541835.925803) can0 323#0000000000000000
(1789541835.926050) can0 324#0000004041000000
(1789541835.926308) can0 33D#0000102000280000
(1789541835.926548) can0 3B7#0000000000088F87
(1789541835.926802) can0 491#0000000000000000
(1789541835.966866) can0 297#0101E040FFFF8626
(1789541835.966922) can0 29B#BB967002FD100000
(1789541836.016867) can0 297#0101E040FFFF8727
(1789541836.016924) can0 29B#BB967002FD100000
(1789541836.017004) can0 29C#2800000000000000
(1789541836.017084) can0 33F#0000000028000040
(1789541836.017302) can0 394#0036000010370415
(1789541836.017550) can0 396#3B6D4E2800454545
(1789541836.017785) can0 39A#0036020032C00000
(1789541836.018031) can0 39B#3C3A820000001094
(1789541836.025446) can0 33B#0000003F00000000
(1789541836.025679) can0 323#0000000000001D65
(1789541836.025924) can0 324#0000004041000000
(1789541836.026164) can0 33D#0000102000280000
(1789541836.026419) can0 3B7#0000000000098E87
(1789541836.026653) can0 491#0000000000000000
(1789541836.066835) can0 297#0101E040FFFF8828
(1789541836.066934) can0 29B#BB967002FD100000
(1789541836.116865) can0 297#0101E040FFFF8929
(1789541836.116938) can0 29B#BB967002FD100000
(1789541836.117019) can0 29C#2800000000000000
(1789541836.117098) can0 33F#0000000028000040
(1789541836.117299) can0 394#0036000010370514
(1789541836.117541) can0 396#3B6D4E2800454545
(1789541836.117787) can0 39A#0036020042800000
(1789541836.118036) can0 39B#3C3A820000001490
(1789541836.125447) can0 33B#0000003F00000000
(1789541836.125668) can0 323#0000000000001D65
(1789541836.125940) can0 324#0000004041000000
(1789541836.126173) can0 33D#0000102000280000
(1789541836.126419) can0 3B7#00000000000A8D87
(1789541836.126664) can0 491#0000000000000000
(1789541836.166825) can0 297#0101E040FFFF8A2A
(1789541836.166873) can0 29B#BB967002FD100000
(1789541836.216865) can0 297#0101E040FFFF8B2B
(1789541836.216954) can0 29B#BB967002FD100000
(1789541836.217033) can0 29C#2800000000000000
(1789541836.217111) can0 33F#0000000028000040
(1789541836.217330) can0 394#0036000010370617
(1789541836.217579) can0 396#3B6D4E2800454545
(1789541836.217809) can0 39A#0036020052400000
(1789541836.218062) can0 39B#3C3A82000000189C
(1789541836.225545) can0 33B#0000003F00000000
(1789541836.225766) can0 323#0000000000001D65
(1789541836.226012) can0 324#0000004041000000
(1789541836.226261) can0 33D#0000102000280000
(1789541836.226501) can0 3B7#00000000000B8C87
(1789541836.226742) can0 491#0000000000000000
(1789541836.266834) can0 297#0101E040FFFF8C2C
(1789541836.266960) can0 29B#BB967002FD100000
(1789541836.316822) can0 297#0101E040FFFF8D2D
(1789541836.316965) can0 29B#BB967002FD100000
(1789541836.317009) can0 29C#2800000000000000
(1789541836.317086) can0 33F#0000000028000040
(1789541836.317287) can0 394#0036000010370716
(1789541836.317526) can0 396#3B6D4E2800454545
(1789541836.317773) can0 39A#0036020062000000
(1789541836.318025) can0 39B#3C3A820000001C98
(1789541836.325461) can0 33B#0000003F00000000
(1789541836.325691) can0 323#0000000000001D65
(1789541836.325967) can0 324#0000004041000000
(1789541836.326169) can0 33D#0000102000280000
(1789541836.326418) can0 3B7#00000000000C8B87
(1789541836.326674) can0 491#0000000000000000
(1789541836.366823) can0 297#0101E040FFFF8E2E
(1789541836.366860) can0 29B#BB967002FD100000
(1789541836.416865) can0 297#0101E040FFFF8F2F
(1789541836.416905) can0 29B#BB967002FD100000
(1789541836.416979) can0 29C#2800000000000000
(1789541836.417097) can0 33F#0000000028000040
(1789541836.417290) can0 394#0036000010370819
(1789541836.417537) can0 396#3B6D4E2800454545
(1789541836.417777) can0 39A#0036020071C00000
(1789541836.418028) can0 39B#3C3A8200000020A4
(1789541836.425501) can0 33B#0000003F00000000
(1789541836.425714) can0 323#0000000000001D65
(1789541836.425980) can0 324#0000004041000000
(1789541836.426213) can0 33D#0000102000280000
(1789541836.426456) can0 3B7#00000000000D8A87
(1789541836.426708) can0 491#0000000000000000
(1789541836.466820) can0 297#0101E040FFFF8020
(1789541836.466882) can0 29B#BB967002FD100000
(1789541836.516855) can0 297#0101E040FFFF8121
(1789541836.516894) can0 29B#BB967002FD100000
(1789541836.516991) can0 29C#2800000000000000
(1789541836.517109) can0 33F#0000000028000040
(1789541836.517310) can0 394#0036000010370918
(1789541836.517550) can0 396#3B6D4E2800454545
(1789541836.517819) can0 39A#0036020081800000
(1789541836.518049) can0 39B#3C3A8200000024A0
(1789541836.525530) can0 33B#0000003F00000000
(1789541836.525754) can0 323#0000000000001FAD
(1789541836.526003) can0 324#0000004041000000
(1789541836.526246) can0 33D#0000102000280000
(1789541836.526496) can0 3B7#00000000000E8987
(1789541836.526750) can0 491#0000000000000000
(1789541836.566824) can0 297#0101E040FFFF8222
(1789541836.566884) can0 29B#BB967002FD100000
(1789541836.616893) can0 297#0101E040FFFF8323
(1789541836.617008) can0 29B#BB967002FD100000
(1789541836.617088) can0 29C#2800000000000000
(1789541836.617132) can0 33F#0000000028000040
(1789541836.617358) can0 394#0036000010370A1B
(1789541836.617603) can0 396#3B6D4E2800454545
(1789541836.617853) can0 39A#0036020091400000
(1789541836.618088) can0 39B#3C3A8200000028AC
(1789541836.625458) can0 33B#0000003F00000000
(1789541836.625690) can0 323#0000000000001FAD
(1789541836.626010) can0 324#0000004041000000
(1789541836.626199) can0 33D#0000102000280000
(1789541836.626441) can0 3B7#00000000000F8887
(1789541836.626694) can0 491#0000000000000000
(1789541836.666816) can0 297#0101E040FFFF8424
(1789541836.666853) can0 29B#BB967002FD100000
(1789541836.716888) can0 297#0101E040FFFF8525
(1789541836.716933) can0 29B#BB967002FD100000
(1789541836.717019) can0 29C#2800000000000000
(1789541836.717136) can0 33F#0000000028000040
(1789541836.717336) can0 394#0036000010370B1A
(1789541836.717579) can0 396#3B6D4E2800454545
(1789541836.717826) can0 39A#00360200A1000000
(1789541836.718075) can0 39B#3C3A820000002CA8
(1789541836.725548) can0 33B#0000003F00000000
(1789541836.725749) can0 323#0000000000001FAD
(1789541836.726020) can0 324#0000004041000000
(1789541836.726256) can0 33D#0000102000280000
(1789541836.726496) can0 3B7#0000000000008787
(1789541836.726747) can0 491#0000000000000000
(1789541836.766841) can0 297#0101E040FFFF8626
(1789541836.766904) can0 29B#BB967002FD100000
(1789541836.816867) can0 297#0101E040FFFF8727
(1789541836.816946) can0 29B#BB967002FD100000
(1789541836.816981) can0 29C#2800000000000000
(1789541836.817107) can0 33F#0000000028000040
(1789541836.817332) can0 394#0036000010370C1D
(1789541836.817559) can0 396#3B6D4E2800454545
(1789541836.817801) can0 39A#00360200B0C00000
(1789541836.818044) can0 39B#3C3A8200000030B4
(1789541836.825466) can0 33B#0000003F00000000
(1789541836.825695) can0 323#0000000000001FAD
(1789541836.825935) can0 324#0000004041000000
(1789541836.826187) can0 33D#0000102000280000
(1789541836.826429) can0 3B7#0000000000018687
(1789541836.826702) can0 491#0000000000000000
(1789541836.866837) can0 297#0101E040FFFF8828
(1789541836.866890) can0 29B#BB967002FD100000
(1789541836.916837) can0 297#0101E040FFFF8929
(1789541836.916909) can0 29B#BB967002FD100000
(1789541836.916983) can0 29C#2800000000000000
(1789541836.917079) can0 33F#0000000028000040
(1789541836.917304) can0 394#0036000010370D1C
(1789541836.917545) can0 396#3B6D4E2800454545
(1789541836.917795) can0 39A#00360200C0800000
(1789541836.918052) can0 39B#3C3A8200000034B0
(1789541836.925506) can0 33B#0000003F00000000
(1789541836.925732) can0 323#0000000000001FAD
(1789541836.926044) can0 324#0000004041000000
(1789541836.926231) can0 33D#0000102000280000
(1789541836.926458) can0 3B7#0000000000028587
(1789541836.926735) can0 491#0000000000000000
(1789541836.966827) can0 297#0101E040FFFF8A2A
(1789541836.966862) can0 29B#BB967002FD100000
(1789541837.016855) can0 297#0101E040FFFF8B2B
(1789541837.016893) can0 29B#BB967002FD100000
(1789541837.016972) can0 29C#2800000000000000
(1789541837.017093) can0 33F#0000000028000040
(1789541837.017289) can0 394#0036000010370E1F
(1789541837.017539) can0 396#3B6D4E2800454545
(1789541837.017778) can0 39A#00360200D0400000
(1789541837.018072) can0 39B#3C3A8200000038BC
(1789541837.025479) can0 33B#0000003F00000000
(1789541837.025715) can0 323#0000000000000000
(1789541837.025964) can0 324#0000004041000000
(1789541837.026214) can0 33D#0000102000280000
(1789541837.026437) can0 3B7#0000000000038487
(1789541837.026696) can0 491#0000000000000000
(1789541837.066851) can0 297#0101E040FFFF8C2C
(1789541837.066920) can0 29B#BB967002FD100000
(1789541837.116867) can0 297#0101E040FFFF8D2D
(1789541837.116904) can0 29B#BB967002FD100000
(1789541837.116982) can0 29C#2800000000000000
(1789541837.117104) can0 33F#0000000028000040
(1789541837.117316) can0 394#0036000010370F1E
(1789541837.117551) can0 396#3B6D4E2800454545
(1789541837.117795) can0 39A#00360200E0000000
(1789541837.118073) can0 39B#3C3A820000003CB8
(1789541837.125556) can0 33B#0000003F00000000
(1789541837.125781) can0 323#0000000000000000
(1789541837.126072) can0 324#0000004041000000
(1789541837.126296) can0 33D#0000102000280000
(1789541837.126525) can0 3B7#0000000000048387
(1789541837.126781) can0 491#0000000000000000
(1789541837.166835) can0 297#0101E040FFFF8E2E
(1789541837.166872) can0 29B#BB967002FD100000
(1789541837.216873) can0 297#0101E040FFFF8F2F
(1789541837.216910) can0 29B#BB967002FD100000
(1789541837.216989) can0 29C#2800000000000000
(1789541837.217119) can0 33F#0000000028000040
(1789541837.217334) can0 394#0036000010370011
(1789541837.217585) can0 396#3B6D4E2800454545
(1789541837.217840) can0 39A#00360200EFC00000
(1789541837.218090) can0 39B#3C3A820000000084
(1789541837.225493) can0 33B#0000003F00000000
(1789541837.225705) can0 323#0000000000000000
(1789541837.225970) can0 324#0000004041000000
(1789541837.226210) can0 33D#0000102000280000
(1789541837.226464) can0 3B7#0000000000058287
(1789541837.226694) can0 491#0000000000000000
(1789541837.266847) can0 297#0101E040FFFF8020
(1789541837.266891) can0 29B#BB967002FD100000
(1789541837.316822) can0 297#0101E040FFFF8121
(1789541837.316901) can0 29B#BB967002FD100000
(1789541837.316985) can0 29C#2800000000000000
(1789541837.317104) can0 33F#0000000028000040
(1789541837.317295) can0 394#0036000010370110
(1789541837.317533) can0 396#3B6D4E2800454545
(1789541837.317800) can0 39A#00360200FF800000
(1789541837.318034) can0 39B#3C3A820000000480
(1789541837.325487) can0 33B#0000003F00000000
(1789541837.325726) can0 323#0000000000000000
(1789541837.325982) can0 324#0000004041000000
(1789541837.326258) can0 33D#0000102000280000
(1789541837.326461) can0 3B7#0000000000068187
(1789541837.326701) can0 491#0000000000000000
(1789541837.366833) can0 297#0101E040FFFF8222
(1789541837.366880) can0 29B#BB967002FD100000
(1789541837.416880) can0 297#0101E040FFFF8323
(1789541837.416907) can0 29B#BB967002FD100000
(1789541837.416987) can0 29C#2800000000000000
(1789541837.417117) can0 33F#0000000028000040
(1789541837.417307) can0 394#0036000010370213
(1789541837.417543) can0 396#3B6D4E2800454545
(1789541837.417800) can0 39A#003602000F400000
(1789541837.418037) can0 39B#3C3A82000000088C
(1789541837.425534) can0 33B#0000003F00000000
(1789541837.425763) can0 323#0000000000000000
(1789541837.425999) can0 324#0000004041000000
(1789541837.426241) can0 33D#0000102000280000
(1789541837.426490) can0 3B7#0000000000078087
(1789541837.426755) can0 491#0000000000000000
(1789541837.466846) can0 297#0101E040FFFF8424
(1789541837.466894) can0 29B#BB967002FD100000
(1789541837.516815) can0 297#0101E040FFFF8525
(1789541837.516892) can0 29B#BB967002FD100000
(1789541837.516931) can0 29C#2800000000000000
(1789541837.517123) can0 33F#0000000028000040
(1789541837.517277) can0 394#0036000010370312
(1789541837.517522) can0 396#3B6D4E2800454545
(1789541837.517773) can0 39A#003602001F000000
(1789541837.518016) can0 39B#3C3A820000000C88
(1789541837.525546) can0 33B#0000003F00000000
(1789541837.525781) can0 323#0000000000001D65
(1789541837.526023) can0 324#0000004041000000
(1789541837.526272) can0 33D#0000102000280000
(1789541837.526512) can0 3B7#0000000000088F87
(1789541837.526767) can0 491#0000000000000000
(1789541837.566808) can0 297#0101E040FFFF8626
(1789541837.566865) can0 29B#BB967002FD100000
(1789541837.616821) can0 297#0101E040FFFF8727
(1789541837.616897) can0 29B#BB967002FD100000
(1789541837.616935) can0 29C#2800000000000000
(1789541837.617055) can0 33F#0000000028000040
(1789541837.617285) can0 394#0036000010370415
(1789541837.617537) can0 396#3B6D4E2800454545
(1789541837.617778) can0 39A#003602002EC00000
(1789541837.618015) can0 39B#3C3A820000001094
(1789541837.625507) can0 33B#0000003F00000000
(1789541837.625737) can0 323#0000000000001D65
(1789541837.625986) can0 324#0000004041000000
(1789541837.626217) can0 33D#0000102000280000
(1789541837.626466) can0 3B7#0000000000098E87
(1789541837.626725) can0 491#0000000000000000
(1789541837.666842) can0 297#0101E040FFFF8828
(1789541837.666868) can0 29B#BB967002FD100000
(1789541837.716832) can0 297#0101E040FFFF8929
(1789541837.716907) can0 29B#BB967002FD100000
(1789541837.716947) can0 29C#2800000000000000
(1789541837.717066) can0 33F#0000000028000040
(1789541837.717296) can0 394#0036000010370514
(1789541837.717543) can0 396#3B6D4E2800454545
(1789541837.717783) can0 39A#003602003E800000
(1789541837.718026) can0 39B#3C3A820000001490
(1789541837.725567) can0 33B#0000003F00000000
(1789541837.725796) can0 323#0000000000001D65
(1789541837.726034) can0 324#0000004041000000
(1789541837.726287) can0 33D#0000102000280000
(1789541837.726529) can0 3B7#00000000000A8D87
(1789541837.726778) can0 491#0000000000000000
(1789541837.766825) can0 297#0101E040FFFF8A2A
(1789541837.766863) can0 29B#BB967002FD100000
(1789541837.816825) can0 297#0101E040FFFF8B2B
(1789541837.816898) can0 29B#BB967002FD100000
(1789541837.816977) can0 29C#2800000000000000
(1789541837.817069) can0 33F#0000000028000040
(1789541837.817299) can0 394#0036000010370617
(1789541837.817542) can0 396#3B6D4E2800454545
(1789541837.817804) can0 39A#003602004E400000
(1789541837.818042) can0 39B#3C3A82000000189C
(1789541837.825535) can0 33B#0000003F00000000
(1789541837.825765) can0 323#0000000000001D65
(1789541837.826013) can0 324#0000004041000000
(1789541837.826244) can0 33D#0000102000280000
(1789541837.826494) can0 3B7#00000000000B8C87
(1789541837.826737) can0 491#0000000000000000
(1789541837.866823) can0 297#0101E040FFFF8C2C
(1789541837.866871) can0 29B#BB967002FD100000
(1789541837.916831) can0 297#0101E040FFFF8D2D
(1789541837.916907) can0 29B#BB967002FD100000
(1789541837.916946) can0 29C#2800000000000000
(1789541837.917077) can0 33F#0000000028000040
(1789541837.917288) can0 394#0036000010370716
(1789541837.917554) can0 396#3B6D4E2800454545
(1789541837.917785) can0 39A#003602005E000000
(1789541837.918036) can0 39B#3C3A820000001C98
(1789541837.925648) can0 33B#0000003F00000000
(1789541837.925873) can0 323#0000000000001D65
(1789541837.926178) can0 324#0000004041000000
(1789541837.926355) can0 33D#0000102000280000
(1789541837.926602) can0 3B7#00000000000C8B87
(1789541837.926847) can0 491#0000000000000000
(1789541837.966831) can0 297#0101E040FFFF8E2E
(1789541837.966893) can0 29B#BB967002FD100000
(1789541838.016835) can0 297#0101E040FFFF8F2F
(1789541838.016910) can0 29B#BB967002FD100000
(1789541838.016988) can0 29C#2800000000000000
(1789541838.017073) can0 33F#0000000028000040
(1789541838.017304) can0 394#0036000010370819
(1789541838.017547) can0 396#3B6D4E2800454545
(1789541838.017787) can0 39A#003602006DC00000
(1789541838.018033) can0 39B#3C3A8200000020A4
(1789541838.025500) can0 33B#0000003F00000000
(1789541838.025739) can0 323#0000000000001FAD
(1789541838.026012) can0 324#0000004041000000
(1789541838.026239) can0 33D#0000102000280000
(1789541838.026480) can0 3B7#00000000000D8A87
(1789541838.026730) can0 491#0000000000000000
(1789541838.066824) can0 297#0101E040FFFF8020
(1789541838.066874) can0 29B#BB967002FD100000
(1789541838.116813) can0 297#0101E040FFFF8121
(1789541838.116890) can0 29B#BB967002FD100000
(1789541838.116969) can0 29C#2800000000000000
(1789541838.117053) can0 33F#0000000028000040
(1789541838.117301) can0 394#0036000010370918
(1789541838.117531) can0 396#3B6D4E2800454545
(1789541838.117775) can0 39A#003602007D800000
(1789541838.118015) can0 39B#3C3A8200000024A0
(1789541838.125505) can0 33B#0000003F00000000
(1789541838.125728) can0 323#0000000000001FAD
(1789541838.125976) can0 324#0000004041000000
(1789541838.126216) can0 33D#0000102000280000
(1789541838.126469) can0 3B7#00000000000E8987
(1789541838.126728) can0 491#0000000000000000
(1789541838.166821) can0 297#0101E040FFFF8222
(1789541838.166871) can0 29B#BB967002FD100000
(1789541838.216855) can0 297#0101E040FFFF8323
(1789541838.216883) can0 29B#BB967002FD100000
(1789541838.216995) can0 29C#2800000000000000
(1789541838.217118) can0 33F#0000000028000040
(1789541838.217295) can0 394#0036000010370A1B
(1789541838.217562) can0 396#3B6D4E2800454545
(1789541838.217777) can0 39A#003602008D400000
(1789541838.218035) can0 39B#3C3A8200000028AC
(1789541838.225580) can0 33B#0000003F00000000
(1789541838.225822) can0 323#0000000000001FAD
(1789541838.226066) can0 324#0000004041000000
(1789541838.226296) can0 33D#0000102000280000
(1789541838.226546) can0 3B7#00000000000F8887
(1789541838.226804) can0 491#0000000000000000
(1789541838.266841) can0 297#0101E040FFFF8424
(1789541838.266890) can0 29B#BB967002FD100000
(1789541838.316862) can0 297#0101E040FFFF8525
(1789541838.316898) can0 29B#BB967002FD100000
(1789541838.316978) can0 29C#2800000000000000
(1789541838.317062) can0 33F#0000000028000040
(1789541838.317290) can0 394#0036000010370B1A
(1789541838.317548) can0 396#3B6D4E2800454545
(1789541838.317779) can0 39A#003602009D000000
(1789541838.318023) can0 39B#3C3A820000002CA8
(1789541838.325506) can0 33B#0000003F00000000
(1789541838.325736) can0 323#0000000000001FAD
(1789541838.326003) can0 324#0000004041000000
(1789541838.326243) can0 33D#0000102000280000
(1789541838.326495) can0 3B7#0000000000008787
(1789541838.326735) can0 491#0000000000000000
(1789541838.366838) can0 297#0101E040FFFF8626
(1789541838.366876) can0 29B#BB967002FD100000
(1789541838.416867) can0 297#0101E040FFFF8727
(1789541838.416902) can0 29B#BB967002FD100000
(1789541838.416982) can0 29C#2800000000000000
(1789541838.417089) can0 33F#0000000028000040
(1789541838.417324) can0 394#0036000010370C1D
(1789541838.417567) can0 396#3B6D4E2800454545
(1789541838.417805) can0 39A#00360200ACC00000
(1789541838.418053) can0 39B#3C3A8200000030B4
(1789541838.425584) can0 33B#0000003F00000000
(1789541838.425818) can0 323#0000000000001FAD
(1789541838.426076) can0 324#0000004041000000
(1789541838.426323) can0 33D#0000102000280000
(1789541838.426566) can0 3B7#0000000000018687
(1789541838.426817) can0 491#0000000000000000
(1789541838.466833) can0 297#0101E040FFFF8828
(1789541838.466884) can0 29B#BB967002FD100000
(1789541838.516860) can0 297#0101E040FFFF8929
(1789541838.516935) can0 29B#BB967002FD100000
(1789541838.516975) can0 29C#2800000000000000
(1789541838.517075) can0 33F#0000000028000040
(1789541838.517298) can0 394#0036000010370D1C
(1789541838.517562) can0 396#3B6D4E2800454545
(1789541838.517804) can0 39A#00360200BC800000
(1789541838.518056) can0 39B#3C3A8200000034B0
(1789541838.525520) can0 33B#0000003F00000000
(1789541838.525760) can0 323#0000000000000000
(1789541838.526010) can0 324#0000004041000000
(1789541838.526258) can0 33D#0000102000280000
(1789541838.526494) can0 3B7#0000000000028587
(1789541838.526745) can0 491#0000000000000000
(1789541838.566836) can0 297#0101E040FFFF8A2A
(1789541838.566888) can0 29B#BB967002FD100000
(1789541838.616825) can0 297#0101E040FFFF8B2B
(1789541838.616902) can0 29B#BB967002FD100000
(1789541838.616942) can0 29C#2800000000000000
(1789541838.617060) can0 33F#0000000028000040
(1789541838.617288) can0 394#0036000010370E1F
(1789541838.617543) can0 396#3B6D4E2800454545
(1789541838.617775) can0 39A#00360200CC400000
(1789541838.618023) can0 39B#3C3A8200000038BC
(1789541838.625517) can0 33B#0000003F00000000
(1789541838.625758) can0 323#0000000000000000
(1789541838.626023) can0 324#0000004041000000
(1789541838.626272) can0 33D#0000102000280000
(1789541838.626493) can0 3B7#0000000000038487
(1789541838.626745) can0 491#0000000000000000
(1789541838.666838) can0 297#0101E040FFFF8C2C
(1789541838.666899) can0 29B#BB967002FD100000
(1789541838.716865) can0 297#0101E040FFFF8D2D
(1789541838.716900) can0 29B#BB967002FD100000
(1789541838.716979) can0 29C#2800000000000000
(1789541838.717067) can0 33F#0000000028000040
(1789541838.717336) can0 394#0036000010370F1E
(1789541838.717564) can0 396#3B6D4E2800454545
(1789541838.717802) can0 39A#00360200DC000000
(1789541838.718056) can0 39B#3C3A820000003CB8
(1789541838.725516) can0 33B#0000003F00000000
(1789541838.725767) can0 323#0000000000000000
(1789541838.726007) can0 324#0000004041000000
(1789541838.726283) can0 33D#0000102000280000
(1789541838.726507) can0 3B7#0000000000048387
(1789541838.726757) can0 491#0000000000000000
(1789541838.766837) can0 297#0101E040FFFF8E2E
(1789541838.766900) can0 29B#BB967002FD100000
(1789541838.816861) can0 297#0101E040FFFF8F2F
(1789541838.816897) can0 29B#BB967002FD100000
(1789541838.816976) can0 29C#2800000000000000
(1789541838.817061) can0 33F#0000000028000040
(1789541838.817294) can0 394#0036000010370011
(1789541838.817545) can0 396#3B6D4E2800454545
(1789541838.817784) can0 39A#00360200EBC00000
(1789541838.818023) can0 39B#3C3A820000000084
(1789541838.825552) can0 33B#0000003F00000000
(1789541838.825778) can0 323#0000000000000000
(1789541838.826020) can0 324#0000004041000000
(1789541838.826300) can0 33D#0000102000280000
(1789541838.826520) can0 3B7#0000000000058287
(1789541838.826772) can0 491#0000000000000000
(1789541838.866824) can0 297#0101E040FFFF8020
(1789541838.866861) can0 29B#BB967002FD100000
(1789541838.916862) can0 297#0101E040FFFF8121
(1789541838.916939) can0 29B#BB967002FD100000
(1789541838.916979) can0 29C#2800000000000000
(1789541838.917077) can0 33F#0000000028000040
(1789541838.917334) can0 394#0036000010370110
(1789541838.917564) can0 396#3B6D4E2800454545
(1789541838.917812) can0 39A#00360200FB800000
(1789541838.918063) can0 39B#3C3A820000000480
(1789541838.925557) can0 33B#0000003F00000000
(1789541838.925814) can0 323#0000000000000000
(1789541838.926063) can0 324#0000004041000000
(1789541838.926312) can0 33D#0000102000280000
(1789541838.926537) can0 3B7#0000000000068187
(1789541838.926788) can0 491#0000000000000000
(1789541838.966821) can0 297#0101E040FFFF8222
(1789541838.966867) can0 29B#BB967002FD100000
(1789541839.016856) can0 297#0101E040FFFF8323
(1789541839.016894) can0 29B#BB967002FD100000
(1789541839.016975) can0 29C#2800000000000000
(1789541839.017069) can0 33F#0000000028000040
(1789541839.017325) can0 394#0036000010370213
(1789541839.017533) can0 396#3B6D4E2800454545
(1789541839.017779) can0 39A#003602000B400000
(1789541839.018022) can0 39B#3C3A82000000088C
(1789541839.025538) can0 33B#0000003F00000000
(1789541839.025770) can0 323#0000000000001D65
(1789541839.026011) can0 324#0000004041000000
(1789541839.026323) can0 33D#0000102000280000
(1789541839.026500) can0 3B7#0000000000078087
(1789541839.026749) can0 491#0000000000000000
(1789541839.066831) can0 297#0101E040FFFF8424
(1789541839.066888) can0 29B#BB967002FD100000
(1789541839.116858) can0 297#0101E040FFFF8525
(1789541839.116896) can0 29B#BB967002FD100000
(1789541839.117016) can0 29C#2800000000000000
(1789541839.117067) can0 33F#0000000028000040
(1789541839.117335) can0 394#0036000010370312
(1789541839.117558) can0 396#3B6D4E2800454545
(1789541839.117798) can0 39A#003602001B000000
(1789541839.118047) can0 39B#3C3A820000000C88
(1789541839.125577) can0 33B#0000003F00000000
(1789541839.125811) can0 323#0000000000001D65
(1789541839.126040) can0 324#0000004041000000
(1789541839.126337) can0 33D#0000102000280000
(1789541839.126544) can0 3B7#0000000000088F87
(1789541839.126796) can0 491#0000000000000000
(1789541839.166820) can0 297#0101E040FFFF8626
(1789541839.166865) can0 29B#BB967002FD100000
(1789541839.216869) can0 297#0101E040FFFF8727
(1789541839.216899) can0 29B#BB967002FD100000
(1789541839.216980) can0 29C#2800000000000000
(1789541839.217070) can0 33F#0000000028000040
(1789541839.217354) can0 394#0036000010370415
(1789541839.217554) can0 396#3B6D4E2800454545
(1789541839.217806) can0 39A#003602002AC00000
(1789541839.218049) can0 39B#3C3A820000001094
(1789541839.225557) can0 33B#0000003F00000000
(1789541839.225773) can0 323#0000000000001D65
(1789541839.226025) can0 324#0000004041000000
(1789541839.226263) can0 33D#0000102000280000
(1789541839.226508) can0 3B7#0000000000098E87
(1789541839.226764) can0 491#0000000000000000
(1789541839.266834) can0 297#0101E040FFFF8828
(1789541839.266875) can0 29B#BB967002FD100000
(1789541839.316819) can0 297#0101E040FFFF8929
(1789541839.316897) can0 29B#BB967002FD100000
(1789541839.316939) can0 29C#2800000000000000
(1789541839.317065) can0 33F#0000000028000040
(1789541839.317289) can0 394#0036000010370514
(1789541839.317547) can0 396#3B6D4E2800454545
(1789541839.317780) can0 39A#003602003A800000
(1789541839.318029) can0 39B#3C3A820000001490
(1789541839.325617) can0 33B#0000003F00000000
(1789541839.325841) can0 323#0000000000001D65
(1789541839.326095) can0 324#0000004041000000
(1789541839.326369) can0 33D#0000102000280000
(1789541839.326574) can0 3B7#00000000000A8D87
(1789541839.326844) can0 491#0000000000000000
(1789541839.366818) can0 297#0101E040FFFF8A2A
(1789541839.366868) can0 29B#BB967002FD100000
(1789541839.416860) can0 297#0101E040FFFF8B2B
(1789541839.416903) can0 29B#BB967002FD100000
(1789541839.416976) can0 29C#2800000000000000
(1789541839.417075) can0 33F#0000000028000040
(1789541839.417375) can0 394#0036000010370617
(1789541839.417562) can0 396#3B6D4E2800454545
(1789541839.417799) can0 39A#003602004A400000
(1789541839.418052) can0 39B#3C3A82000000189C
(1789541839.425583) can0 33B#0000003F00000000
(1789541839.425810) can0 323#0000000000001D65
(1789541839.426050) can0 324#0000004041000000
(1789541839.426301) can0 33D#0000102000280000
(1789541839.426544) can0 3B7#00000000000B8C87
(1789541839.426796) can0 491#0000000000000000
(1789541839.466833) can0 297#0101E040FFFF8C2C
(1789541839.466883) can0 29B#BB967002FD100000
(1789541839.516849) can0 297#0101E040FFFF8D2D
(1789541839.516889) can0 29B#BB967002FD100000
(1789541839.516965) can0 29C#2800000000000000
(1789541839.517054) can0 33F#0000000028000040
(1789541839.517283) can0 394#0036000010370716
(1789541839.517527) can0 396#3B6D4E2800454545
(1789541839.517776) can0 39A#003602005A000000
(1789541839.518019) can0 39B#3C3A820000001C98
(1789541839.525565) can0 33B#0000003F00000000
(1789541839.525819) can0 323#0000000000001FAD
(1789541839.526056) can0 324#0000004041000000
(1789541839.526288) can0 33D#0000102000280000
(1789541839.526518) can0 3B7#00000000000C8B87
(1789541839.526807) can0 491#0000000000000000
(1789541839.566828) can0 297#0101E040FFFF8E2E
(1789541839.566869) can0 29B#BB967002FD100000
(1789541839.616811) can0 297#0101E040FFFF8F2F
(1789541839.616889) can0 29B#BB967002FD100000
(1789541839.616969) can0 29C#2800000000000000
(1789541839.617055) can0 33F#0000000028000040
(1789541839.617281) can0 394#0036000010370819
(1789541839.617529) can0 396#3B6D4E2800454545
(1789541839.617779) can0 39A#0036020069C00000
(1789541839.618009) can0 39B#3C3A8200000020A4
(1789541839.625590) can0 33B#0000003F00000000
(1789541839.625808) can0 323#0000000000001FAD
(1789541839.626057) can0 324#0000004041000000
(1789541839.626300) can0 33D#0000102000280000
(1789541839.626541) can0 3B7#00000000000D8A87
(1789541839.626795) can0 491#0000000000000000
(1789541839.666829) can0 297#0101E040FFFF8020
(1789541839.666889) can0 29B#BB967002FD100000
(1789541839.716852) can0 297#0101E040FFFF8121
(1789541839.716892) can0 29B#BB967002FD100000
(1789541839.716970) can0 29C#2800000000000000
(1789541839.717065) can0 33F#0000000028000040
(1789541839.717311) can0 394#0036000010370918
(1789541839.717561) can0 396#3B6D4E2800454545
(1789541839.717807) can0 39A#0036020079800000
(1789541839.718057) can0 39B#3C3A8200000024A0
(1789541839.725589) can0 33B#0000003F00000000
(1789541839.725815) can0 323#0000000000001FAD
(1789541839.726063) can0 324#0000004041000000
(1789541839.726303) can0 33D#0000102000280000
(1789541839.726545) can0 3B7#00000000000E8987
(1789541839.726797) can0 491#0000000000000000
(1789541839.766835) can0 297#0101E040FFFF8222
(1789541839.766883) can0 29B#BB967002FD100000
(1789541839.816816) can0 297#0101E040FFFF8323
(1789541839.816982) can0 29B#BB967002FD100000
(1789541839.816986) can0 29C#2800000000000000
(1789541839.817063) can0 33F#0000000028000040
(1789541839.817289) can0 394#0036000010370A1B
(1789541839.817536) can0 396#3B6D4E2800454545
(1789541839.817782) can0 39A#0036020089400000
(1789541839.818029) can0 39B#3C3A8200000028AC
(1789541839.825572) can0 33B#0000003F00000000
(1789541839.825789) can0 323#0000000000001FAD
(1789541839.826057) can0 324#0000004041000000
(1789541839.826287) can0 33D#0000102000280000
(1789541839.826517) can0 3B7#00000000000F8887
(1789541839.826786) can0 491#0000000000000000
(1789541839.866826) can0 297#0101E040FFFF8424
(1789541839.866882) can0 29B#BB967002FD100000
(1789541839.916822) can0 297#0101E040FFFF8525
(1789541839.916898) can0 29B#BB967002FD100000
(1789541839.916978) can0 29C#2800000000000000
(1789541839.917065) can0 33F#0000000028000040
(1789541839.917298) can0 394#0036000010370B1A
(1789541839.917541) can0 396#3B6D4E2800454545
(1789541839.917791) can0 39A#0036020099000000
(1789541839.918026) can0 39B#3C3A820000002CA8
(1789541839.925768) can0 33B#0000003F00000000
(1789541839.925993) can0 323#0000000000001FAD
(1789541839.926241) can0 324#0000004041000000
(1789541839.926484) can0 33D#0000102000280000
(1789541839.926735) can0 3B7#0000000000008787
(1789541839.926995) can0 491#0000000000000000
(1789541839.966826) can0 297#0101E040FFFF8626
(1789541839.966877) can0 29B#BB967002FD100000
(1789541840.016856) can0 297#0101E040FFFF8727
(1789541840.016934) can0 29B#BB967002FD100000
(1789541840.016972) can0 29C#2800000000000000
(1789541840.017065) can0 33F#0000000028000040
(1789541840.017311) can0 394#0036000010370C1D
(1789541840.017594) can0 396#3B6D4E2800454545
(1789541840.017804) can0 39A#00360200A8C00000
(1789541840.018056) can0 39B#3C3A8200000030B4
(1789541840.025568) can0 33B#0000003F00000000
(1789541840.025815) can0 323#0000000000000000
(1789541840.026054) can0 324#0000004041000000
(1789541840.026304) can0 33D#0000102000280000
(1789541840.026554) can0 3B7#0000000000018687
(1789541840.026787) can0 491#0000000000000000
(1789541840.066846) can0 297#0101E040FFFF8828
(1789541840.066907) can0 29B#BB967002FD100000
(1789541840.116874) can0 297#0101E040FFFF8929
(1789541840.116902) can0 29B#BB967002FD100000
(1789541840.116942) can0 29C#2800000000000000
(1789541840.117076) can0 33F#0000000028000040
(1789541840.117313) can0 394#0036000010370D1C
(1789541840.117545) can0 396#3B6D4E2800454545
(1789541840.117784) can0 39A#00360200B8800000
(1789541840.118028) can0 39B#3C3A8200000034B0
(1789541840.125574) can0 33B#0000003F00000000
(1789541840.125797) can0 323#0000000000000000
(1789541840.126059) can0 324#0000004041000000
(1789541840.126295) can0 33D#0000102000280000
(1789541840.126545) can0 3B7#0000000000028587
(1789541840.126782) can0 491#0000000000000000
(1789541840.166847) can0 297#0101E040FFFF8A2A
(1789541840.166892) can0 29B#BB967002FD100000
(1789541840.216869) can0 297#0101E040FFFF8B2B
(1789541840.216946) can0 29B#BB967002FD100000
(1789541840.217024) can0 29C#2800000000000000
(1789541840.217081) can0 33F#0000000028000040
(1789541840.217329) can0 394#0036000010370E1F
(1789541840.217583) can0 396#3B6D4E2800454545
(1789541840.217830) can0 39A#00360200C8400000
(1789541840.218064) can0 39B#3C3A8200000038BC
(1789541840.225577) can0 33B#0000003F00000000
(1789541840.225812) can0 323#0000000000000000
(1789541840.226055) can0 324#0000004041000000
(1789541840.226294) can0 33D#0000102000280000
(1789541840.226545) can0 3B7#0000000000038487
(1789541840.226783) can0 491#0000000000000000
(1789541840.266821) can0 297#0101E040FFFF8C2C
(1789541840.266882) can0 29B#BB967002FD100000
(1789541840.316865) can0 297#0101E040FFFF8D2D
(1789541840.316905) can0 29B#BB967002FD100000
(1789541840.316985) can0 29C#2800000000000000
(1789541840.317077) can0 33F#0000000028000040
(1789541840.317325) can0 394#0036000010370F1E
(1789541840.317565) can0 396#3B6D4E2800454545
(1789541840.317805) can0 39A#00360200D8000000
(1789541840.318052) can0 39B#3C3A820000003CB8
(1789541840.325645) can0 33B#0000003F00000000
(1789541840.325874) can0 323#0000000000000000
(1789541840.326121) can0 324#0000004041000000
(1789541840.326374) can0 33D#0000102000280000
(1789541840.326602) can0 3B7#0000000000048387
(1789541840.326874) can0 491#0000000000000000
(1789541840.366825) can0 297#0101E040FFFF8E2E
(1789541840.366864) can0 29B#BB967002FD100000
(1789541840.416863) can0 297#0101E040FFFF8F2F
(1789541840.416940) can0 29B#BB967002FD100000
(1789541840.416980) can0 29C#2800000000000000
(1789541840.417062) can0 33F#0000000028000040
(1789541840.417297) can0 394#0036000010370011
(1789541840.417536) can0 396#3B6D4E2800454545
(1789541840.417775) can0 39A#00360200E7C00000
(1789541840.418023) can0 39B#3C3A820000000084
(1789541840.425628) can0 33B#0000003F00000000
(1789541840.425859) can0 323#0000000000000000
(1789541840.426107) can0 324#0000004041000000
(1789541840.426357) can0 33D#0000102000280000
(1789541840.426608) can0 3B7#0000000000058287
(1789541840.426838) can0 491#0000000000000000
(1789541840.466821) can0 297#0101E040FFFF8020
(1789541840.466861) can0 29B#BB967002FD100000
(1789541840.516905) can0 297#0101E040FFFF8121
(1789541840.516981) can0 29B#BB967002FD100000
(1789541840.517020) can0 29C#2800000000000000
(1789541840.517118) can0 33F#0000000028000040
(1789541840.517371) can0 394#0036000010370110
(1789541840.517617) can0 396#3B6D4E2800454545
(1789541840.517847) can0 39A#00360200F7800000
(1789541840.518090) can0 39B#3C3A820000000480
(1789541840.525595) can0 33B#0000003F00000000
(1789541840.525815) can0 323#0000000000001D65
(1789541840.526050) can0 324#0000004041000000
(1789541840.526302) can0 33D#0000102000280000
(1789541840.526542) can0 3B7#0000000000068187
(1789541840.526804) can0 491#0000000000000000
(1789541840.566832) can0 297#0101E040FFFF8222
(1789541840.566874) can0 29B#BB967002FD100000
(1789541840.616862) can0 297#0101E040FFFF8323
(1789541840.616930) can0 29B#BB967002FD100000
(1789541840.617009) can0 29C#2800000000000000
(1789541840.617094) can0 33F#0000000028000040
(1789541840.617325) can0 394#0036000010370213
(1789541840.617565) can0 396#3B6D4E2800454545
(1789541840.617804) can0 39A#0036020007400000
(1789541840.618050) can0 39B#3C3A82000000088C
(1789541840.625662) can0 33B#0000003F00000000
(1789541840.625891) can0 323#0000000000001D65
(1789541840.626119) can0 324#0000004041000000
(1789541840.626364) can0 33D#0000102000280000
(1789541840.626615) can0 3B7#0000000000078087
(1789541840.626855) can0 491#0000000000000000
(1789541840.666865) can0 297#0101E040FFFF8424
(1789541840.666893) can0 29B#BB967002FD100000
(1789541840.716859) can0 297#0101E040FFFF8525
(1789541840.716904) can0 29B#BB967002FD100000
(1789541840.716982) can0 29C#2800000000000000
(1789541840.717060) can0 33F#0000000028000040
(1789541840.717312) can0 394#0036000010370312
(1789541840.717546) can0 396#3B6D4E2800454545
(1789541840.717782) can0 39A#0036020017000000
(1789541840.718025) can0 39B#3C3A820000000C88
(1789541840.725589) can0 33B#0000003F00000000
(1789541840.725820) can0 323#0000000000001D65
(1789541840.726060) can0 324#0000004041000000
(1789541840.726310) can0 33D#0000102000280000
(1789541840.726568) can0 3B7#0000000000088F87
(1789541840.726815) can0 491#0000000000000000
(1789541840.766826) can0 297#0101E040FFFF8626
(1789541840.766872) can0 29B#BB967002FD100000
(1789541840.816823) can0 297#0101E040FFFF8727
(1789541840.816898) can0 29B#BB967002FD100000
(1789541840.816977) can0 29C#2800000000000000
(1789541840.817058) can0 33F#0000000028000040
(1789541840.817287) can0 394#0036000010370415
(1789541840.817559) can0 396#3B6D4E2800454545
(1789541840.817773) can0 39A#0036020026C00000
(1789541840.818021) can0 39B#3C3A820000001094
(1789541840.825660) can0 33B#0000003F00000000
(1789541840.825891) can0 323#0000000000001D65
(1789541840.826134) can0 324#0000004041000000
(1789541840.826379) can0 33D#0000102000280000
(1789541840.826628) can0 3B7#0000000000098E87
(1789541840.826861) can0 491#0000000000000000
(1789541840.866831) can0 297#0101E040FFFF8828
(1789541840.866889) can0 29B#BB967002FD100000
(1789541840.916836) can0 297#0101E040FFFF8929
(1789541840.916917) can0 29B#BB967002FD100000
(1789541840.916988) can0 29C#2800000000000000
(1789541840.917071) can0 33F#0000000028000040
(1789541840.917301) can0 394#0036000010370514
(1789541840.917579) can0 396#3B6D4E2800454545
(1789541840.917780) can0 39A#0036020036800000
(1789541840.918037) can0 39B#3C3A820000001490
(1789541840.925642) can0 33B#0000003F00000000
(1789541840.925858) can0 323#0000000000001D65
(1789541840.926107) can0 324#0000004041000000
(1789541840.926347) can0 33D#0000102000280000
(1789541840.926597) can0 3B7#00000000000A8D87
(1789541840.926837) can0 491#0000000000000000
(1789541840.966837) can0 297#0101E040FFFF8A2A
(1789541840.966901) can0 29B#BB967002FD100000
(1789541841.016829) can0 297#0101E040FFFF8B2B
(1789541841.016904) can0 29B#BB967002FD100000
(1789541841.016938) can0 29C#2800000000000000
(1789541841.017061) can0 33F#0000000028000040
(1789541841.017291) can0 394#0036000010370617
(1789541841.017592) can0 396#3B6D4E2800454545
(1789541841.017779) can0 39A#0036020046400000
(1789541841.018020) can0 39B#3C3A82000000189C
(1789541841.025641) can0 33B#0000003F00000000
(1789541841.025841) can0 323#0000000000001FAD
(1789541841.026096) can0 324#0000004041000000
(1789541841.026330) can0 33D#0000102000280000
(1789541841.026592) can0 3B7#00000000000B8C87
(1789541841.026818) can0 491#0000000000000000
(1789541841.066828) can0 297#0101E040FFFF8C2C
(1789541841.066871) can0 29B#BB967002FD100000
(1789541841.116869) can0 297#0101E040FFFF8D2D
(1789541841.116898) can0 29B#BB967002FD100000
(1789541841.116977) can0 29C#2800000000000000
(1789541841.117077) can0 33F#0000000028000040
(1789541841.117323) can0 394#0036000010370716
(1789541841.117599) can0 396#3B6D4E2800454545
(1789541841.117799) can0 39A#0036020056000000
(1789541841.118046) can0 39B#3C3A820000001C98
(1789541841.125667) can0 33B#0000003F00000000
(1789541841.125894) can0 323#0000000000001FAD
(1789541841.126159) can0 324#0000004041000000
(1789541841.126409) can0 33D#0000102000280000
(1789541841.126639) can0 3B7#00000000000C8B87
(1789541841.126896) can0 491#0000000000000000
(1789541841.166835) can0 297#0101E040FFFF8E2E
(1789541841.166893) can0 29B#BB967002FD100000
(1789541841.216874) can0 297#0101E040FFFF8F2F
(1789541841.216901) can0 29B#BB967002FD100000
(1789541841.216942) can0 29C#2800000000000000
(1789541841.217067) can0 33F#0000000028000040
(1789541841.217296) can0 394#0036000010370819
(1789541841.217536) can0 396#3B6D4E2800454545
(1789541841.217786) can0 39A#0036020065C00000
(1789541841.218027) can0 39B#3C3A8200000020A4
(1789541841.225646) can0 33B#0000003F00000000
(1789541841.225844) can0 323#0000000000001FAD
(1789541841.226073) can0 324#0000004041000000
(1789541841.226321) can0 33D#0000102000280000
(1789541841.226615) can0 3B7#00000000000D8A87
(1789541841.226826) can0 491#0000000000000000
(1789541841.266829) can0 297#0101E040FFFF8020
(1789541841.266873) can0 29B#BB967002FD100000
(1789541841.316822) can0 297#0101E040FFFF8121
(1789541841.316947) can0 29B#BB967002FD100000
(1789541841.316977) can0 29C#2800000000000000
(1789541841.317073) can0 33F#0000000028000040
(1789541841.317313) can0 394#0036000010370918
(1789541841.317550) can0 396#3B6D4E2800454545
(1789541841.317811) can0 39A#0036020075800000
(1789541841.318055) can0 39B#3C3A8200000024A0
(1789541841.325647) can0 33B#0000003F00000000
(1789541841.325851) can0 323#0000000000001FAD
(1789541841.326093) can0 324#0000004041000000
(1789541841.326334) can0 33D#0000102000280000
(1789541841.326635) can0 3B7#00000000000E8987
(1789541841.326825) can0 491#0000000000000000
(1789541841.366826) can0 297#0101E040FFFF8222
(1789541841.366861) can0 29B#BB967002FD100000
(1789541841.416877) can0 297#0101E040FFFF8323
(1789541841.416953) can0 29B#BB967002FD100000
(1789541841.416983) can0 29C#2800000000000000
(1789541841.417126) can0 33F#0000000028000040
(1789541841.417325) can0 394#0036000010370A1B
(1789541841.417570) can0 396#3B6D4E2800454545
(1789541841.417820) can0 39A#0036020085400000
(1789541841.418064) can0 39B#3C3A8200000028AC
(1789541841.425658) can0 33B#0000003F00000000
(1789541841.425886) can0 323#0000000000001FAD
(1789541841.426117) can0 324#0000004041000000
(1789541841.426364) can0 33D#0000102000280000
(1789541841.426648) can0 3B7#00000000000F8887
(1789541841.426874) can0 491#0000000000000000
(1789541841.466831) can0 297#0101E040FFFF8424
(1789541841.466881) can0 29B#BB967002FD100000
(1789541841.516816) can0 297#0101E040FFFF8525
(1789541841.516894) can0 29B#BB967002FD100000
(1789541841.516939) can0 29C#2800000000000000
(1789541841.517066) can0 33F#0000000028000040
(1789541841.517293) can0 394#0036000010370B1A
(1789541841.517530) can0 396#3B6D4E2800454545
(1789541841.517784) can0 39A#0036020095000000
(1789541841.518032) can0 39B#3C3A820000002CA8
(1789541841.525673) can0 33B#0000003F00000000
(1789541841.525860) can0 323#0000000000000000
(1789541841.526091) can0 324#0000004041000000
(1789541841.526338) can0 33D#0000102000280000
(1789541841.526663) can0 3B7#0000000000008787
(1789541841.526852) can0 491#0000000000000000
(1789541841.566844) can0 297#0101E040FFFF8626
(1789541841.566868) can0 29B#BB967002FD100000
(1789541841.616862) can0 297#0101E040FFFF8727
(1789541841.616890) can0 29B#BB967002FD100000
(1789541841.616977) can0 29C#2800000000000000
(1789541841.617059) can0 33F#0000000028000040
(1789541841.617310) can0 394#0036000010370C1D
(1789541841.617555) can0 396#3B6D4E2800454545
(1789541841.617805) can0 39A#00360200A4C00000
(1789541841.618046) can0 39B#3C3A8200000030B4
(1789541841.625682) can0 33B#0000003F00000000
(1789541841.625858) can0 323#0000000000000000
(1789541841.626090) can0 324#0000004041000000
(1789541841.626350) can0 33D#0000102000280000
(1789541841.626587) can0 3B7#0000000000018687
(1789541841.626852) can0 491#0000000000000000
(1789541841.666834) can0 297#0101E040FFFF8828
(1789541841.666882) can0 29B#BB967002FD100000
(1789541841.716864) can0 297#0101E040FFFF8929
(1789541841.716908) can0 29B#BB967002FD100000
(1789541841.716979) can0 29C#2800000000000000
(1789541841.717102) can0 33F#0000000028000040
(1789541841.717319) can0 394#0036000010370D1C
(1789541841.717558) can0 396#3B6D4E2800454545
(1789541841.717803) can0 39A#00360200B4800000
(1789541841.718057) can0 39B#3C3A8200000034B0
(1789541841.725617) can0 33B#0000003F00000000
(1789541841.725850) can0 323#0000000000000000
(1789541841.726095) can0 324#0000004041000000
(1789541841.726335) can0 33D#0000102000280000
(1789541841.726585) can0 3B7#0000000000028587
(1789541841.726830) can0 491#0000000000000000
(1789541841.766828) can0 297#0101E040FFFF8A2A
(1789541841.766881) can0 29B#BB967002FD100000
(1789541841.816857) can0 297#0101E040FFFF8B2B
(1789541841.816895) can0 29B#BB967002FD100000
(1789541841.816975) can0 29C#2800000000000000
(1789541841.817067) can0 33F#0000000028000040
(1789541841.817321) can0 394#0036000010370E1F
(1789541841.817557) can0 396#3B6D4E2800454545
(1789541841.817805) can0 39A#00360200C4400000
(1789541841.818051) can0 39B#3C3A8200000038BC
(1789541841.825709) can0 33B#0000003F00000000
(1789541841.825928) can0 323#0000000000000000
(1789541841.826171) can0 324#0000004041000000
(1789541841.826457) can0 33D#0000102000280000
(1789541841.826706) can0 3B7#0000000000038487
(1789541841.826920) can0 491#0000000000000000
(1789541841.866833) can0 297#0101E040FFFF8C2C
(1789541841.866884) can0 29B#BB967002FD100000
(1789541841.916857) can0 297#0101E040FFFF8D2D
(1789541841.916938) can0 29B#BB967002FD100000
(1789541841.916961) can0 29C#2800000000000000
(1789541841.917080) can0 33F#0000000028000040
(1789541841.917315) can0 394#0036000010370F1E
(1789541841.917562) can0 396#3B6D4E2800454545
(1789541841.917805) can0 39A#00360200D4000000
(1789541841.918063) can0 39B#3C3A820000003CB8
(1789541841.925768) can0 33B#0000003F00000000
(1789541841.926000) can0 323#0000000000000000
(1789541841.926254) can0 324#0000004041000000
(1789541841.926494) can0 33D#0000102000280000
(1789541841.926738) can0 3B7#0000000000048387
(1789541841.926976) can0 491#0000000000000000
(1789541841.966840) can0 297#0101E040FFFF8E2E
(1789541841.966879) can0 29B#BB967002FD100000
(1789541842.016864) can0 297#0101E040FFFF8F2F
(1789541842.016898) can0 29B#BB967002FD100000
(1789541842.016979) can0 29C#2800000000000000
(1789541842.017074) can0 33F#0000000028000040
(1789541842.017291) can0 394#0036000010370011
(1789541842.017531) can0 396#3B6D4E2800454545
(1789541842.017789) can0 39A#00360200E3C00000
(1789541842.018031) can0 39B#3C3A820000000084
(1789541842.025668) can0 33B#0000003F00000000
(1789541842.025878) can0 323#0000000000001D65
(1789541842.026137) can0 324#0000004041000000
(1789541842.026398) can0 33D#0000102000280000
(1789541842.026632) can0 3B7#0000000000058287
(1789541842.026868) can0 491#0000000000000000
(1789541842.066846) can0 297#0101E040FFFF8020
(1789541842.066881) can0 29B#BB967002FD100000
(1789541842.116869) can0 297#0101E040FFFF8121
(1789541842.116899) can0 29B#BB967002FD100000
(1789541842.116980) can0 29C#2800000000000000
(1789541842.117079) can0 33F#0000000028000040
(1789541842.117305) can0 394#0036000010370110
(1789541842.117537) can0 396#3B6D4E2800454545
(1789541842.117787) can0 39A#00360200F3800000
(1789541842.118034) can0 39B#3C3A820000000480
(1789541842.125634) can0 33B#0000003F00000000
(1789541842.125870) can0 323#0000000000001D65
(1789541842.126112) can0 324#0000004041000000
(1789541842.126367) can0 33D#0000102000280000
(1789541842.126622) can0 3B7#0000000000068187
(1789541842.126848) can0 491#0000000000000000
(1789541842.166846) can0 297#0101E040FFFF8222
(1789541842.166890) can0 29B#BB967002FD100000
(1789541842.216877) can0 297#0101E040FFFF8323
(1789541842.216920) can0 29B#BB967002FD100000
(1789541842.216993) can0 29C#2800000000000000
(1789541842.217091) can0 33F#0000000028000040
(1789541842.217325) can0 394#0036000010370213
(1789541842.217579) can0 396#3B6D4E2800454545
(1789541842.217818) can0 39A#0036020003400000
(1789541842.218060) can0 39B#3C3A82000000088C
(1789541842.225645) can0 33B#0000003F00000000
(1789541842.225876) can0 323#0000000000001D65
(1789541842.226125) can0 324#0000004041000000
(1789541842.226386) can0 33D#0000102000280000
(1789541842.226608) can0 3B7#0000000000078087
(1789541842.226872) can0 491#0000000000000000
(1789541842.266840) can0 297#0101E040FFFF8424
(1789541842.266889) can0 29B#BB967002FD100000
(1789541842.316845) can0 297#0101E040FFFF8525
(1789541842.316922) can0 29B#BB967002FD100000
(1789541842.317003) can0 29C#2800000000000000
(1789541842.317085) can0 33F#0000000028000040
(1789541842.317325) can0 394#0036000010370312
(1789541842.317561) can0 396#3B6D4E2800454545
(1789541842.317808) can0 39A#0036020013000000
(1789541842.318048) can0 39B#3C3A820000000C88
(1789541842.325649) can0 33B#0000003F00000000
(1789541842.325861) can0 323#0000000000001D65
(1789541842.326112) can0 324#0000004041000000
(1789541842.326362) can0 33D#0000102000280000
(1789541842.326611) can0 3B7#0000000000088F87
(1789541842.326860) can0 491#0000000000000000
(1789541842.366860) can0 297#0101E040FFFF8626
(1789541842.366909) can0 29B#BB967002FD100000
(1789541842.416909) can0 297#0101E040FFFF8727
(1789541842.416990) can0 29B#BB967002FD100000
(1789541842.417013) can0 29C#2800000000000000
(1789541842.417119) can0 33F#0000000028000040
(1789541842.417354) can0 394#0036000010370415
(1789541842.417602) can0 396#3B6D4E2800454545
(1789541842.417847) can0 39A#0036020022C00000
(1789541842.418085) can0 39B#3C3A820000001094
(1789541842.425795) can0 33B#0000003F00000000
(1789541842.425958) can0 323#0000000000001D65
(1789541842.426223) can0 324#0000004041000000
(1789541842.426468) can0 33D#0000102000280000
(1789541842.426780) can0 3B7#0000000000098E87
(1789541842.426960) can0 491#0000000000000000
(1789541842.466881) can0 297#0101E040FFFF8828
(1789541842.466925) can0 29B#BB967002FD100000
(1789541842.516921) can0 297#0101E040FFFF8929
(1789541842.516950) can0 29B#BB967002FD100000
(1789541842.517029) can0 29C#2800000000000000
(1789541842.517122) can0 33F#0000000028000040
(1789541842.517356) can0 394#0036000010370514
(1789541842.517595) can0 396#3B6D4E2800454545
(1789541842.517835) can0 39A#0036020032800000
(1789541842.518085) can0 39B#3C3A820000001490
(1789541842.525629) can0 33B#0000003F00000000
(1789541842.525867) can0 323#0000000000001FAD
(1789541842.526118) can0 324#0000004041000000
(1789541842.526369) can0 33D#0000102000280000
(1789541842.526600) can0 3B7#00000000000A8D87
(1789541842.526872) can0 491#0000000000000000
(1789541842.566903) can0 297#0101E040FFFF8A2A
(1789541842.566937) can0 29B#BB967002FD100000
(1789541842.616812) can0 297#0101E040FFFF8B2B
(1789541842.616973) can0 29B#BB967002FD100000
(1789541842.617002) can0 29C#2800000000000000
(1789541842.617082) can0 33F#0000000028000040
(1789541842.617284) can0 394#0036000010370617
(1789541842.617537) can0 396#3B6D4E2800454545
(1789541842.617801) can0 39A#0036020042400000
(1789541842.618030) can0 39B#3C3A82000000189C
(1789541842.625656) can0 33B#0000003F00000000
(1789541842.625906) can0 323#0000000000001FAD
(1789541842.626139) can0 324#0000004041000000
(1789541842.626378) can0 33D#0000102000280000
(1789541842.626622) can0 3B7#00000000000B8C87
(1789541842.626868) can0 491#0000000000000000
(1789541842.666897) can0 297#0101E040FFFF8C2C
(1789541842.666929) can0 29B#BB967002FD100000
(1789541842.716944) can0 297#0101E040FFFF8D2D
(1789541842.716971) can0 29B#BB967002FD100000
(1789541842.717054) can0 29C#2800000000000000
(1789541842.717136) can0 33F#0000000028000040
(1789541842.717363) can0 394#0036000010370716
(1789541842.717609) can0 396#3B6D4E2800454545
(1789541842.717852) can0 39A#0036020052000000
(1789541842.718113) can0 39B#3C3A820000001C98
(1789541842.725652) can0 33B#0000003F00000000
(1789541842.725891) can0 323#0000000000001FAD
(1789541842.726126) can0 324#0000004041000000
(1789541842.726373) can0 33D#0000102000280000
(1789541842.726613) can0 3B7#00000000000C8B87
(1789541842.726873) can0 491#0000000000000000
(1789541842.766903) can0 297#0101E040FFFF8E2E
(1789541842.766965) can0 29B#BB967002FD100000
(1789541842.816829) can0 297#0101E040FFFF8F2F
(1789541842.816948) can0 29B#BB967002FD100000
(1789541842.817026) can0 29C#2800000000000000
(1789541842.817067) can0 33F#0000000028000040
(1789541842.817303) can0 394#0036000010370819
(1789541842.817539) can0 396#3B6D4E2800454545
(1789541842.817883) can0 39A#0036020061C00000
(1789541842.818025) can0 39B#3C3A8200000020A4
(1789541842.825702) can0 33B#0000003F00000000
(1789541842.825887) can0 323#0000000000001FAD
(1789541842.826127) can0 324#0000004041000000
(1789541842.826365) can0 33D#0000102000280000
(1789541842.826615) can0 3B7#00000000000D8A87
(1789541842.826856) can0 491#0000000000000000
(1789541842.866873) can0 297#0101E040FFFF8020
(1789541842.866911) can0 29B#BB967002FD100000
(1789541842.916881) can0 297#0101E040FFFF8121
(1789541842.916921) can0 29B#BB967002FD100000
(1789541842.916997) can0 29C#2800000000000000
(1789541842.917115) can0 33F#0000000028000040
(1789541842.917312) can0 394#0036000010370918
(1789541842.917554) can0 396#3B6D4E2800454545
(1789541842.917894) can0 39A#0036020071800000
(1789541842.918062) can0 39B#3C3A8200000024A0
(1789541842.925723) can0 33B#0000003F00000000
(1789541842.925940) can0 323#0000000000001FAD
(1789541842.926172) can0 324#0000004041000000
(1789541842.926420) can0 33D#0000102000280000
(1789541842.926663) can0 3B7#00000000000E8987
(1789541842.926909) can0 491#0000000000000000
(1789541842.966850) can0 297#0101E040FFFF8222
(1789541842.966905) can0 29B#BB967002FD100000
(1789541843.016867) can0 297#0101E040FFFF8323
(1789541843.016935) can0 29B#BB967002FD100000
(1789541843.016973) can0 29C#2800000000000000
(1789541843.017106) can0 33F#0000000028000040
(1789541843.017301) can0 394#0036000010370A1B
(1789541843.017540) can0 396#3B6D4E2800454545
(1789541843.017857) can0 39A#0036020081400000
(1789541843.018036) can0 39B#3C3A8200000028AC
(1789541843.025733) can0 33B#0000003F00000000
(1789541843.025983) can0 323#0000000000000000
(1789541843.026217) can0 324#0000004041000000
(1789541843.026465) can0 33D#0000102000280000
(1789541843.026706) can0 3B7#00000000000F8887
(1789541843.026989) can0 491#0000000000000000
(1789541843.066865) can0 297#0101E040FFFF8424
(1789541843.066917) can0 29B#BB967002FD100000
(1789541843.116878) can0 297#0101E040FFFF8525
(1789541843.116957) can0 29B#BB967002FD100000
(1789541843.116986) can0 29C#2800000000000000
(1789541843.117115) can0 33F#0000000028000040
(1789541843.117307) can0 394#0036000010370B1A
(1789541843.117549) can0 396#3B6D4E2800454545
(1789541843.117789) can0 39A#0036020091000000
(1789541843.118041) can0 39B#3C3A820000002CA8
(1789541843.125674) can0 33B#0000003F00000000
(1789541843.125890) can0 323#0000000000000000
(1789541843.126130) can0 324#0000004041000000
(1789541843.126412) can0 33D#0000102000280000
(1789541843.126642) can0 3B7#0000000000008787
(1789541843.126886) can0 491#0000000000000000
(1789541843.166884) can0 297#0101E040FFFF8626
(1789541843.166928) can0 29B#BB967002FD100000
(1789541843.216884) can0 297#0101E040FFFF8727
(1789541843.216957) can0 29B#BB967002FD100000
(1789541843.216998) can0 29C#2800000000000000
(1789541843.217077) can0 33F#0000000028000040
(1789541843.217294) can0 394#0036000010370C1D
(1789541843.217540) can0 396#3B6D4E2800454545
(1789541843.217818) can0 39A#00360200A0C00000
(1789541843.218033) can0 39B#3C3A8200000030B4
(1789541843.225673) can0 33B#0000003F00000000
(1789541843.225901) can0 323#0000000000000000
(1789541843.226140) can0 324#0000004041000000
(1789541843.226390) can0 33D#0000102000280000
(1789541843.226642) can0 3B7#0000000000018687
(1789541843.226888) can0 491#0000000000000000
(1789541843.266890) can0 297#0101E040FFFF8828
(1789541843.266945) can0 29B#BB967002FD100000
(1789541843.316895) can0 297#0101E040FFFF8929
(1789541843.316975) can0 29B#BB967002FD100000
(1789541843.317013) can0 29C#2800000000000000
(1789541843.317094) can0 33F#0000000028000040
(1789541843.317299) can0 394#0036000010370D1C
(1789541843.317536) can0 396#3B6D4E2800454545
(1789541843.317780) can0 39A#00360200B0800000
(1789541843.318035) can0 39B#3C3A8200000034B0
(1789541843.325669) can0 33B#0000003F00000000
(1789541843.325894) can0 323#0000000000000000
(1789541843.326146) can0 324#0000004041000000
(1789541843.326406) can0 33D#0000102000280000
(1789541843.326630) can0 3B7#0000000000028587
(1789541843.326900) can0 491#0000000000000000
(1789541843.366825) can0 297#0101E040FFFF8A2A
(1789541843.366897) can0 29B#BB967002FD100000
(1789541843.416818) can0 297#0101E040FFFF8B2B
(1789541843.416940) can0 29B#BB967002FD100000
(1789541843.416982) can0 29C#2800000000000000
(1789541843.417099) can0 33F#0000000028000040
(1789541843.417285) can0 394#0036000010370E1F
(1789541843.417531) can0 396#3B6D4E2800454545
(1789541843.417795) can0 39A#00360200C0400000
(1789541843.418031) can0 39B#3C3A8200000038BC
(1789541843.425710) can0 33B#0000003F00000000
(1789541843.425946) can0 323#0000000000000000
(1789541843.426185) can0 324#0000004041000000
(1789541843.426425) can0 33D#0000102000280000
(1789541843.426673) can0 3B7#0000000000038487
(1789541843.426917) can0 491#0000000000000000
(1789541843.466814) can0 297#0101E040FFFF8C2C
(1789541843.466911) can0 29B#BB967002FD100000
(1789541843.516854) can0 297#0101E040FFFF8D2D
(1789541843.516953) can0 29B#BB967002FD100000
(1789541843.517034) can0 29C#2800000000000000
(1789541843.517076) can0 33F#0000000028000040
(1789541843.517313) can0 394#0036000010370F1E
(1789541843.517550) can0 396#3B6D4E2800454545
(1789541843.517794) can0 39A#00360200D0000000
(1789541843.518040) can0 39B#3C3A820000003CB8
(1789541843.525740) can0 33B#0000003F00000000
(1789541843.525969) can0 323#0000000000001D65
(1789541843.526215) can0 324#0000004041000000
(1789541843.526461) can0 33D#0000102000280000
(1789541843.526700) can0 3B7#0000000000048387
(1789541843.526947) can0 491#0000000000000000
(1789541843.566826) can0 297#0101E040FFFF8E2E
(1789541843.566924) can0 29B#BB967002FD100000
(1789541843.616807) can0 297#0101E040FFFF8F2F
(1789541843.616881) can0 29B#BB967002FD100000
(1789541843.616964) can0 29C#2800000000000000
(1789541843.617084) can0 33F#0000000028000040
(1789541843.617276) can0 394#0036000010370011
(1789541843.617510) can0 396#3B6D4E2800454545
(1789541843.617757) can0 39A#00360200DFC00000
(1789541843.618012) can0 39B#3C3A820000000084
(1789541843.625682) can0 33B#0000003F00000000
(1789541843.625936) can0 323#0000000000001D65
(1789541843.626155) can0 324#0000004041000000
(1789541843.626411) can0 33D#0000102000280000
(1789541843.626668) can0 3B7#0000000000058287
(1789541843.626936) can0 491#0000000000000000
(1789541843.666833) can0 297#0101E040FFFF8020
(1789541843.666949) can0 29B#BB967002FD100000
(1789541843.716856) can0 297#0101E040FFFF8121
(1789541843.716947) can0 29B#BB967002FD100000
(1789541843.717027) can0 29C#2800000000000000
(1789541843.717067) can0 33F#0000000028000040
(1789541843.717322) can0 394#0036000010370110
(1789541843.717556) can0 396#3B6D4E2800454545
(1789541843.717806) can0 39A#00360200EF800000
(1789541843.718052) can0 39B#3C3A820000000480
(1789541843.725690) can0 33B#0000003F00000000
(1789541843.725947) can0 323#0000000000001D65
(1789541843.726142) can0 324#0000004041000000
(1789541843.726407) can0 33D#0000102000280000
(1789541843.726629) can0 3B7#0000000000068187
(1789541843.726950) can0 491#0000000000000000
(1789541843.766841) can0 297#0101E040FFFF8222
(1789541843.766956) can0 29B#BB967002FD100000
(1789541843.816848) can0 297#0101E040FFFF8323
(1789541843.816959) can0 29B#BB967002FD100000
(1789541843.817038) can0 29C#2800000000000000
(1789541843.817115) can0 33F#0000000028000040
(1789541843.817309) can0 394#0036000010370213
(1789541843.817555) can0 396#3B6D4E2800454545
(1789541843.817808) can0 39A#00360200FF400000
(1789541843.818060) can0 39B#3C3A82000000088C
(1789541843.825678) can0 33B#0000003F00000000
(1789541843.825962) can0 323#0000000000001D65
(1789541843.826152) can0 324#0000004041000000
(1789541843.826411) can0 33D#0000102000280000
(1789541843.826652) can0 3B7#0000000000078087
(1789541843.826966) can0 491#0000000000000000
(1789541843.866828) can0 297#0101E040FFFF8424
(1789541843.866874) can0 29B#BB967002FD100000
(1789541843.916851) can0 297#0101E040FFFF8525
(1789541843.916889) can0 29B#BB967002FD100000
(1789541843.917005) can0 29C#2800000000000000
(1789541843.917048) can0 33F#0000000028000040
(1789541843.917286) can0 394#0036000010370312
(1789541843.917558) can0 396#3B6D4E2800454545
(1789541843.917788) can0 39A#003602000F000000
(1789541843.918030) can0 39B#3C3A820000000C88
(1789541843.925899) can0 33B#0000003F00000000
(1789541843.926111) can0 323#0000000000001D65
(1789541843.926367) can0 324#0000004041000000
(1789541843.926607) can0 33D#0000102000280000
(1789541843.926856) can0 3B7#0000000000088F87
(1789541843.927107) can0 491#0000000000000000
(1789541843.966829) can0 297#0101E040FFFF8626
(1789541843.966880) can0 29B#BB967002FD100000
(1789541844.016865) can0 297#0101E040FFFF8727
(1789541844.016905) can0 29B#BB967002FD100000
(1789541844.017022) can0 29C#2800000000000000
(1789541844.017116) can0 33F#0000000028000040
(1789541844.017344) can0 394#0036000010370415
(1789541844.017566) can0 396#3B6D4E2800454545
(1789541844.017814) can0 39A#003602001EC00000
(1789541844.018057) can0 39B#3C3A820000001094
(1789541844.025700) can0 33B#0000003F00000000
(1789541844.025986) can0 323#0000000000001FAD
(1789541844.026171) can0 324#0000004041000000
(1789541844.026410) can0 33D#0000102000280000
(1789541844.026659) can0 3B7#0000000000098E87
(1789541844.026989) can0 491#0000000000000000
(1789541844.066844) can0 297#0101E040FFFF8828
(1789541844.066891) can0 29B#BB967002FD100000
(1789541844.116848) can0 297#0101E040FFFF8929
(1789541844.116890) can0 29B#BB967002FD100000
(1789541844.116997) can0 29C#2800000000000000
(1789541844.117077) can0 33F#0000000028000040
(1789541844.117299) can0 394#0036000010370514
(1789541844.117546) can0 396#3B6D4E2800454545
(1789541844.117786) can0 39A#003602002E800000
(1789541844.118045) can0 39B#3C3A820000001490
(1789541844.125695) can0 33B#0000003F00000000
(1789541844.125922) can0 323#0000000000001FAD
(1789541844.126164) can0 324#0000004041000000
(1789541844.126414) can0 33D#0000102000280000
(1789541844.126652) can0 3B7#00000000000A8D87
(1789541844.126900) can0 491#0000000000000000
(1789541844.166824) can0 297#0101E040FFFF8A2A
(1789541844.166884) can0 29B#BB967002FD100000
(1789541844.216861) can0 297#0101E040FFFF8B2B
(1789541844.216903) can0 29B#BB967002FD100000
(1789541844.217047) can0 29C#2800000000000000
(1789541844.217127) can0 33F#0000000028000040
(1789541844.217289) can0 394#0036000010370617
(1789541844.217533) can0 396#3B6D4E2800454545
(1789541844.217772) can0 39A#003602003E400000
(1789541844.218021) can0 39B#3C3A82000000189C
(1789541844.225714) can0 33B#0000003F00000000
(1789541844.225932) can0 323#0000000000001FAD
(1789541844.226180) can0 324#0000004041000000
(1789541844.226422) can0 33D#0000102000280000
(1789541844.226666) can0 3B7#00000000000B8C87
(1789541844.226909) can0 491#0000000000000000
(1789541844.266836) can0 297#0101E040FFFF8C2C
(1789541844.266882) can0 29B#BB967002FD100000
(1789541844.316849) can0 297#0101E040FFFF8D2D
(1789541844.316891) can0 29B#BB967002FD100000
(1789541844.317024) can0 29C#2800000000000000
(1789541844.317102) can0 33F#0000000028000040
(1789541844.317302) can0 394#0036000010370716
(1789541844.317547) can0 396#3B6D4E2800454545
(1789541844.317785) can0 39A#003602004E000000
(1789541844.318034) can0 39B#3C3A820000001C98
(1789541844.325717) can0 33B#0000003F00000000
(1789541844.325924) can0 323#0000000000001FAD
(1789541844.326184) can0 324#0000004041000000
(1789541844.326423) can0 33D#0000102000280000
(1789541844.326675) can0 3B7#00000000000C8B87
(1789541844.326910) can0 491#0000000000000000
(1789541844.366818) can0 297#0101E040FFFF8E2E
(1789541844.366881) can0 29B#BB967002FD100000
(1789541844.416885) can0 297#0101E040FFFF8F2F
(1789541844.416926) can0 29B#BB967002FD100000
(1789541844.417073) can0 29C#2800000000000000
(1789541844.417152) can0 33F#0000000028000040
(1789541844.417317) can0 394#0036000010370819
(1789541844.417567) can0 396#3B6D4E2800454545
(1789541844.417834) can0 39A#003602005DC00000
(1789541844.418048) can0 39B#3C3A8200000020A4
(1789541844.425730) can0 33B#0000003F00000000
(1789541844.425952) can0 323#0000000000001FAD
(1789541844.426214) can0 324#0000004041000000
(1789541844.426480) can0 33D#0000102000280000
(1789541844.426700) can0 3B7#00000000000D8A87
(1789541844.426950) can0 491#0000000000000000
(1789541844.466833) can0 297#0101E040FFFF8020
(1789541844.466891) can0 29B#BB967002FD100000
(1789541844.516810) can0 297#0101E040FFFF8121
(1789541844.516885) can0 29B#BB967002FD100000
(1789541844.516965) can0 29C#2800000000000000
(1789541844.517085) can0 33F#0000000028000040
(1789541844.517281) can0 394#0036000010370918
(1789541844.517521) can0 396#3B6D4E2800454545
(1789541844.517771) can0 39A#003602006D800000
(1789541844.518054) can0 39B#3C3A8200000024A0
(1789541844.525709) can0 33B#0000003F00000000
(1789541844.525928) can0 323#0000000000000000
(1789541844.526175) can0 324#0000004041000000
(1789541844.526438) can0 33D#0000102000280000
(1789541844.526662) can0 3B7#00000000000E8987
(1789541844.526934) can0 491#0000000000000000
(1789541844.566823) can0 297#0101E040FFFF8222
(1789541844.566867) can0 29B#BB967002FD100000
(1789541844.616848) can0 297#0101E040FFFF8323
(1789541844.616888) can0 29B#BB967002FD100000
(1789541844.616965) can0 29C#2800000000000000
(1789541844.617064) can0 33F#0000000028000040
(1789541844.617320) can0 394#0036000010370A1B
(1789541844.617550) can0 396#3B6D4E2800454545
(1789541844.617790) can0 39A#003602007D400000
(1789541844.618063) can0 39B#3C3A8200000028AC
(1789541844.625717) can0 33B#0000003F00000000
(1789541844.625948) can0 323#0000000000000000
(1789541844.626190) can0 324#0000004041000000
(1789541844.626444) can0 33D#0000102000280000
(1789541844.626673) can0 3B7#00000000000F8887
(1789541844.626943) can0 491#0000000000000000
(1789541844.666828) can0 297#0101E040FFFF8424
(1789541844.666873) can0 29B#BB967002FD100000
(1789541844.716866) can0 297#0101E040FFFF8525
(1789541844.716943) can0 29B#BB967002FD100000
(1789541844.716983) can0 29C#2800000000000000
(1789541844.717086) can0 33F#0000000028000040
(1789541844.717329) can0 394#0036000010370B1A
(1789541844.717579) can0 396#3B6D4E2800454545
(1789541844.717809) can0 39A#003602008D000000
(1789541844.718077) can0 39B#3C3A820000002CA8
(1789541844.725729) can0 33B#0000003F00000000
(1789541844.725944) can0 323#0000000000000000
(1789541844.726193) can0 324#0000004041000000
(1789541844.726436) can0 33D#0000102000280000
(1789541844.726681) can0 3B7#0000000000008787
(1789541844.726936) can0 491#0000000000000000
(1789541844.766840) can0 297#0101E040FFFF8626
(1789541844.766892) can0 29B#BB967002FD100000
(1789541844.816854) can0 297#0101E040FFFF8727
(1789541844.816927) can0 29B#BB967002FD100000
(1789541844.816970) can0 29C#2800000000000000
(1789541844.817088) can0 33F#0000000028000040
(1789541844.817315) can0 394#0036000010370C1D
(1789541844.817561) can0 396#3B6D4E2800454545
(1789541844.817810) can0 39A#003602009CC00000
(1789541844.818102) can0 39B#3C3A8200000030B4
(1789541844.825719) can0 33B#0000003F00000000
(1789541844.825942) can0 323#0000000000000000
(1789541844.826189) can0 324#0000004041000000
(1789541844.826449) can0 33D#0000102000280000
(1789541844.826694) can0 3B7#0000000000018687
(1789541844.826944) can0 491#0000000000000000
(1789541844.866888) can0 297#0101E040FFFF8828
(1789541844.866899) can0 29B#BB967002FD100000
(1789541844.916860) can0 297#0101E040FFFF8929
(1789541844.916897) can0 29B#BB967002FD100000
(1789541844.916936) can0 29C#2800000000000000
(1789541844.917101) can0 33F#0000000028000040
(1789541844.917279) can0 394#0036000010370D1C
(1789541844.917523) can0 396#3B6D4E2800454545
(1789541844.917773) can0 39A#00360200AC800000
(1789541844.918025) can0 39B#3C3A8200000034B0
(1789541844.925761) can0 33B#0000003F00000000
(1789541844.925993) can0 323#0000000000000000
(1789541844.926232) can0 324#0000004041000000
(1789541844.926482) can0 33D#0000102000280000
(1789541844.926736) can0 3B7#0000000000028587
(1789541844.926965) can0 491#0000000000000000
(1789541844.966837) can0 297#0101E040FFFF8A2A
(1789541844.966879) can0 29B#BB967002FD100000
(1789541845.016863) can0 297#0101E040FFFF8B2B
(1789541845.016900) can0 29B#BB967002FD100000
(1789541845.016979) can0 29C#2800000000000000
(1789541845.017114) can0 33F#0000000028000040
(1789541845.017312) can0 394#0036000010370E1F
(1789541845.017561) can0 396#3B6D4E2800454545
(1789541845.017813) can0 39A#00360200BC400000
(1789541845.018122) can0 39B#3C3A8200000038BC
(1789541845.025810) can0 33B#0000003F00000000
(1789541845.026021) can0 323#0000000000001D65
(1789541845.026264) can0 324#0000004041000000
(1789541845.026523) can0 33D#0000102000280000
(1789541845.026758) can0 3B7#0000000000038487
(1789541845.027015) can0 491#0000000000000000
(1789541845.066834) can0 297#0101E040FFFF8C2C
(1789541845.066891) can0 29B#BB967002FD100000
(1789541845.116825) can0 297#0101E040FFFF8D2D
(1789541845.116895) can0 29B#BB967002FD100000
(1789541845.116975) can0 29C#2800000000000000
(1789541845.117127) can0 33F#0000000028000040
(1789541845.117286) can0 394#0036000010370F1E
(1789541845.117535) can0 396#3B6D4E2800454545
(1789541845.117781) can0 39A#00360200CC000000
(1789541845.118031) can0 39B#3C3A820000003CB8
(1789541845.125731) can0 33B#0000003F00000000
(1789541845.125941) can0 323#0000000000001D65
(1789541845.126248) can0 324#0000004041000000
(1789541845.126452) can0 33D#0000102000280000
(1789541845.126762) can0 3B7#0000000000048387
(1789541845.126941) can0 491#0000000000000000
(1789541845.166823) can0 297#0101E040FFFF8E2E
(1789541845.166880) can0 29B#BB967002FD100000
(1789541845.216828) can0 297#0101E040FFFF8F2F
(1789541845.216903) can0 29B#BB967002FD100000
(1789541845.216983) can0 29C#2800000000000000
(1789541845.217141) can0 33F#0000000028000040
(1789541845.217299) can0 394#0036000010370011
(1789541845.217538) can0 396#3B6D4E2800454545
(1789541845.217805) can0 39A#00360200DBC00000
(1789541845.218045) can0 39B#3C3A820000000084
(1789541845.225794) can0 33B#0000003F00000000
(1789541845.226022) can0 323#0000000000001D65
(1789541845.226267) can0 324#0000004041000000
(1789541845.226505) can0 33D#0000102000280000
(1789541845.226775) can0 3B7#0000000000058287
(1789541845.227021) can0 491#0000000000000000
(1789541845.266812) can0 297#0101E040FFFF8020
(1789541845.266871) can0 29B#BB967002FD100000
(1789541845.316850) can0 297#0101E040FFFF8121
(1789541845.316885) can0 29B#BB967002FD100000
(1789541845.316964) can0 29C#2800000000000000
(1789541845.317064) can0 33F#0000000028000040
(1789541845.317301) can0 394#0036000010370110
(1789541845.317541) can0 396#3B6D4E2800454545
(1789541845.317792) can0 39A#00360200EB800000
(1789541845.318032) can0 39B#3C3A820000000480
(1789541845.325738) can0 33B#0000003F00000000
(1789541845.325956) can0 323#0000000000001D65
(1789541845.326207) can0 324#0000004041000000
(1789541845.326446) can0 33D#0000102000280000
(1789541845.326698) can0 3B7#0000000000068187
(1789541845.326938) can0 491#0000000000000000
(1789541845.366811) can0 297#0101E040FFFF8222
(1789541845.366859) can0 29B#BB967002FD100000
(1789541845.416844) can0 297#0101E040FFFF8323
(1789541845.416923) can0 29B#BB967002FD100000
(1789541845.416962) can0 29C#2800000000000000
(1789541845.417050) can0 33F#0000000028000040
(1789541845.417304) can0 394#0036000010370213
(1789541845.417551) can0 396#3B6D4E2800454545
(1789541845.417794) can0 39A#00360200FB400000
(1789541845.418044) can0 39B#3C3A82000000088C
(1789541845.425813) can0 33B#0000003F00000000
(1789541845.426025) can0 323#0000000000001D65
(1789541845.426269) can0 324#0000004041000000
(1789541845.426519) can0 33D#0000102000280000
(1789541845.426774) can0 3B7#0000000000078087
(1789541845.427002) can0 491#0000000000000000
(1789541845.466825) can0 297#0101E040FFFF8424
(1789541845.466875) can0 29B#BB967002FD100000
(1789541845.516815) can0 297#0101E040FFFF8525
(1789541845.516891) can0 29B#BB967002FD100000
(1789541845.516928) can0 29C#2800000000000000
(1789541845.517056) can0 33F#0000000028000040
(1789541845.517267) can0 394#0036000010370312
(1789541845.517534) can0 396#3B6D4E2800454545
(1789541845.517781) can0 39A#003602000B000000
(1789541845.518030) can0 39B#3C3A820000000C88
(1789541845.525749) can0 33B#0000003F00000000
(1789541845.525975) can0 323#0000000000001FAD
(1789541845.526223) can0 324#0000004041000000
(1789541845.526466) can0 33D#0000102000280000
(1789541845.526711) can0 3B7#0000000000088F87
(1789541845.526966) can0 491#0000000000000000
(1789541845.566820) can0 297#0101E040FFFF8626
(1789541845.566877) can0 29B#BB967002FD100000
(1789541845.616814) can0 297#0101E040FFFF8727
(1789541845.616888) can0 29B#BB967002FD100000
(1789541845.616926) can0 29C#2800000000000000
(1789541845.617052) can0 33F#0000000028000040
(1789541845.617283) can0 394#0036000010370415
(1789541845.617526) can0 396#3B6D4E2800454545
(1789541845.617767) can0 39A#003602001AC00000
(1789541845.618007) can0 39B#3C3A820000001094
(1789541845.625817) can0 33B#0000003F00000000
(1789541845.626046) can0 323#0000000000001FAD
(1789541845.626295) can0 324#0000004041000000
(1789541845.626526) can0 33D#0000102000280000
(1789541845.626772) can0 3B7#0000000000098E87
(1789541845.627051) can0 491#0000000000000000
(1789541845.666818) can0 297#0101E040FFFF8828
(1789541845.666857) can0 29B#BB967002FD100000
(1789541845.716830) can0 297#0101E040FFFF8929
(1789541845.716907) can0 29B#BB967002FD100000
(1789541845.716994) can0 29C#2800000000000000
(1789541845.717072) can0 33F#0000000028000040
(1789541845.717307) can0 394#0036000010370514
(1789541845.717557) can0 396#3B6D4E2800454545
(1789541845.717789) can0 39A#003602002A800000
(1789541845.718031) can0 39B#3C3A820000001490
(1789541845.725761) can0 33B#0000003F00000000
(1789541845.725995) can0 323#0000000000001FAD
(1789541845.726240) can0 324#0000004041000000
(1789541845.726480) can0 33D#0000102000280000
(1789541845.726712) can0 3B7#00000000000A8D87
(1789541845.726973) can0 491#0000000000000000
(1789541845.766822) can0 297#0101E040FFFF8A2A
(1789541845.766859) can0 29B#BB967002FD100000
(1789541845.816854) can0 297#0101E040FFFF8B2B
(1789541845.816892) can0 29B#BB967002FD100000
(1789541845.816973) can0 29C#2800000000000000
(1789541845.817068) can0 33F#0000000028000040
(1789541845.817290) can0 394#0036000010370617
(1789541845.817531) can0 396#3B6D4E2800454545
(1789541845.817771) can0 39A#003602003A400000
(1789541845.818021) can0 39B#3C3A82000000189C
(1789541845.825741) can0 33B#0000003F00000000
(1789541845.825975) can0 323#0000000000001FAD
(1789541845.826223) can0 324#0000004041000000
(1789541845.826460) can0 33D#0000102000280000
(1789541845.826708) can0 3B7#00000000000B8C87
(1789541845.826957) can0 491#0000000000000000
(1789541845.866829) can0 297#0101E040FFFF8C2C
(1789541845.866874) can0 29B#BB967002FD100000
(1789541845.916859) can0 297#0101E040FFFF8D2D
(1789541845.916900) can0 29B#BB967002FD100000
(1789541845.916974) can0 29C#2800000000000000
(1789541845.917055) can0 33F#0000000028000040
(1789541845.917294) can0 394#0036000010370716
(1789541845.917543) can0 396#3B6D4E2800454545
(1789541845.917783) can0 39A#003602004A000000
(1789541845.918028) can0 39B#3C3A820000001C98
(1789541845.925985) can0 33B#0000003F00000000
(1789541845.926242) can0 323#0000000000001FAD
(1789541845.926460) can0 324#0000004041000000
(1789541845.926711) can0 33D#0000102000280000
(1789541845.926944) can0 3B7#00000000000C8B87
(1789541845.927237) can0 491#0000000000000000
(1789541845.966826) can0 297#0101E040FFFF8E2E
(1789541845.966884) can0 29B#BB967002FD100000
(1789541846.016878) can0 297#0101E040FFFF8F2F
(1789541846.016953) can0 29B#BB967002FD100000
(1789541846.016988) can0 29C#2800000000000000
(1789541846.017069) can0 33F#0000000028000040
(1789541846.017308) can0 394#0036000010370819
(1789541846.017548) can0 396#3B6D4E2800454545
(1789541846.017786) can0 39A#0036020059C00000
(1789541846.018028) can0 39B#3C3A8200000020A4
(1789541846.025782) can0 33B#0000003F00000000
(1789541846.026008) can0 323#0000000000000000
(1789541846.026253) can0 324#0000004041000000
(1789541846.026474) can0 33D#0000102000280000
(1789541846.026729) can0 3B7#00000000000D8A87
(1789541846.026974) can0 491#0000000000000000
(1789541846.066825) can0 297#0101E040FFFF8020
(1789541846.066871) can0 29B#BB967002FD100000
(1789541846.116820) can0 297#0101E040FFFF8121
(1789541846.116897) can0 29B#BB967002FD100000
(1789541846.116935) can0 29C#2800000000000000
(1789541846.117061) can0 33F#0000000028000040
(1789541846.117293) can0 394#0036000010370918
(1789541846.117532) can0 396#3B6D4E2800454545
(1789541846.117771) can0 39A#0036020069800000
(1789541846.118024) can0 39B#3C3A8200000024A0
(1789541846.125765) can0 33B#0000003F00000000
(1789541846.125991) can0 323#0000000000000000
(1789541846.126263) can0 324#0000004041000000
(1789541846.126491) can0 33D#0000102000280000
(1789541846.126718) can0 3B7#00000000000E8987
(1789541846.126989) can0 491#0000000000000000
(1789541846.166826) can0 297#0101E040FFFF8222
(1789541846.166867) can0 29B#BB967002FD100000
(1789541846.216821) can0 297#0101E040FFFF8323
(1789541846.216901) can0 29B#BB967002FD100000
(1789541846.216979) can0 29C#2800000000000000
(1789541846.217064) can0 33F#0000000028000040
(1789541846.217294) can0 394#0036000010370A1B
(1789541846.217535) can0 396#3B6D4E2800454545
(1789541846.217790) can0 39A#0036020079400000
(1789541846.218039) can0 39B#3C3A8200000028AC
(1789541846.225771) can0 33B#0000003F00000000
(1789541846.226002) can0 323#0000000000000000
(1789541846.226275) can0 324#0000004041000000
(1789541846.226482) can0 33D#0000102000280000
(1789541846.226732) can0 3B7#00000000000F8887
(1789541846.226971) can0 491#0000000000000000
(1789541846.266832) can0 297#0101E040FFFF8424
(1789541846.266879) can0 29B#BB967002FD100000
(1789541846.316862) can0 297#0101E040FFFF8525
(1789541846.316897) can0 29B#BB967002FD100000
(1789541846.316976) can0 29C#2800000000000000
(1789541846.317060) can0 33F#0000000028000040
(1789541846.317298) can0 394#0036000010370B1A
(1789541846.317569) can0 396#3B6D4E2800454545
(1789541846.317787) can0 39A#0036020089000000
(1789541846.318099) can0 39B#3C3A820000002CA8
(1789541846.325784) can0 33B#0000003F00000000
(1789541846.325993) can0 323#0000000000000000
(1789541846.326293) can0 324#0000004041000000
(1789541846.326483) can0 33D#0000102000280000
(1789541846.326725) can0 3B7#0000000000008787
(1789541846.326991) can0 491#0000000000000000
(1789541846.366823) can0 297#0101E040FFFF8626
(1789541846.366871) can0 29B#BB967002FD100000
(1789541846.416862) can0 297#0101E040FFFF8727
(1789541846.416899) can0 29B#BB967002FD100000
(1789541846.416977) can0 29C#2800000000000000
(1789541846.417058) can0 33F#0000000028000040
(1789541846.417300) can0 394#0036000010370C1D
(1789541846.417526) can0 396#3B6D4E2800454545
(1789541846.417776) can0 39A#0036020098C00000
(1789541846.418064) can0 39B#3C3A8200000030B4
(1789541846.425891) can0 33B#0000003F00000000
(1789541846.426112) can0 323#0000000000000000
(1789541846.426360) can0 324#0000004041000000
(1789541846.426600) can0 33D#0000102000280000
(1789541846.426845) can0 3B7#0000000000018687
(1789541846.427107) can0 491#0000000000000000
(1789541846.466826) can0 297#0101E040FFFF8828
(1789541846.466879) can0 29B#BB967002FD100000
(1789541846.516862) can0 297#0101E040FFFF8929
(1789541846.516898) can0 29B#BB967002FD100000
(1789541846.516978) can0 29C#2800000000000000
(1789541846.517064) can0 33F#0000000028000040
(1789541846.517315) can0 394#0036000010370D1C
(1789541846.517538) can0 396#3B6D4E2800454545
(1789541846.517788) can0 39A#00360200A8800000
(1789541846.518020) can0 39B#3C3A8200000034B0
(1789541846.525771) can0 33B#0000003F00000000
(1789541846.525990) can0 323#0000000000001D65
(1789541846.526234) can0 324#0000004041000000
(1789541846.526483) can0 33D#0000102000280000
(1789541846.526731) can0 3B7#0000000000028587
(1789541846.526971) can0 491#0000000000000000
(1789541846.566823) can0 297#0101E040FFFF8A2A
(1789541846.566869) can0 29B#BB967002FD100000
(1789541846.616857) can0 297#0101E040FFFF8B2B
(1789541846.616895) can0 29B#BB967002FD100000
(1789541846.616975) can0 29C#2800000000000000
(1789541846.617055) can0 33F#0000000028000040
(1789541846.617327) can0 394#0036000010370E1F
(1789541846.617534) can0 396#3B6D4E2800454545
(1789541846.617775) can0 39A#00360200B8400000
(1789541846.618026) can0 39B#3C3A8200000038BC
(1789541846.625764) can0 33B#0000003F00000000
(1789541846.625995) can0 323#0000000000001D65
(1789541846.626253) can0 324#0000004041000000
(1789541846.626507) can0 33D#0000102000280000
(1789541846.626734) can0 3B7#0000000000038487
(1789541846.626987) can0 491#0000000000000000
(1789541846.666823) can0 297#0101E040FFFF8C2C
(1789541846.666878) can0 29B#BB967002FD100000
(1789541846.716866) can0 297#0101E040FFFF8D2D
(1789541846.716982) can0 29B#BB967002FD100000
(1789541846.717060) can0 29C#2800000000000000
(1789541846.717103) can0 33F#0000000028000040
(1789541846.717340) can0 394#0036000010370F1E
(1789541846.717567) can0 396#3B6D4E2800454545
(1789541846.717819) can0 39A#00360200C8000000
(1789541846.718067) can0 39B#3C3A820000003CB8
(1789541846.725781) can0 33B#0000003F00000000
(1789541846.726017) can0 323#0000000000001D65
(1789541846.726256) can0 324#0000004041000000
(1789541846.726500) can0 33D#0000102000280000
(1789541846.726750) can0 3B7#0000000000048387
(1789541846.726990) can0 491#0000000000000000
(1789541846.766838) can0 297#0101E040FFFF8E2E
(1789541846.766891) can0 29B#BB967002FD100000
(1789541846.816877) can0 297#0101E040FFFF8F2F
(1789541846.816906) can0 29B#BB967002FD100000
(1789541846.816980) can0 29C#2800000000000000
(1789541846.817076) can0 33F#0000000028000040
(1789541846.817355) can0 394#0036000010370011
(1789541846.817537) can0 396#3B6D4E2800454545
(1789541846.817803) can0 39A#00360200D7C00000
(1789541846.818025) can0 39B#3C3A820000000084
(1789541846.825788) can0 33B#0000003F00000000
(1789541846.826009) can0 323#0000000000001D65
(1789541846.826254) can0 324#0000004041000000
(1789541846.826505) can0 33D#0000102000280000
(1789541846.826744) can0 3B7#0000000000058287
(1789541846.826991) can0 491#0000000000000000
(1789541846.866838) can0 297#0101E040FFFF8020
(1789541846.866882) can0 29B#BB967002FD100000
(1789541846.916879) can0 297#0101E040FFFF8121
(1789541846.916907) can0 29B#BB967002FD100000
(1789541846.916986) can0 29C#2800000000000000
(1789541846.917072) can0 33F#0000000028000040
(1789541846.917370) can0 394#0036000010370110
(1789541846.917564) can0 396#3B6D4E2800454545
(1789541846.917804) can0 39A#00360200E7800000
(1789541846.918057) can0 39B#3C3A820000000480
(1789541846.925816) can0 33B#0000003F00000000
(1789541846.926044) can0 323#0000000000001D65
(1789541846.926282) can0 324#0000004041000000
(1789541846.926535) can0 33D#0000102000280000
(1789541846.926773) can0 3B7#0000000000068187
(1789541846.927016) can0 491#0000000000000000
(1789541846.966853) can0 297#0101E040FFFF8222
(1789541846.966892) can0 29B#BB967002FD100000
(1789541847.016871) can0 297#0101E040FFFF8323
(1789541847.016900) can0 29B#BB967002FD100000
(1789541847.017006) can0 29C#2800000000000000
(1789541847.017052) can0 33F#0000000028000040
(1789541847.017289) can0 394#0036000010370213
(1789541847.017533) can0 396#3B6D4E2800454545
(1789541847.017783) can0 39A#00360200F7400000
(1789541847.018020) can0 39B#3C3A82000000088C
(1789541847.025778) can0 33B#0000003F00000000
(1789541847.026011) can0 323#0000000000001FAD
(1789541847.026267) can0 324#0000004041000000
(1789541847.026514) can0 33D#0000102000280000
(1789541847.026751) can0 3B7#0000000000078087
(1789541847.027017) can0 491#0000000000000000
(1789541847.066822) can0 297#0101E040FFFF8424
(1789541847.066876) can0 29B#BB967002FD100000
(1789541847.116857) can0 297#0101E040FFFF8525
(1789541847.116943) can0 29B#BB967002FD100000
(1789541847.116973) can0 29C#2800000000000000
(1789541847.117073) can0 33F#0000000028000040
(1789541847.117298) can0 394#0036000010370312
(1789541847.117540) can0 396#3B6D4E2800454545
(1789541847.117810) can0 39A#0036020007000000
(1789541847.118034) can0 39B#3C3A820000000C88
(1789541847.125794) can0 33B#0000003F00000000
(1789541847.126030) can0 323#0000000000001FAD
(1789541847.126274) can0 324#0000004041000000
(1789541847.126521) can0 33D#0000102000280000
(1789541847.126748) can0 3B7#0000000000088F87
(1789541847.127007) can0 491#0000000000000000
(1789541847.166849) can0 297#0101E040FFFF8626
(1789541847.166882) can0 29B#BB967002FD100000
(1789541847.216823) can0 297#0101E040FFFF8727
(1789541847.216897) can0 29B#BB967002FD100000
(1789541847.216987) can0 29C#2800000000000000
(1789541847.217065) can0 33F#0000000028000040
(1789541847.217294) can0 394#0036000010370415
(1789541847.217538) can0 396#3B6D4E2800454545
(1789541847.217799) can0 39A#0036020016C00000
(1789541847.218041) can0 39B#3C3A820000001094
(1789541847.225854) can0 33B#0000003F00000000
(1789541847.226089) can0 323#0000000000001FAD
(1789541847.226326) can0 324#0000004041000000
(1789541847.226575) can0 33D#0000102000280000
(1789541847.226813) can0 3B7#0000000000098E87
(1789541847.227081) can0 491#0000000000000000
(1789541847.266835) can0 297#0101E040FFFF8828
(1789541847.266897) can0 29B#BB967002FD100000
(1789541847.316867) can0 297#0101E040FFFF8929
(1789541847.316898) can0 29B#BB967002FD100000
(1789541847.316976) can0 29C#2800000000000000
(1789541847.317071) can0 33F#0000000028000040
(1789541847.317319) can0 394#0036000010370514
(1789541847.317562) can0 396#3B6D4E2800454545
(1789541847.317799) can0 39A#0036020026800000
(1789541847.318053) can0 39B#3C3A820000001490
(1789541847.325795) can0 33B#0000003F00000000
(1789541847.326027) can0 323#0000000000001FAD
(1789541847.326270) can0 324#0000004041000000
(1789541847.326527) can0 33D#0000102000280000
(1789541847.326757) can0 3B7#00000000000A8D87
(1789541847.326995) can0 491#0000000000000000
(1789541847.366820) can0 297#0101E040FFFF8A2A
(1789541847.366881) can0 29B#BB967002FD100000
(1789541847.416874) can0 297#0101E040FFFF8B2B
(1789541847.416941) can0 29B#BB967002FD100000
(1789541847.416989) can0 29C#2800000000000000
(1789541847.417072) can0 33F#0000000028000040
(1789541847.417310) can0 394#0036000010370617
(1789541847.417556) can0 396#3B6D4E2800454545
(1789541847.417797) can0 39A#0036020036400000
(1789541847.418036) can0 39B#3C3A82000000189C
(1789541847.425829) can0 33B#0000003F00000000
(1789541847.426093) can0 323#0000000000001FAD
(1789541847.426313) can0 324#0000004041000000
(1789541847.426560) can0 33D#0000102000280000
(1789541847.426798) can0 3B7#00000000000B8C87
(1789541847.427037) can0 491#0000000000000000
(1789541847.466841) can0 297#0101E040FFFF8C2C
(1789541847.466878) can0 29B#BB967002FD100000
(1789541847.516867) can0 297#0101E040FFFF8D2D
(1789541847.516904) can0 29B#BB967002FD100000
(1789541847.516984) can0 29C#2800000000000000
(1789541847.517080) can0 33F#0000000028000040
(1789541847.517324) can0 394#0036000010370716
(1789541847.517579) can0 396#3B6D4E2800454545
(1789541847.517811) can0 39A#0036020046000000
(1789541847.518056) can0 39B#3C3A820000001C98
(1789541847.525818) can0 33B#0000003F00000000
(1789541847.526046) can0 323#0000000000000000
(1789541847.526280) can0 324#0000004041000000
(1789541847.526525) can0 33D#0000102000280000
(1789541847.526775) can0 3B7#00000000000C8B87
(1789541847.527011) can0 491#0000000000000000
(1789541847.566832) can0 297#0101E040FFFF8E2E
(1789541847.566878) can0 29B#BB967002FD100000
(1789541847.616861) can0 297#0101E040FFFF8F2F
(1789541847.616934) can0 29B#BB967002FD100000
(1789541847.616996) can0 29C#2800000000000000
(1789541847.617076) can0 33F#0000000028000040
(1789541847.617308) can0 394#0036000010370819
(1789541847.617537) can0 396#3B6D4E2800454545
(1789541847.617779) can0 39A#0036020055C00000
(1789541847.618030) can0 39B#3C3A8200000020A4
(1789541847.625802) can0 33B#0000003F00000000
(1789541847.626023) can0 323#0000000000000000
(1789541847.626288) can0 324#0000004041000000
(1789541847.626530) can0 33D#0000102000280000
(1789541847.626772) can0 3B7#00000000000D8A87
(1789541847.627019) can0 491#0000000000000000
(1789541847.666826) can0 297#0101E040FFFF8020
(1789541847.666881) can0 29B#BB967002FD100000
(1789541847.716868) can0 297#0101E040FFFF8121
(1789541847.716902) can0 29B#BB967002FD100000
(1789541847.716980) can0 29C#2800000000000000
(1789541847.717068) can0 33F#0000000028000040
(1789541847.717293) can0 394#0036000010370918
(1789541847.717540) can0 396#3B6D4E2800454545
(1789541847.717781) can0 39A#0036020065800000
(1789541847.718032) can0 39B#3C3A8200000024A0
(1789541847.725826) can0 33B#0000003F00000000
(1789541847.726039) can0 323#0000000000000000
(1789541847.726284) can0 324#0000004041000000
(1789541847.726525) can0 33D#0000102000280000
(1789541847.726777) can0 3B7#00000000000E8987
(1789541847.727014) can0 491#0000000000000000
(1789541847.766829) can0 297#0101E040FFFF8222
(1789541847.766867) can0 29B#BB967002FD100000
(1789541847.816870) can0 297#0101E040FFFF8323
(1789541847.816911) can0 29B#BB967002FD100000
(1789541847.816983) can0 29C#2800000000000000
(1789541847.817085) can0 33F#0000000028000040
(1789541847.817336) can0 394#0036000010370A1B
(1789541847.817565) can0 396#3B6D4E2800454545
(1789541847.817807) can0 39A#0036020075400000
(1789541847.818059) can0 39B#3C3A8200000028AC
(1789541847.825815) can0 33B#0000003F00000000
(1789541847.826050) can0 323#0000000000000000
(1789541847.826292) can0 324#0000004041000000
(1789541847.826539) can0 33D#0000102000280000
(1789541847.826779) can0 3B7#00000000000F8887
(1789541847.827028) can0 491#0000000000000000
(1789541847.866826) can0 297#0101E040FFFF8424
(1789541847.866885) can0 29B#BB967002FD100000
(1789541847.916858) can0 297#0101E040FFFF8525
(1789541847.916896) can0 29B#BB967002FD100000
(1789541847.916976) can0 29C#2800000000000000
(1789541847.917062) can0 33F#0000000028000040
(1789541847.917292) can0 394#0036000010370B1A
(1789541847.917539) can0 396#3B6D4E2800454545
(1789541847.917779) can0 39A#0036020085000000
(1789541847.918024) can0 39B#3C3A820000002CA8
(1789541847.926023) can0 33B#0000003F00000000
(1789541847.926261) can0 323#0000000000000000
(1789541847.926506) can0 324#0000004041000000
(1789541847.926729) can0 33D#0000102000280000
(1789541847.926975) can0 3B7#0000000000008787
(1789541847.927234) can0 491#0000000000000000
(1789541847.966822) can0 297#0101E040FFFF8626
(1789541847.966883) can0 29B#BB967002FD100000
(1789541848.016859) can0 297#0101E040FFFF8727
(1789541848.016937) can0 29B#BB967002FD100000
(1789541848.017016) can0 29C#2800000000000000
(1789541848.017075) can0 33F#0000000028000040
(1789541848.017322) can0 394#0036000010370C1D
(1789541848.017562) can0 396#3B6D4E2800454545
(1789541848.017805) can0 39A#0036020094C00000
(1789541848.018057) can0 39B#3C3A8200000030B4
(1789541848.025812) can0 33B#0000003F00000000
(1789541848.026045) can0 323#0000000000001D65
(1789541848.026289) can0 324#0000004041000000
(1789541848.026536) can0 33D#0000102000280000
(1789541848.026776) can0 3B7#0000000000018687
(1789541848.027018) can0 491#0000000000000000
(1789541848.066834) can0 297#0101E040FFFF8828
(1789541848.066883) can0 29B#BB967002FD100000
(1789541848.116854) can0 297#0101E040FFFF8929
(1789541848.116893) can0 29B#BB967002FD100000
(1789541848.116973) can0 29C#2800000000000000
(1789541848.117061) can0 33F#0000000028000040
(1789541848.117295) can0 394#0036000010370D1C
(1789541848.117536) can0 396#3B6D4E2800454545
(1789541848.117783) can0 39A#00360200A4800000
(1789541848.118033) can0 39B#3C3A8200000034B0
(1789541848.125851) can0 33B#0000003F00000000
(1789541848.126048) can0 323#0000000000001D65
(1789541848.126291) can0 324#0000004041000000
(1789541848.126538) can0 33D#0000102000280000
(1789541848.126782) can0 3B7#0000000000028587
(1789541848.127027) can0 491#0000000000000000
(1789541848.166828) can0 297#0101E040FFFF8A2A
(1789541848.166884) can0 29B#BB967002FD100000
(1789541848.216868) can0 297#0101E040FFFF8B2B
(1789541848.216904) can0 29B#BB967002FD100000
(1789541848.216985) can0 29C#2800000000000000
(1789541848.217074) can0 33F#0000000028000040
(1789541848.217302) can0 394#0036000010370E1F
(1789541848.217549) can0 396#3B6D4E2800454545
(1789541848.217793) can0 39A#00360200B4400000
(1789541848.218045) can0 39B#3C3A8200000038BC
(1789541848.225830) can0 33B#0000003F00000000
(1789541848.226045) can0 323#0000000000001D65
(1789541848.226304) can0 324#0000004041000000
(1789541848.226552) can0 33D#0000102000280000
(1789541848.226780) can0 3B7#0000000000038487
(1789541848.227044) can0 491#0000000000000000
(1789541848.266835) can0 297#0101E040FFFF8C2C
(1789541848.266905) can0 29B#BB967002FD100000
(1789541848.316886) can0 297#0101E040FFFF8D2D
(1789541848.316951) can0 29B#BB967002FD100000
(1789541848.316993) can0 29C#2800000000000000
(1789541848.317090) can0 33F#0000000028000040
(1789541848.317333) can0 394#0036000010370F1E
(1789541848.317591) can0 396#3B6D4E2800454545
(1789541848.317828) can0 39A#00360200C4000000
(1789541848.318080) can0 39B#3C3A820000003CB8
(1789541848.325922) can0 33B#0000003F00000000
(1789541848.326154) can0 323#0000000000001D65
(1789541848.326386) can0 324#0000004041000000
(1789541848.326635) can0 33D#0000102000280000
(1789541848.326885) can0 3B7#0000000000048387
(1789541848.327127) can0 491#0000000000000000
(1789541848.366835) can0 297#0101E040FFFF8E2E
(1789541848.366869) can0 29B#BB967002FD100000
(1789541848.416861) can0 297#0101E040FFFF8F2F
(1789541848.416937) can0 29B#BB967002FD100000
(1789541848.416969) can0 29C#2800000000000000
(1789541848.417071) can0 33F#0000000028000040
(1789541848.417320) can0 394#0036000010370011
(1789541848.417573) can0 396#3B6D4E2800454545
(1789541848.417807) can0 39A#00360200D3C00000
(1789541848.418044) can0 39B#3C3A820000000084
(1789541848.425868) can0 33B#0000003F00000000
(1789541848.426100) can0 323#0000000000001D65
(1789541848.426338) can0 324#0000004041000000
(1789541848.426598) can0 33D#0000102000280000
(1789541848.426837) can0 3B7#0000000000058287
(1789541848.427090) can0 491#0000000000000000
(1789541848.466837) can0 297#0101E040FFFF8020
(1789541848.466866) can0 29B#BB967002FD100000
(1789541848.516868) can0 297#0101E040FFFF8121
(1789541848.516894) can0 29B#BB967002FD100000
(1789541848.517022) can0 29C#2800000000000000
(1789541848.517067) can0 33F#0000000028000040
(1789541848.517304) can0 394#0036000010370110
(1789541848.517579) can0 396#3B6D4E2800454545
(1789541848.517803) can0 39A#00360200E3800000
(1789541848.518029) can0 39B#3C3A820000000480
(1789541848.525917) can0 33B#0000003F00000000
(1789541848.526139) can0 323#0000000000001FAD
(1789541848.526380) can0 324#0000004041000000
(1789541848.526622) can0 33D#0000102000280000
(1789541848.526880) can0 3B7#0000000000068187
(1789541848.527116) can0 491#0000000000000000
(1789541848.566825) can0 297#0101E040FFFF8222
(1789541848.566872) can0 29B#BB967002FD100000
(1789541848.616820) can0 297#0101E040FFFF8323
(1789541848.616899) can0 29B#BB967002FD100000
(1789541848.616980) can0 29C#2800000000000000
(1789541848.617065) can0 33F#0000000028000040
(1789541848.617297) can0 394#0036000010370213
(1789541848.617595) can0 396#3B6D4E2800454545
(1789541848.617781) can0 39A#00360200F3400000
(1789541848.618032) can0 39B#3C3A82000000088C
(1789541848.625839) can0 33B#0000003F00000000
(1789541848.626081) can0 323#0000000000001FAD
(1789541848.626319) can0 324#0000004041000000
(1789541848.626606) can0 33D#0000102000280000
(1789541848.626798) can0 3B7#0000000000078087
(1789541848.627045) can0 491#0000000000000000
(1789541848.666830) can0 297#0101E040FFFF8424
(1789541848.666877) can0 29B#BB967002FD100000
(1789541848.716873) can0 297#0101E040FFFF8525
(1789541848.716914) can0 29B#BB967002FD100000
(1789541848.716989) can0 29C#2800000000000000
(1789541848.717088) can0 33F#0000000028000040
(1789541848.717332) can0 394#0036000010370312
(1789541848.717606) can0 396#3B6D4E2800454545
(1789541848.717814) can0 39A#0036020003000000
(1789541848.718058) can0 39B#3C3A820000000C88
(1789541848.725906) can0 33B#0000003F00000000
(1789541848.726131) can0 323#0000000000001FAD
(1789541848.726380) can0 324#0000004042000000
(1789541848.726633) can0 33D#0000102000280000
(1789541848.726868) can0 3B7#0000000000088F87
(1789541848.727110) can0 491#0000000000000000
(1789541848.766878) can0 297#0101E040FFFF8626
(1789541848.766890) can0 29B#BB967002FD100000
(1789541848.816830) can0 297#0101E040FFFF8727
(1789541848.816907) can0 29B#BB967002FD100000
(1789541848.816987) can0 29C#2800000000000000
(1789541848.817072) can0 33F#0000000028000040
(1789541848.817305) can0 394#0036000010370415
(1789541848.817543) can0 396#3B6D4E2800454545
(1789541848.817786) can0 39A#0036020012C00000
(1789541848.818033) can0 39B#3C3A820000001094
(1789541848.825838) can0 33B#0000003F00000000
(1789541848.826059) can0 323#0000000000001FAD
(1789541848.826324) can0 324#0000004042000000
(1789541848.826622) can0 33D#0000102000280000
(1789541848.826809) can0 3B7#0000000000098E87
(1789541848.827054) can0 491#0000000000000000
(1789541848.866834) can0 297#0101E040FFFF8828
(1789541848.866876) can0 29B#BB967002FD100000
(1789541848.916857) can0 297#0101E040FFFF8929
(1789541848.916894) can0 29B#BB967002FD100000
(1789541848.916974) can0 29C#2800000000000000
(1789541848.917068) can0 33F#0000000028000040
(1789541848.917316) can0 394#0036000010370514
(1789541848.917556) can0 396#3B6D4E2800454545
(1789541848.917809) can0 39A#0036020022800000
(1789541848.918048) can0 39B#3C3A820000001490
(1789541848.925953) can0 33B#0000003F00000000
(1789541848.926175) can0 323#0000000000001FAD
(1789541848.926427) can0 324#0000004042000000
(1789541848.926675) can0 33D#0000102000280000
(1789541848.926913) can0 3B7#00000000000A8D87
(1789541848.927152) can0 491#0000000000000000
(1789541848.966827) can0 297#0101E040FFFF8A2A
(1789541848.966890) can0 29B#BB967002FD100000
(1789541849.016868) can0 297#0101E040FFFF8B2B
(1789541849.016906) can0 29B#BB967002FD100000
(1789541849.016986) can0 29C#2800000000000000
(1789541849.017066) can0 33F#0000000028000040
(1789541849.017290) can0 394#0036000010370617
(1789541849.017540) can0 396#3B6D4E2800454545
(1789541849.017784) can0 39A#0036020032400000
(1789541849.018029) can0 39B#3C3A82000000189C
(1789541849.025914) can0 33B#0000003F00000000
(1789541849.026200) can0 323#0000000000000000
(1789541849.026435) can0 324#0000004042000000
(1789541849.026651) can0 33D#0000102000280000
(1789541849.026900) can0 3B7#00000000000B8C87
(1789541849.027147) can0 491#0000000000000000
(1789541849.066831) can0 297#0101E040FFFF8C2C
(1789541849.066879) can0 29B#BB967002FD100000
(1789541849.116864) can0 297#0101E040FFFF8D2D
(1789541849.116901) can0 29B#BB967002FD100000
(1789541849.116981) can0 29C#2800000000000000
(1789541849.117069) can0 33F#0000000028000040
(1789541849.117294) can0 394#0036000010370716
(1789541849.117537) can0 396#3B6D4E2800454545
(1789541849.117787) can0 39A#0036020042000000
(1789541849.118039) can0 39B#3C3A820000001C98
(1789541849.125839) can0 33B#0000003F00000000
(1789541849.126076) can0 323#0000000000000000
(1789541849.126337) can0 324#0000004042000000
(1789541849.126576) can0 33D#0000102000280000
(1789541849.126809) can0 3B7#00000000000C8B87
(1789541849.127067) can0 491#0000000000000000
(1789541849.166822) can0 297#0101E040FFFF8E2E
(1789541849.166868) can0 29B#BB967002FD100000
(1789541849.216829) can0 297#0101E040FFFF8F2F
(1789541849.216913) can0 29B#BB967002FD100000
(1789541849.216946) can0 29C#2800000000000000
(1789541849.217062) can0 33F#0000000028000040
(1789541849.217300) can0 394#0036000010370819
(1789541849.217556) can0 396#3B6D4E2800454545
(1789541849.217800) can0 39A#0036020051C00000
(1789541849.218025) can0 39B#3C3A8200000020A4
(1789541849.225859) can0 33B#0000003F00000000
(1789541849.226096) can0 323#0000000000000000
(1789541849.226338) can0 324#0000004042000000
(1789541849.226579) can0 33D#0000102000280000
(1789541849.226840) can0 3B7#00000000000D8A87
(1789541849.227070) can0 491#0000000000000000
(1789541849.266839) can0 297#0101E040FFFF8020
(1789541849.266887) can0 29B#BB967002FD100000
(1789541849.316864) can0 297#0101E040FFFF8121
(1789541849.316941) can0 29B#BB967002FD100000
(1789541849.316980) can0 29C#2800000000000000
(1789541849.317078) can0 33F#0000000028000040
(1789541849.317323) can0 394#0036000010370918
(1789541849.317563) can0 396#3B6D4E2800454545
(1789541849.317816) can0 39A#0036020061800000
(1789541849.318065) can0 39B#3C3A8200000024A0
(1789541849.325858) can0 33B#0000003F00000000
(1789541849.326086) can0 323#0000000000000000
(1789541849.326332) can0 324#0000004042000000
(1789541849.326574) can0 33D#0000102000280000
(1789541849.326816) can0 3B7#00000000000E8987
(1789541849.327065) can0 491#0000000000000000
(1789541849.366823) can0 297#0101E040FFFF8222
(1789541849.366879) can0 29B#BB967002FD100000
(1789541849.416824) can0 297#0101E040FFFF8323
(1789541849.416901) can0 29B#BB967002FD100000
(1789541849.416942) can0 29C#2800000000000000
(1789541849.417081) can0 33F#0000000028000040
(1789541849.417302) can0 394#0036000010370A1B
(1789541849.417545) can0 396#3B6D4E2800454545
(1789541849.417775) can0 39A#0036020071400000
(1789541849.418029) can0 39B#3C3A8200000028AC
(1789541849.425930) can0 33B#0000003F00000000
(1789541849.426154) can0 323#0000000000000000
(1789541849.426418) can0 324#0000004042000000
(1789541849.426703) can0 33D#0000102000280000
(1789541849.426887) can0 3B7#00000000000F8887
(1789541849.427124) can0 491#0000000000000000
(1789541849.466829) can0 297#0101E040FFFF8424
(1789541849.466866) can0 29B#BB967002FD100000
(1789541849.516860) can0 297#0101E040FFFF8525
(1789541849.516897) can0 29B#BB967002FD100000
(1789541849.516978) can0 29C#2800000000000000
(1789541849.517064) can0 33F#0000000028000040
(1789541849.517293) can0 394#0036000010370B1A
(1789541849.517546) can0 396#3B6D4E2800454545
(1789541849.517784) can0 39A#0036020081000000
(1789541849.518027) can0 39B#3C3A820000002CA8
(1789541849.525862) can0 33B#0000003F00000000
(1789541849.526093) can0 323#0000000000001D65
(1789541849.526342) can0 324#0000004042000000
(1789541849.526592) can0 33D#0000102000280000
(1789541849.526839) can0 3B7#0000000000008787
(1789541849.527092) can0 491#0000000000000000
(1789541849.566849) can0 297#0101E040FFFF8626
(1789541849.566885) can0 29B#BB967002FD100000
(1789541849.616861) can0 297#0101E040FFFF8727
(1789541849.616899) can0 29B#BB967002FD100000
(1789541849.616980) can0 29C#2800000000000000
(1789541849.617070) can0 33F#0000000028000040
(1789541849.617294) can0 394#0036000010370C1D
(1789541849.617542) can0 396#3B6D4E2800454545
(1789541849.617776) can0 39A#0036020090C00000
(1789541849.618023) can0 39B#3C3A8200000030B4
(1789541849.625934) can0 33B#0000003F00000000
(1789541849.626175) can0 323#0000000000001D65
(1789541849.626419) can0 324#0000004042000000
(1789541849.626728) can0 33D#0000102000280000
(1789541849.626904) can0 3B7#0000000000018687
(1789541849.627145) can0 491#0000000000000000
(1789541849.666833) can0 297#0101E040FFFF8828
(1789541849.666881) can0 29B#BB967002FD100000
(1789541849.716870) can0 297#0101E040FFFF8929
(1789541849.716910) can0 29B#BB967002FD100000
(1789541849.716985) can0 29C#2800000000000000
(1789541849.717086) can0 33F#0000000028000040
(1789541849.717321) can0 394#0036000010370D1C
(1789541849.717545) can0 396#3B6D4E2800454545
(1789541849.717792) can0 39A#00360200A0800000
(1789541849.718040) can0 39B#3C3A8200000034B0
(1789541849.725867) can0 33B#0000003F00000000
(1789541849.726091) can0 323#0000000000001D65
(1789541849.726347) can0 324#0000004042000000
(1789541849.726595) can0 33D#0000102000280000
(1789541849.726839) can0 3B7#0000000000028587
(1789541849.727095) can0 491#0000000000000000
(1789541849.766845) can0 297#0101E040FFFF8A2A
(1789541849.766897) can0 29B#BB967002FD100000
(1789541849.816878) can0 297#0101E040FFFF8B2B
(1789541849.816917) can0 29B#BB967002FD100000
(1789541849.816997) can0 29C#2800000000000000
(1789541849.817097) can0 33F#0000000028000040
(1789541849.817332) can0 394#0036000010370E1F
(1789541849.817579) can0 396#3B6D4E2800454545
(1789541849.817822) can0 39A#00360200B0400000
(1789541849.818066) can0 39B#3C3A8200000038BC
(1789541849.825873) can0 33B#0000003F00000000
(1789541849.826106) can0 323#0000000000001D65
(1789541849.826354) can0 324#0000004042000000
(1789541849.826600) can0 33D#0000102000280000
(1789541849.826853) can0 3B7#0000000000038487
(1789541849.827083) can0 491#0000000000000000
(1789541849.866849) can0 297#0101E040FFFF8C2C
(1789541849.866901) can0 29B#BB967002FD100000
(1789541849.916835) can0 297#0101E040FFFF8D2D
(1789541849.916952) can0 29B#BB967002FD100000
(1789541849.916992) can0 29C#2800000000000000
(1789541849.917110) can0 33F#0000000028000040
(1789541849.917324) can0 394#0036000010370F1E
(1789541849.917580) can0 396#3B6D4E2800454545
(1789541849.917815) can0 39A#00360200C0000000
(1789541849.918067) can0 39B#3C3A820000003CB8
(1789541849.926005) can0 33B#0000003F00000000
(1789541849.926242) can0 323#0000000000001D65
(1789541849.926490) can0 324#0000004042000000
(1789541849.926770) can0 33D#0000102000280000
(1789541849.926969) can0 3B7#0000000000048387
(1789541849.927245) can0 491#0000000000000000
(1789541849.966874) can0 297#0101E040FFFF8E2E
(1789541849.966921) can0 29B#BB967002FD100000
(1789541850.016864) can0 297#0101E040FFFF8F2F
(1789541850.016941) can0 29B#BB967002FD100000
(1789541850.017023) can0 29C#2800000000000000
(1789541850.017112) can0 33F#0000000028000040
(1789541850.017345) can0 394#0036000010370011
(1789541850.017580) can0 396#3B6D4E2800454545
(1789541850.017830) can0 39A#00360200CFC00000
(1789541850.018067) can0 39B#3C3A820000000084
(1789541850.025887) can0 33B#0000003F00000000
(1789541850.026108) can0 323#0000000000001FAD
(1789541850.026358) can0 324#0000004042000000
(1789541850.026597) can0 33D#0000102000280000
(1789541850.026849) can0 3B7#0000000000058287
(1789541850.027091) can0 491#0000000000000000
(1789541850.066869) can0 297#0101E040FFFF8020
(1789541850.066909) can0 29B#BB967002FD100000
(1789541850.116916) can0 297#0101E040FFFF8121
(1789541850.116956) can0 29B#BB967002FD100000
(1789541850.117036) can0 29C#2800000000000000
(1789541850.117121) can0 33F#0000000028000040
(1789541850.117349) can0 394#0036000010370110
(1789541850.117597) can0 396#3B6D4E2800454545
(1789541850.117847) can0 39A#00360200DF800000
(1789541850.118082) can0 39B#3C3A820000000480
(1789541850.125881) can0 33B#0000003F00000000
(1789541850.126112) can0 323#0000000000001FAD
(1789541850.126355) can0 324#0000004042000000
(1789541850.126592) can0 33D#0000102000280000
(1789541850.126845) can0 3B7#0000000000068187
(1789541850.127093) can0 491#0000000000000000
(1789541850.166886) can0 297#0101E040FFFF8222
(1789541850.166936) can0 29B#BB967002FD100000
(1789541850.216931) can0 297#0101E040FFFF8323
(1789541850.217011) can0 29B#BB967002FD100000
(1789541850.217087) can0 29C#2800000000000000
(1789541850.217154) can0 33F#0000000028000040
(1789541850.217409) can0 394#0036000010370213
(1789541850.217636) can0 396#3B6D4E2800454545
(1789541850.217876) can0 39A#00360200EF400000
(1789541850.218127) can0 39B#3C3A82000000088C
(1789541850.225972) can0 33B#0000003F00000000
(1789541850.226202) can0 323#0000000000001FAD
(1789541850.226442) can0 324#0000004042000000
(1789541850.226686) can0 33D#0000102000280000
(1789541850.226931) can0 3B7#0000000000078087
(1789541850.227185) can0 491#0000000000000000
(1789541850.266890) can0 297#0101E040FFFF8424
(1789541850.266937) can0 29B#BB967002FD100000
(1789541850.316822) can0 297#0101E040FFFF8525
(1789541850.316980) can0 29B#BB967002FD100000
(1789541850.317025) can0 29C#2800000000000000
(1789541850.317099) can0 33F#0000000028000040
(1789541850.317304) can0 394#0036000010370312
(1789541850.317541) can0 396#3B6D4E2800454545
(1789541850.317817) can0 39A#00360200FF000000
(1789541850.318052) can0 39B#3C3A820000000C88
(1789541850.325891) can0 33B#0000003F00000000
(1789541850.326114) can0 323#0000000000001FAD
(1789541850.326349) can0 324#0000004042000000
(1789541850.326618) can0 33D#0000102000280000
(1789541850.326860) can0 3B7#0000000000088F87
(1789541850.327102) can0 491#0000000000000000
(1789541850.366825) can0 297#0101E040FFFF8626
(1789541850.366905) can0 29B#BB967002FD100000
(1789541850.416869) can0 297#0101E040FFFF8727
(1789541850.416910) can0 29B#BB967002FD100000
(1789541850.416989) can0 29C#2800000000000000
(1789541850.417107) can0 33F#0000000028000040
(1789541850.417308) can0 394#0036000010370415
(1789541850.417557) can0 396#3B6D4E2800454545
(1789541850.417832) can0 39A#003602000EC00000
(1789541850.418028) can0 39B#3C3A820000001094
(1789541850.425948) can0 33B#0000003F00000000
(1789541850.426162) can0 323#0000000000001FAD
(1789541850.426409) can0 324#0000004042000000
(1789541850.426645) can0 33D#0000102000280000
(1789541850.426891) can0 3B7#0000000000098E87
(1789541850.427141) can0 491#0000000000000000
(1789541850.466877) can0 297#0101E040FFFF8828
(1789541850.466917) can0 29B#BB967002FD100000
(1789541850.516845) can0 297#0101E040FFFF8929
(1789541850.516925) can0 29B#BB967002FD100000
(1789541850.516970) can0 29C#2800000000000000
(1789541850.517093) can0 33F#0000000028000040
(1789541850.517297) can0 394#0036000010370514
(1789541850.517532) can0 396#3B6D4E2800454545
(1789541850.517850) can0 39A#003602001E800000
(1789541850.518022) can0 39B#3C3A820000001490
(1789541850.525886) can0 33B#0000003F00000000
(1789541850.526120) can0 323#0000000000000000
(1789541850.526379) can0 324#0000004042000000
(1789541850.526622) can0 33D#0000102000280000
(1789541850.526856) can0 3B7#00000000000A8D87
(1789541850.527110) can0 491#0000000000000000
(1789541850.566851) can0 297#0101E040FFFF8A2A
(1789541850.566900) can0 29B#BB967002FD100000
(1789541850.616859) can0 297#0101E040FFFF8B2B
(1789541850.616938) can0 29B#BB967002FD100000
(1789541850.617015) can0 29C#2800000000000000
(1789541850.617106) can0 33F#0000000028000040
(1789541850.617330) can0 394#0036000010370617
(1789541850.617560) can0 396#3B6D4E2800454545
(1789541850.617862) can0 39A#003602002E400000
(1789541850.618047) can0 39B#3C3A82000000189C
(1789541850.625889) can0 33B#0000003F00000000
(1789541850.626123) can0 323#0000000000000000
(1789541850.626372) can0 324#0000004042000000
(1789541850.626613) can0 33D#0000102000280000
(1789541850.626860) can0 3B7#00000000000B8C87
(1789541850.627112) can0 491#0000000000000000
(1789541850.666866) can0 297#0101E040FFFF8C2C
(1789541850.666902) can0 29B#BB967002FD100000
(1789541850.716925) can0 297#0101E040FFFF8D2D
(1789541850.717003) can0 29B#BB967002FD100000
(1789541850.717027) can0 29C#2800000000000000
(1789541850.717127) can0 33F#0000000028000040
(1789541850.717323) can0 394#0036000010370716
(1789541850.717568) can0 396#3B6D4E2800454545
(1789541850.717877) can0 39A#003602003E000000
(1789541850.718063) can0 39B#3C3A820000001C98
(1789541850.725921) can0 33B#0000003F00000000
(1789541850.726135) can0 323#0000000000000000
(1789541850.726382) can0 324#0000004042000000
(1789541850.726630) can0 33D#0000102000280000
(1789541850.726875) can0 3B7#00000000000C8B87
(1789541850.727132) can0 491#0000000000000000
(1789541850.766890) can0 297#0101E040FFFF8E2E
(1789541850.766925) can0 29B#BB967002FD100000
(1789541850.816887) can0 297#0101E040FFFF8F2F
(1789541850.816974) can0 29B#BB967002FD100000
(1789541850.817051) can0 29C#2800000000000000
(1789541850.817164) can0 33F#0000000028000040
(1789541850.817316) can0 394#0036000010370819
(1789541850.817557) can0 396#3B6D4E2800454545
(1789541850.817797) can0 39A#003602004DC00000
(1789541850.818041) can0 39B#3C3A8200000020A4
(1789541850.825918) can0 33B#0000003F00000000
(1789541850.826153) can0 323#0000000000000000
(1789541850.826388) can0 324#0000004042000000
(1789541850.826640) can0 33D#0000102000280000
(1789541850.826888) can0 3B7#00000000000D8A87
(1789541850.827123) can0 491#0000000000000000
(1789541850.866895) can0 297#0101E040FFFF8020
(1789541850.866949) can0 29B#BB967002FD100000
(1789541850.916831) can0 297#0101E040FFFF8121
(1789541850.916897) can0 29B#BB967002FD100000
(1789541850.916978) can0 29C#2800000000000000
(1789541850.917099) can0 33F#0000000028000040
(1789541850.917294) can0 394#0036000010370918
(1789541850.917536) can0 396#3B6D4E2800454545
(1789541850.917775) can0 39A#003602005D800000
(1789541850.918022) can0 39B#3C3A8200000024A0
(1789541850.925949) can0 33B#0000003F00000000
(1789541850.926173) can0 323#0000000000000000
(1789541850.926415) can0 324#0000004042000000
(1789541850.926664) can0 33D#0000102000280000
(1789541850.926898) can0 3B7#00000000000E8987
(1789541850.927155) can0 491#0000000000000000
(1789541850.966836) can0 297#0101E040FFFF8222
(1789541850.966906) can0 29B#BB967002FD100000
(1789541851.016824) can0 297#0101E040FFFF8323
(1789541851.016946) can0 29B#BB967002FD100000
(1789541851.016990) can0 29C#2800000000000000
(1789541851.017105) can0 33F#0000000028000040
(1789541851.017288) can0 394#0036000010370A1B
(1789541851.017538) can0 396#3B6D4E2800454545
(1789541851.017794) can0 39A#003602006D400000
(1789541851.018025) can0 39B#3C3A8200000028AC
(1789541851.025945) can0 33B#0000003F00000000
(1789541851.026150) can0 323#0000000000001D65
(1789541851.026413) can0 324#0000004042000000
(1789541851.026666) can0 33D#0000102000280000
(1789541851.026915) can0 3B7#00000000000F8887
(1789541851.027145) can0 491#0000000000000000
(1789541851.066922) can0 297#0101E040FFFF8424
(1789541851.066968) can0 29B#BB967002FD100000
(1789541851.116854) can0 297#0101E040FFFF8525
(1789541851.116928) can0 29B#BB967002FD100000
(1789541851.117007) can0 29C#2800000000000000
(1789541851.117098) can0 33F#0000000028000040
(1789541851.117317) can0 394#0036000010370B1A
(1789541851.117562) can0 396#3B6D4E2800454545
(1789541851.117802) can0 39A#003602007D000000
(1789541851.118058) can0 39B#3C3A820000002CA8
(1789541851.125949) can0 33B#0000003F00000000
(1789541851.126139) can0 323#0000000000001D65
(1789541851.126382) can0 324#0000004042000000
(1789541851.126623) can0 33D#0000102000280000
(1789541851.126929) can0 3B7#0000000000008787
(1789541851.127128) can0 491#0000000000000000
(1789541851.166823) can0 297#0101E040FFFF8626
(1789541851.166933) can0 29B#BB967002FD100000
(1789541851.216868) can0 297#0101E040FFFF8727
(1789541851.216976) can0 29B#BB967002FD100000
(1789541851.217056) can0 29C#2800000000000000
(1789541851.217096) can0 33F#0000000028000040
(1789541851.217324) can0 394#0036000010370C1D
(1789541851.217575) can0 396#3B6D4E2800454545
(1789541851.217815) can0 39A#003602008CC00000
(1789541851.218062) can0 39B#3C3A8200000030B4
(1789541851.226009) can0 33B#0000003F00000000
(1789541851.226233) can0 323#0000000000001D65
(1789541851.226468) can0 324#0000004042000000
(1789541851.226719) can0 33D#0000102000280000
(1789541851.226959) can0 3B7#0000000000018687
(1789541851.227209) can0 491#0000000000000000
(1789541851.266836) can0 297#0101E040FFFF8828
(1789541851.266949) can0 29B#BB967002FD100000
(1789541851.316853) can0 297#0101E040FFFF8929
(1789541851.316950) can0 29B#BB967002FD100000
(1789541851.317030) can0 29C#2800000000000000
(1789541851.317107) can0 33F#0000000028000040
(1789541851.317309) can0 394#0036000010370D1C
(1789541851.317548) can0 396#3B6D4E2800454545
(1789541851.317799) can0 39A#003602009C800000
(1789541851.318048) can0 39B#3C3A8200000034B0
(1789541851.325972) can0 33B#0000003F00000000
(1789541851.326150) can0 323#0000000000001D65
(1789541851.326389) can0 324#0000004042000000
(1789541851.326636) can0 33D#0000102000280000
(1789541851.326880) can0 3B7#0000000000028587
(1789541851.327129) can0 491#0000000000000000
(1789541851.366822) can0 297#0101E040FFFF8A2A
(1789541851.366877) can0 29B#BB967002FD100000
(1789541851.416851) can0 297#0101E040FFFF8B2B
(1789541851.416965) can0 29B#BB967002FD100000
(1789541851.417044) can0 29C#2800000000000000
(1789541851.417089) can0 33F#0000000028000040
(1789541851.417315) can0 394#0036000010370E1F
(1789541851.417566) can0 396#3B6D4E2800454545
(1789541851.417817) can0 39A#00360200AC400000
(1789541851.418062) can0 39B#3C3A8200000038BC
(1789541851.426041) can0 33B#0000003F00000000
(1789541851.426265) can0 323#0000000000001D65
(1789541851.426513) can0 324#0000004042000000
(1789541851.426758) can0 33D#0000102000280000
(1789541851.427006) can0 3B7#0000000000038487
(1789541851.427245) can0 491#0000000000000000
(1789541851.466823) can0 297#0101E040FFFF8C2C
(1789541851.466869) can0 29B#BB967002FD100000
(1789541851.516850) can0 297#0101E040FFFF8D2D
(1789541851.516979) can0 29B#BB967002FD100000
(1789541851.517058) can0 29C#2800000000000000
(1789541851.517103) can0 33F#0000000028000040
(1789541851.517307) can0 394#0036000010370F1E
(1789541851.517548) can0 396#3B6D4E2800454545
(1789541851.517788) can0 39A#00360200BC000000
(1789541851.518038) can0 39B#3C3A820000003CB8
(1789541851.526009) can0 33B#0000003F00000000
(1789541851.526232) can0 323#0000000000001FAD
(1789541851.526479) can0 324#0000004042000000
(1789541851.526739) can0 33D#0000102000280000
(1789541851.526984) can0 3B7#0000000000048387
(1789541851.527231) can0 491#0000000000000000
(1789541851.566818) can0 297#0101E040FFFF8E2E
(1789541851.566870) can0 29B#BB967002FD100000
(1789541851.616810) can0 297#0101E040FFFF8F2F
(1789541851.616928) can0 29B#BB967002FD100000
(1789541851.616990) can0 29C#2800000000000000
(1789541851.617070) can0 33F#0000000028000040
(1789541851.617279) can0 394#0036000010370011
(1789541851.617519) can0 396#3B6D4E2800454545
(1789541851.617768) can0 39A#00360200CBC00000
(1789541851.618013) can0 39B#3C3A820000000084
(1789541851.625937) can0 33B#0000003F00000000
(1789541851.626160) can0 323#0000000000001FAD
(1789541851.626417) can0 324#0000004042000000
(1789541851.626659) can0 33D#0000102000280000
(1789541851.626892) can0 3B7#0000000000058287
(1789541851.627136) can0 491#0000000000000000
(1789541851.666816) can0 297#0101E040FFFF8020
(1789541851.666871) can0 29B#BB967002FD100000
(1789541851.716825) can0 297#0101E040FFFF8121
(1789541851.716898) can0 29B#BB967002FD100000
(1789541851.716936) can0 29C#2800000000000000
(1789541851.717117) can0 33F#0000000028000040
(1789541851.717293) can0 394#0036000010370110
(1789541851.717540) can0 396#3B6D4E2800454545
(1789541851.717778) can0 39A#00360200DB800000
(1789541851.718027) can0 39B#3C3A820000000480
(1789541851.726028) can0 33B#0000003F00000000
(1789541851.726242) can0 323#0000000000001FAD
(1789541851.726481) can0 324#0000004042000000
(1789541851.726741) can0 33D#0000102000280000
(1789541851.727006) can0 3B7#0000000000068187
(1789541851.727236) can0 491#0000000000000000
(1789541851.766827) can0 297#0101E040FFFF8222
(1789541851.766896) can0 29B#BB967002FD100000
(1789541851.816822) can0 297#0101E040FFFF8323
(1789541851.816906) can0 29B#BB967002FD100000
(1789541851.816940) can0 29C#2800000000000000
(1789541851.817092) can0 33F#0000000028000040
(1789541851.817289) can0 394#0036000010370213
(1789541851.817537) can0 396#3B6D4E2800454545
(1789541851.817778) can0 39A#00360200EB400000
(1789541851.818035) can0 39B#3C3A82000000088C
(1789541851.825938) can0 33B#0000003F00000000
(1789541851.826165) can0 323#0000000000001FAD
(1789541851.826422) can0 324#0000004042000000
(1789541851.826663) can0 33D#0000102000280000
(1789541851.826913) can0 3B7#0000000000078087
(1789541851.827146) can0 491#0000000000000000
(1789541851.866838) can0 297#0101E040FFFF8424
(1789541851.866866) can0 29B#BB967002FD100000
(1789541851.916865) can0 297#0101E040FFFF8525
(1789541851.916918) can0 29B#BB967002FD100000
(1789541851.916951) can0 29C#2800000000000000
(1789541851.917127) can0 33F#0000000028000040
(1789541851.917327) can0 394#0036000010370312
(1789541851.917572) can0 396#3B6D4E2800454545
(1789541851.917809) can0 39A#00360200FB000000
(1789541851.918092) can0 39B#3C3A820000000C88
(1789541851.926197) can0 33B#0000003F00000000
(1789541851.926459) can0 323#0000000000001FAD
(1789541851.926680) can0 324#0000004042000000
(1789541851.926894) can0 33D#0000102000280000
(1789541851.927140) can0 3B7#0000000000088F87
(1789541851.927396) can0 491#0000000000000000
(1789541851.966854) can0 297#0101E040FFFF8626
(1789541851.966896) can0 29B#BB967002FD100000
(1789541852.016870) can0 297#0101E040FFFF8727
(1789541852.016940) can0 29B#BB967002FD100000
(1789541852.017040) can0 29C#2800000000000000
(1789541852.017119) can0 33F#0000000028000040
(1789541852.017323) can0 394#0036000010370415
(1789541852.017580) can0 396#3B6D4E2800454545
(1789541852.017820) can0 39A#003602000AC00000
(1789541852.018073) can0 39B#3C3A820000001094
(1789541852.025939) can0 33B#0000003F00000000
(1789541852.026176) can0 323#0000000000000000
(1789541852.026424) can0 324#0000004042000000
(1789541852.026673) can0 33D#0000102000280000
(1789541852.026907) can0 3B7#0000000000098E87
(1789541852.027170) can0 491#0000000000000000
(1789541852.066829) can0 297#0101E040FFFF8828
(1789541852.066883) can0 29B#BB967002FD100000
(1789541852.116863) can0 297#0101E040FFFF8929
(1789541852.116938) can0 29B#BB967002FD100000
(1789541852.116977) can0 29C#2800000000000000
(1789541852.117102) can0 33F#0000000028000040
(1789541852.117308) can0 394#0036000010370514
(1789541852.117565) can0 396#3B6D4E2800454545
(1789541852.117854) can0 39A#003602001A800000
(1789541852.118057) can0 39B#3C3A820000001490
(1789541852.125951) can0 33B#0000003F00000000
(1789541852.126185) can0 323#0000000000000000
(1789541852.126436) can0 324#0000004042000000
(1789541852.126666) can0 33D#0000102000280000
(1789541852.126911) can0 3B7#00000000000A8D87
(1789541852.127156) can0 491#0000000000000000
(1789541852.166839) can0 297#0101E040FFFF8A2A
(1789541852.166886) can0 29B#BB967002FD100000
(1789541852.216887) can0 297#0101E040FFFF8B2B
(1789541852.216919) can0 29B#BB967002FD100000
(1789541852.216996) can0 29C#2800000000000000
(1789541852.217113) can0 33F#0000000028000040
(1789541852.217319) can0 394#0036000010370617
(1789541852.217579) can0 396#3B6D4E2800454545
(1789541852.217822) can0 39A#003602002A400000
(1789541852.218078) can0 39B#3C3A82000000189C
(1789541852.225998) can0 33B#0000003F00000000
(1789541852.226229) can0 323#0000000000000000
(1789541852.226469) can0 324#0000004042000000
(1789541852.226737) can0 33D#0000102000280000
(1789541852.226967) can0 3B7#00000000000B8C87
(1789541852.227219) can0 491#0000000000000000
(1789541852.266844) can0 297#0101E040FFFF8C2C
(1789541852.266887) can0 29B#BB967002FD100000
(1789541852.316871) can0 297#0101E040FFFF8D2D
(1789541852.316900) can0 29B#BB967002FD100000
(1789541852.316983) can0 29C#2800000000000000
(1789541852.317093) can0 33F#0000000028000040
(1789541852.317289) can0 394#0036000010370716
(1789541852.317546) can0 396#3B6D4E2800454545
(1789541852.317780) can0 39A#003602003A000000
(1789541852.318093) can0 39B#3C3A820000001C98
(1789541852.325953) can0 33B#0000003F00000000
(1789541852.326189) can0 323#0000000000000000
(1789541852.326433) can0 324#0000004042000000
(1789541852.326684) can0 33D#0000102000280000
(1789541852.326916) can0 3B7#00000000000C8B87
(1789541852.327166) can0 491#0000000000000000
(1789541852.366833) can0 297#0101E040FFFF8E2E
(1789541852.366896) can0 29B#BB967002FD100000
(1789541852.416867) can0 297#0101E040FFFF8F2F
(1789541852.416896) can0 29B#BB967002FD100000
(1789541852.416975) can0 29C#2800000000000000
(1789541852.417098) can0 33F#0000000028000040
(1789541852.417300) can0 394#0036000010370819
(1789541852.417543) can0 396#3B6D4E2800454545
(1789541852.417799) can0 39A#0036020049C00000
(1789541852.418024) can0 39B#3C3A8200000020A4
(1789541852.425982) can0 33B#0000003F00000000
(1789541852.426223) can0 323#0000000000000000
(1789541852.426476) can0 324#0000004042000000
(1789541852.426705) can0 33D#0000102000280000
(1789541852.426950) can0 3B7#00000000000D8A87
(1789541852.427225) can0 491#0000000000000000
(1789541852.466846) can0 297#0101E040FFFF8020
(1789541852.466906) can0 29B#BB967002FD100000
(1789541852.516831) can0 297#0101E040FFFF8121
(1789541852.516912) can0 29B#BB967002FD100000
(1789541852.516986) can0 29C#2800000000000000
(1789541852.517109) can0 33F#0000000028000040
(1789541852.517297) can0 394#0036000010370918
(1789541852.517533) can0 396#3B6D4E2800454545
(1789541852.517799) can0 39A#0036020059800000
(1789541852.518034) can0 39B#3C3A8200000024A0
(1789541852.526024) can0 33B#0000003F00000000
(1789541852.526259) can0 323#0000000000001D65
(1789541852.526498) can0 324#0000004042000000
(1789541852.526759) can0 33D#0000102000280000
(1789541852.526994) can0 3B7#00000000000E8987
(1789541852.527236) can0 491#0000000000000000
(1789541852.566843) can0 297#0101E040FFFF8222
(1789541852.566878) can0 29B#BB967002FD100000
(1789541852.616881) can0 297#0101E040FFFF8323
(1789541852.616908) can0 29B#BB967002FD100000
(1789541852.616986) can0 29C#2800000000000000
(1789541852.617123) can0 33F#0000000028000040
(1789541852.617335) can0 394#0036000010370A1B
(1789541852.617571) can0 396#3B6D4E2800454545
(1789541852.617809) can0 39A#0036020069400000
(1789541852.618137) can0 39B#3C3A8200000028AC
(1789541852.626021) can0 33B#0000003F00000000
(1789541852.626258) can0 323#0000000000001D65
(1789541852.626502) can0 324#0000004042000000
(1789541852.626752) can0 33D#0000102000280000
(1789541852.626999) can0 3B7#00000000000F8887
(1789541852.627229) can0 491#0000000000000000
(1789541852.666856) can0 297#0101E040FFFF8424
(1789541852.666909) can0 29B#BB967002FD100000
(1789541852.716828) can0 297#0101E040FFFF8525
(1789541852.716952) can0 29B#BB967002FD100000
(1789541852.716982) can0 29C#2800000000000000
(1789541852.717137) can0 33F#0000000028000040
(1789541852.717294) can0 394#0036000010370B1A
(1789541852.717546) can0 396#3B6D4E2800454545
(1789541852.717787) can0 39A#0036020079000000
(1789541852.718031) can0 39B#3C3A820000002CA8
(1789541852.725966) can0 33B#0000003F00000000
(1789541852.726197) can0 323#0000000000001D65
(1789541852.726447) can0 324#0000004042000000
(1789541852.726700) can0 33D#0000102000280000
(1789541852.726933) can0 3B7#0000000000008787
(1789541852.727177) can0 491#0000000000000000
(1789541852.766821) can0 297#0101E040FFFF8626
(1789541852.766864) can0 29B#BB967002FD100000
(1789541852.816872) can0 297#0101E040FFFF8727
(1789541852.816908) can0 29B#BB967002FD100000
(1789541852.816999) can0 29C#2800000000000000
(1789541852.817074) can0 33F#0000000028000040
(1789541852.817302) can0 394#0036000010370C1D
(1789541852.817546) can0 396#3B6D4E2800454545
(1789541852.817789) can0 39A#0036020088C00000
(1789541852.818029) can0 39B#3C3A8200000030B4
(1789541852.825971) can0 33B#0000003F00000000
(1789541852.826201) can0 323#0000000000001D65
(1789541852.826448) can0 324#0000004042000000
(1789541852.826689) can0 33D#0000102000280000
(1789541852.826924) can0 3B7#0000000000018687
(1789541852.827172) can0 491#0000000000000000
(1789541852.866819) can0 297#0101E040FFFF8828
(1789541852.866886) can0 29B#BB967002FD100000
(1789541852.916871) can0 297#0101E040FFFF8929
(1789541852.916900) can0 29B#BB967002FD100000
(1789541852.916978) can0 29C#2800000000000000
(1789541852.917077) can0 33F#0000000028000040
(1789541852.917305) can0 394#0036000010370D1C
(1789541852.917573) can0 396#3B6D4E2800454545
(1789541852.917810) can0 39A#0036020098800000
(1789541852.918049) can0 39B#3C3A8200000034B0
(1789541852.926016) can0 33B#0000003F00000000
(1789541852.926234) can0 323#0000000000001D65
(1789541852.926477) can0 324#0000004042000000
(1789541852.926724) can0 33D#0000102000280000
(1789541852.926962) can0 3B7#0000000000028587
(1789541852.927220) can0 491#0000000000000000
(1789541852.966838) can0 297#0101E040FFFF8A2A
(1789541852.966892) can0 29B#BB967002FD100000
(1789541853.016855) can0 297#0101E040FFFF8B2B
(1789541853.016939) can0 29B#BB967002FD100000
(1789541853.016971) can0 29C#2800000000000000
(1789541853.017059) can0 33F#0000000028000040
(1789541853.017286) can0 394#0036000010370E1F
(1789541853.017527) can0 396#3B6D4E2800454545
(1789541853.017780) can0 39A#00360200A8400000
(1789541853.018024) can0 39B#3C3A8200000038BC
(1789541853.025972) can0 33B#0000003F00000000
(1789541853.026206) can0 323#0000000000001FAD
(1789541853.026449) can0 324#0000004042000000
(1789541853.026687) can0 33D#0000102000280000
(1789541853.026930) can0 3B7#0000000000038487
(1789541853.027183) can0 491#0000000000000000
(1789541853.066837) can0 297#0101E040FFFF8C2C
(1789541853.066879) can0 29B#BB967002FD100000
(1789541853.116822) can0 297#0101E040FFFF8D2D
(1789541853.116909) can0 29B#BB967002FD100000
(1789541853.117032) can0 29C#2800000000000000
(1789541853.117064) can0 33F#0000000028000040
(1789541853.117294) can0 394#0036000010370F1E
(1789541853.117550) can0 396#3B6D4E2800454545
(1789541853.117786) can0 39A#00360200B8000000
(1789541853.118020) can0 39B#3C3A820000003CB8
(1789541853.125996) can0 33B#0000003F00000000
(1789541853.126216) can0 323#0000000000001FAD
(1789541853.126463) can0 324#0000004042000000
(1789541853.126705) can0 33D#0000102000280000
(1789541853.126943) can0 3B7#0000000000048387
(1789541853.127189) can0 491#0000000000000000
(1789541853.166826) can0 297#0101E040FFFF8E2E
(1789541853.166876) can0 29B#BB967002FD100000
(1789541853.216873) can0 297#0101E040FFFF8F2F
(1789541853.216911) can0 29B#BB967002FD100000
(1789541853.216989) can0 29C#2800000000000000
(1789541853.217084) can0 33F#0000000028000040
(1789541853.217330) can0 394#0036000010370011
(1789541853.217579) can0 396#3B6D4E2800454545
(1789541853.217829) can0 39A#00360200C7C00000
(1789541853.218059) can0 39B#3C3A820000000084
(1789541853.226003) can0 33B#0000003F00000000
(1789541853.226224) can0 323#0000000000001FAD
(1789541853.226474) can0 324#0000004042000000
(1789541853.226717) can0 33D#0000102000280000
(1789541853.226960) can0 3B7#0000000000058287
(1789541853.227228) can0 491#0000000000000000
(1789541853.266840) can0 297#0101E040FFFF8020
(1789541853.266885) can0 29B#BB967002FD100000
(1789541853.316871) can0 297#0101E040FFFF8121
(1789541853.316908) can0 29B#BB967002FD100000
(1789541853.316988) can0 29C#2800000000000000
(1789541853.317072) can0 33F#0000000028000040
(1789541853.317302) can0 394#0036000010370110
(1789541853.317546) can0 396#3B6D4E2800454545
(1789541853.317786) can0 39A#00360200D7800000
(1789541853.318026) can0 39B#3C3A820000000480
(1789541853.325979) can0 33B#0000003F00000000
(1789541853.326219) can0 323#0000000000001FAD
(1789541853.326469) can0 324#0000004042000000
(1789541853.326704) can0 33D#0000102000280000
(1789541853.326944) can0 3B7#0000000000068187
(1789541853.327217) can0 491#0000000000000000
(1789541853.366828) can0 297#0101E040FFFF8222
(1789541853.366866) can0 29B#BB967002FD100000
(1789541853.416870) can0 297#0101E040FFFF8323
(1789541853.416906) can0 29B#BB967002FD100000
(1789541853.416987) can0 29C#2800000000000000
(1789541853.417075) can0 33F#0000000028000040
(1789541853.417306) can0 394#0036000010370213
(1789541853.417549) can0 396#3B6D4E2800454545
(1789541853.417790) can0 39A#00360200E7400000
(1789541853.418036) can0 39B#3C3A82000000088C
(1789541853.426021) can0 33B#0000003F00000000
(1789541853.426259) can0 323#0000000000001FAD
(1789541853.426502) can0 324#0000004042000000
(1789541853.426741) can0 33D#0000102000280000
(1789541853.426982) can0 3B7#0000000000078087
(1789541853.427230) can0 491#0000000000000000
(1789541853.466836) can0 297#0101E040FFFF8424
(1789541853.466879) can0 29B#BB967002FD100000
(1789541853.516832) can0 297#0101E040FFFF8525
(1789541853.516908) can0 29B#BB967002FD100000
(1789541853.516948) can0 29C#2800000000000000
(1789541853.517067) can0 33F#0000000028000040
(1789541853.517302) can0 394#0036000010370312
(1789541853.517540) can0 396#3B6D4E2800454545
(1789541853.517789) can0 39A#00360200F7000000
(1789541853.518023) can0 39B#3C3A820000000C88
(1789541853.525978) can0 33B#0000003F00000000
(1789541853.526244) can0 323#0000000000000000
(1789541853.526471) can0 324#0000004042000000
(1789541853.526717) can0 33D#0000102000280000
(1789541853.526966) can0 3B7#0000000000088F87
(1789541853.527245) can0 491#0000000000000000
(1789541853.566834) can0 297#0101E040FFFF8626
(1789541853.566883) can0 29B#BB967002FD100000
(1789541853.616879) can0 297#0101E040FFFF8727
(1789541853.616922) can0 29B#BB967002FD100000
(1789541853.616996) can0 29C#2800000000000000
(1789541853.617085) can0 33F#0000000028000040
(1789541853.617334) can0 394#0036000010370415
(1789541853.617577) can0 396#3B6D4E2800454545
(1789541853.617816) can0 39A#0036020006C00000
(1789541853.618063) can0 39B#3C3A820000001094
(1789541853.625976) can0 33B#0000003F00000000
(1789541853.626257) can0 323#0000000000000000
(1789541853.626480) can0 324#0000004042000000
(1789541853.626730) can0 33D#0000102000280000
(1789541853.626959) can0 3B7#0000000000098E87
(1789541853.627256) can0 491#0000000000000000
(1789541853.666828) can0 297#0101E040FFFF8828
(1789541853.666864) can0 29B#BB967002FD100000
(1789541853.716838) can0 297#0101E040FFFF8929
(1789541853.716961) can0 29B#BB967002FD100000
(1789541853.716991) can0 29C#2800000000000000
(1789541853.717072) can0 33F#0000000028000040
(1789541853.717307) can0 394#0036000010370514
(1789541853.717547) can0 396#3B6D4E2800454545
(1789541853.717793) can0 39A#0036020016800000
(1789541853.718042) can0 39B#3C3A820000001490
(1789541853.726003) can0 33B#0000003F00000000
(1789541853.726277) can0 323#0000000000000000
(1789541853.726477) can0 324#0000004042000000
(1789541853.726726) can0 33D#0000102000280000
(1789541853.726974) can0 3B7#00000000000A8D87
(1789541853.727277) can0 491#0000000000000000
(1789541853.766832) can0 297#0101E040FFFF8A2A
(1789541853.766872) can0 29B#BB967002FD100000
(1789541853.816854) can0 297#0101E040FFFF8B2B
(1789541853.816882) can0 29B#BB967002FD100000
(1789541853.816969) can0 29C#2800000000000000
(1789541853.817090) can0 33F#0000000028000040
(1789541853.817317) can0 394#0036000010370617
(1789541853.817553) can0 396#3B6D4E2800454545
(1789541853.817793) can0 39A#0036020026400000
(1789541853.818041) can0 39B#3C3A82000000189C
(1789541853.826007) can0 33B#0000003F00000000
(1789541853.826288) can0 323#0000000000000000
(1789541853.826488) can0 324#0000004042000000
(1789541853.826726) can0 33D#0000102000280000
(1789541853.826968) can0 3B7#00000000000B8C87
(1789541853.827207) can0 491#0000000000000000
(1789541853.866828) can0 297#0101E040FFFF8C2C
(1789541853.866869) can0 29B#BB967002FD100000
(1789541853.916876) can0 297#0101E040FFFF8D2D
(1789541853.916956) can0 29B#BB967002FD100000
(1789541853.917030) can0 29C#2800000000000000
(1789541853.917088) can0 33F#0000000028000040
(1789541853.917334) can0 394#0036000010370716
(1789541853.917574) can0 396#3B6D4E2800454545
(1789541853.917817) can0 39A#0036020036000000
(1789541853.918066) can0 39B#3C3A820000001C98
(1789541853.926125) can0 33B#0000003F00000000
(1789541853.926365) can0 323#0000000000000000
(1789541853.926608) can0 324#0000004042000000
(1789541853.926859) can0 33D#0000102000280000
(1789541853.927105) can0 3B7#00000000000C8B87
(1789541853.927345) can0 491#0000000000000000
(1789541853.966831) can0 297#0101E040FFFF8E2E
(1789541853.966882) can0 29B#BB967002FD100000
(1789541854.016835) can0 297#0101E040FFFF8F2F
(1789541854.016912) can0 29B#BB967002FD100000
(1789541854.016952) can0 29C#2800000000000000
(1789541854.017071) can0 33F#0000000028000040
(1789541854.017308) can0 394#0036000010370819
(1789541854.017544) can0 396#3B6D4E2800454545
(1789541854.017793) can0 39A#0036020045C00000
(1789541854.018031) can0 39B#3C3A8200000020A4
(1789541854.026016) can0 33B#0000003F00000000
(1789541854.026236) can0 323#0000000000001D65
(1789541854.026477) can0 324#0000004042000000
(1789541854.026743) can0 33D#0000102000280000
(1789541854.026963) can0 3B7#00000000000D8A87
(1789541854.027232) can0 491#0000000000000000
(1789541854.066836) can0 297#0101E040FFFF8020
(1789541854.066889) can0 29B#BB967002FD100000
(1789541854.116833) can0 297#0101E040FFFF8121
(1789541854.116957) can0 29B#BB967002FD100000
(1789541854.116963) can0 29C#2800000000000000
(1789541854.117069) can0 33F#0000000028000040
(1789541854.117321) can0 394#0036000010370918
(1789541854.117547) can0 396#3B6D4E2800454545
(1789541854.117793) can0 39A#0036020055800000
(1789541854.118044) can0 39B#3C3A8200000024A0
(1789541854.126011) can0 33B#0000003F00000000
(1789541854.126227) can0 323#0000000000001D65
(1789541854.126481) can0 324#0000004042000000
(1789541854.126739) can0 33D#0000102000280000
(1789541854.126967) can0 3B7#00000000000E8987
(1789541854.127231) can0 491#0000000000000000
(1789541854.166833) can0 297#0101E040FFFF8222
(1789541854.166869) can0 29B#BB967002FD100000
(1789541854.216874) can0 297#0101E040FFFF8323
(1789541854.216911) can0 29B#BB967002FD100000
(1789541854.216989) can0 29C#2800000000000000
(1789541854.217068) can0 33F#0000000028000040
(1789541854.217333) can0 394#0036000010370A1B
(1789541854.217540) can0 396#3B6D4E2800454545
(1789541854.217781) can0 39A#0036020065400000
(1789541854.218069) can0 39B#3C3A8200000028AC
(1789541854.226017) can0 33B#0000003F00000000
(1789541854.226231) can0 323#0000000000001D65
(1789541854.226474) can0 324#0000004042000000
(1789541854.226734) can0 33D#0000102000280000
(1789541854.226963) can0 3B7#00000000000F8887
(1789541854.227224) can0 491#0000000000000000
(1789541854.266827) can0 297#0101E040FFFF8424
(1789541854.266881) can0 29B#BB967002FD100000
(1789541854.316888) can0 297#0101E040FFFF8525
(1789541854.316952) can0 29B#BB967002FD100000
(1789541854.317041) can0 29C#2800000000000000
(1789541854.317077) can0 33F#0000000028000040
(1789541854.317350) can0 394#0036000010370B1A
(1789541854.317580) can0 396#3B6D4E2800454545
(1789541854.317821) can0 39A#0036020075000000
(1789541854.318077) can0 39B#3C3A820000002CA8
(1789541854.326008) can0 33B#0000003F00000000
(1789541854.326244) can0 323#0000000000001D65
(1789541854.326488) can0 324#0000004042000000
(1789541854.326728) can0 33D#0000102000280000
(1789541854.326985) can0 3B7#0000000000008787
(1789541854.327228) can0 491#0000000000000000
(1789541854.366833) can0 297#0101E040FFFF8626
(1789541854.366894) can0 29B#BB967002FD100000
(1789541854.416871) can0 297#0101E040FFFF8727
(1789541854.416945) can0 29B#BB967002FD100000
(1789541854.416986) can0 29C#2800000000000000
(1789541854.417096) can0 33F#0000000028000040
(1789541854.417369) can0 394#0036000010370C1D
(1789541854.417591) can0 396#3B6D4E2800454545
(1789541854.417820) can0 39A#0036020084C00000
(1789541854.418069) can0 39B#3C3A8200000030B4
(1789541854.426119) can0 33B#0000003F00000000
(1789541854.426366) can0 323#0000000000001D65
(1789541854.426597) can0 324#0000004042000000
(1789541854.426840) can0 33D#0000102000280000
(1789541854.427086) can0 3B7#0000000000018687
(1789541854.427365) can0 491#0000000000000000
(1789541854.466829) can0 297#0101E040FFFF8828
(1789541854.466867) can0 29B#BB967002FD100000
(1789541854.516864) can0 297#0101E040FFFF8929
(1789541854.516943) can0 29B#BB967002FD100000
(1789541854.516979) can0 29C#2800000000000000
(1789541854.517075) can0 33F#0000000028000040
(1789541854.517383) can0 394#0036000010370D1C
(1789541854.517568) can0 396#3B6D4E2800454545
(1789541854.517809) can0 39A#0036020094800000
(1789541854.518048) can0 39B#3C3A8200000034B0
(1789541854.526020) can0 33B#0000003F00000000
(1789541854.526259) can0 323#0000000000001FAD
(1789541854.526507) can0 324#0000004042000000
(1789541854.526745) can0 33D#0000102000280000
(1789541854.526987) can0 3B7#0000000000028587
(1789541854.527228) can0 491#0000000000000000
(1789541854.566821) can0 297#0101E040FFFF8A2A
(1789541854.566892) can0 29B#BB967002FD100000
(1789541854.616869) can0 297#0101E040FFFF8B2B
(1789541854.616896) can0 29B#BB967002FD100000
(1789541854.616937) can0 29C#2800000000000000
(1789541854.617072) can0 33F#0000000028000040
(1789541854.617297) can0 394#0036000010370E1F
(1789541854.617535) can0 396#3B6D4E2800454545
(1789541854.617772) can0 39A#00360200A4400000
(1789541854.618024) can0 39B#3C3A8200000038BC
(1789541854.626093) can0 33B#0000003F00000000
(1789541854.626389) can0 323#0000000000001FAD
(1789541854.626574) can0 324#0000004042000000
(1789541854.626814) can0 33D#0000102000280000
(1789541854.627053) can0 3B7#0000000000038487
(1789541854.627309) can0 491#0000000000000000
(1789541854.666826) can0 297#0101E040FFFF8C2C
(1789541854.666861) can0 29B#BB967002FD100000
(1789541854.716845) can0 297#0101E040FFFF8D2D
(1789541854.716911) can0 29B#BB967002FD100000
(1789541854.716950) can0 29C#2800000000000000
(1789541854.717077) can0 33F#0000000028000040
(1789541854.717303) can0 394#0036000010370F1E
(1789541854.717539) can0 396#3B6D4E2800454545
(1789541854.717779) can0 39A#00360200B4000000
(1789541854.718027) can0 39B#3C3A820000003CB8
(1789541854.726024) can0 33B#0000003F00000000
(1789541854.726254) can0 323#0000000000001FAD
(1789541854.726501) can0 324#0000004042000000
(1789541854.726758) can0 33D#0000102000280000
(1789541854.727000) can0 3B7#0000000000048387
(1789541854.727230) can0 491#0000000000000000
(1789541854.766838) can0 297#0101E040FFFF8E2E
(1789541854.766886) can0 29B#BB967002FD100000
(1789541854.816828) can0 297#0101E040FFFF8F2F
(1789541854.816907) can0 29B#BB967002FD100000
(1789541854.816980) can0 29C#2800000000000000
(1789541854.817055) can0 33F#0000000028000040
(1789541854.817292) can0 394#0036000010370011
(1789541854.817538) can0 396#3B6D4E2800454545
(1789541854.817776) can0 39A#00360200C3C00000
(1789541854.818015) can0 39B#3C3A820000000084
(1789541854.826091) can0 33B#0000003F00000000
(1789541854.826320) can0 323#0000000000001FAD
(1789541854.826573) can0 324#0000004042000000
(1789541854.826814) can0 33D#0000102000280000
(1789541854.827069) can0 3B7#0000000000058287
(1789541854.827320) can0 491#0000000000000000
(1789541854.866832) can0 297#0101E040FFFF8020
(1789541854.866859) can0 29B#BB967002FD100000
(1789541854.916879) can0 297#0101E040FFFF8121
(1789541854.916907) can0 29B#BB967002FD100000
(1789541854.916945) can0 29C#2800000000000000
(1789541854.917077) can0 33F#0000000028000040
(1789541854.917310) can0 394#0036000010370110
(1789541854.917552) can0 396#3B6D4E2800454545
(1789541854.917788) can0 39A#00360200D3800000
(1789541854.918028) can0 39B#3C3A820000000480
(1789541854.926066) can0 33B#0000003F00000000
(1789541854.926306) can0 323#0000000000001FAD
(1789541854.926554) can0 324#0000004042000000
(1789541854.926790) can0 33D#0000102000280000
(1789541854.927037) can0 3B7#0000000000068187
(1789541854.927281) can0 491#0000000000000000
(1789541854.966865) can0 297#0101E040FFFF8222
(1789541854.966910) can0 29B#BB967002FD100000
(1789541855.016834) can0 297#0101E040FFFF8323
(1789541855.016900) can0 29B#BB967002FD100000
(1789541855.016980) can0 29C#2800000000000000
(1789541855.017072) can0 33F#0000000028000040
(1789541855.017319) can0 394#0036000010370213
(1789541855.017570) can0 396#3B6D4E2800454545
(1789541855.017801) can0 39A#00360200E3400000
(1789541855.018058) can0 39B#3C3A82000000088C
(1789541855.026040) can0 33B#0000003F00000000
(1789541855.026276) can0 323#0000000000000000
(1789541855.026517) can0 324#0000004042000000
(1789541855.026754) can0 33D#0000102000280000
(1789541855.027000) can0 3B7#0000000000078087
(1789541855.027241) can0 491#0000000000000000
(1789541855.066833) can0 297#0101E040FFFF8424
(1789541855.066869) can0 29B#BB967002FD100000
(1789541855.116877) can0 297#0101E040FFFF8525
(1789541855.116904) can0 29B#BB967002FD100000
(1789541855.116987) can0 29C#2800000000000000
(1789541855.117079) can0 33F#0000000028000040
(1789541855.117302) can0 394#0036000010370312
(1789541855.117560) can0 396#3B6D4E2800454545
(1789541855.117802) can0 39A#00360200F3000000
(1789541855.118032) can0 39B#3C3A820000000C88
(1789541855.126108) can0 33B#0000003F00000000
(1789541855.126346) can0 323#0000000000000000
(1789541855.126589) can0 324#0000004042000000
(1789541855.126834) can0 33D#0000102000280000
(1789541855.127089) can0 3B7#0000000000088F87
(1789541855.127333) can0 491#0000000000000000
(1789541855.166832) can0 297#0101E040FFFF8626
(1789541855.166882) can0 29B#BB967002FD100000
(1789541855.216874) can0 297#0101E040FFFF8727
(1789541855.216904) can0 29B#BB967002FD100000
(1789541855.216997) can0 29C#2800000000000000
(1789541855.217074) can0 33F#0000000028000040
(1789541855.217300) can0 394#0036000010370415
(1789541855.217545) can0 396#3B6D4E2800454545
(1789541855.217795) can0 39A#0036020002C00000
(1789541855.218028) can0 39B#3C3A820000001094
(1789541855.226096) can0 33B#0000003F00000000
(1789541855.226278) can0 323#0000000000000000
(1789541855.226529) can0 324#0000004042000000
(1789541855.226769) can0 33D#0000102000280000
(1789541855.227011) can0 3B7#0000000000098E87
(1789541855.227265) can0 491#0000000000000000
(1789541855.266831) can0 297#0101E040FFFF8828
(1789541855.266884) can0 29B#BB967002FD100000
(1789541855.316870) can0 297#0101E040FFFF8929
(1789541855.316904) can0 29B#BB967002FD100000
(1789541855.316985) can0 29C#2800000000000000
(1789541855.317078) can0 33F#0000000028000040
(1789541855.317308) can0 394#0036000010370514
(1789541855.317543) can0 396#3B6D4E2800454545
(1789541855.317789) can0 39A#0036020012800000
(1789541855.318035) can0 39B#3C3A820000001490
(1789541855.326058) can0 33B#0000003F00000000
(1789541855.326289) can0 323#0000000000000000
(1789541855.326537) can0 324#0000004042000000
(1789541855.326776) can0 33D#0000102000280000
(1789541855.327011) can0 3B7#00000000000A8D87
(1789541855.327267) can0 491#0000000000000000
(1789541855.366841) can0 297#0101E040FFFF8A2A
(1789541855.366883) can0 29B#BB967002FD100000
(1789541855.416813) can0 297#0101E040FFFF8B2B
(1789541855.416902) can0 29B#BB967002FD100000
(1789541855.417019) can0 29C#2800000000000000
(1789541855.417048) can0 33F#0000000028000040
(1789541855.417281) can0 394#0036000010370617
(1789541855.417539) can0 396#3B6D4E2800454545
(1789541855.417771) can0 39A#0036020022400000
(1789541855.418013) can0 39B#3C3A82000000189C
(1789541855.426110) can0 33B#0000003F00000000
(1789541855.426316) can0 323#0000000000000000
(1789541855.426565) can0 324#0000004042000000
(1789541855.426808) can0 33D#0000102000280000
(1789541855.427046) can0 3B7#00000000000B8C87
(1789541855.427302) can0 491#0000000000000000
(1789541855.466836) can0 297#0101E040FFFF8C2C
(1789541855.466898) can0 29B#BB967002FD100000
(1789541855.516856) can0 297#0101E040FFFF8D2D
(1789541855.516930) can0 29B#BB967002FD100000
(1789541855.517011) can0 29C#2800000000000000
(1789541855.517070) can0 33F#0000000028000040
(1789541855.517327) can0 394#0036000010370716
(1789541855.517565) can0 396#3B6D4E2800454545
(1789541855.517805) can0 39A#0036020032000000
(1789541855.518045) can0 39B#3C3A820000001C98
(1789541855.526126) can0 33B#0000003F00000000
(1789541855.526370) can0 323#0000000000001D65
(1789541855.526612) can0 324#0000004042000000
(1789541855.526852) can0 33D#0000102000280000
(1789541855.527088) can0 3B7#00000000000C8B87
(1789541855.527363) can0 491#0000000000000000
(1789541855.566821) can0 297#0101E040FFFF8E2E
(1789541855.566861) can0 29B#BB967002FD100000
(1789541855.616860) can0 297#0101E040FFFF8F2F
(1789541855.616889) can0 29B#BB967002FD100000
(1789541855.616969) can0 29C#2800000000000000
(1789541855.617055) can0 33F#0000000028000040
(1789541855.617288) can0 394#0036000010370819
(1789541855.617529) can0 396#3B6D4E2800454545
(1789541855.617773) can0 39A#0036020041C00000
(1789541855.618029) can0 39B#3C3A8200000020A4
(1789541855.626080) can0 33B#0000003F00000000
(1789541855.626312) can0 323#0000000000001D65
(1789541855.626558) can0 324#0000004042000000
(1789541855.626791) can0 33D#0000102000280000
(1789541855.627032) can0 3B7#00000000000D8A87
(1789541855.627318) can0 491#0000000000000000
(1789541855.666823) can0 297#0101E040FFFF8020
(1789541855.666857) can0 29B#BB967002FD100000
(1789541855.716824) can0 297#0101E040FFFF8121
(1789541855.716908) can0 29B#BB967002FD100000
(1789541855.716939) can0 29C#2800000000000000
(1789541855.717057) can0 33F#0000000028000040
(1789541855.717284) can0 394#0036000010370918
(1789541855.717540) can0 396#3B6D4E2800454545
(1789541855.717785) can0 39A#0036020051800000
(1789541855.718044) can0 39B#3C3A8200000024A0
(1789541855.726109) can0 33B#0000003F00000000
(1789541855.726341) can0 323#0000000000001D65
(1789541855.726591) can0 324#0000004042000000
(1789541855.726827) can0 33D#0000102000280000
(1789541855.727064) can0 3B7#00000000000E8987
(1789541855.727330) can0 491#0000000000000000
(1789541855.766836) can0 297#0101E040FFFF8222
(1789541855.766887) can0 29B#BB967002FD100000
(1789541855.816863) can0 297#0101E040FFFF8323
(1789541855.816941) can0 29B#BB967002FD100000
(1789541855.816969) can0 29C#2800000000000000
(1789541855.817071) can0 33F#0000000028000040
(1789541855.817309) can0 394#0036000010370A1B
(1789541855.817563) can0 396#3B6D4E2800454545
(1789541855.817799) can0 39A#0036020061400000
(1789541855.818055) can0 39B#3C3A8200000028AC
(1789541855.826081) can0 33B#0000003F00000000
(1789541855.826311) can0 323#0000000000001D65
(1789541855.826555) can0 324#0000004042000000
(1789541855.826789) can0 33D#0000102000280000
(1789541855.827024) can0 3B7#00000000000F8887
(1789541855.827290) can0 491#0000000000000000
(1789541855.866833) can0 297#0101E040FFFF8424
(1789541855.866864) can0 29B#BB967002FD100000
(1789541855.916861) can0 297#0101E040FFFF8525
(1789541855.916890) can0 29B#BB967002FD100000
(1789541855.916968) can0 29C#2800000000000000
(1789541855.917067) can0 33F#0000000028000040
(1789541855.917312) can0 394#0036000010370B1A
(1789541855.917565) can0 396#3B6D4E2800454545
(1789541855.917795) can0 39A#0036020071000000
(1789541855.918035) can0 39B#3C3A820000002CA8
(1789541855.926267) can0 33B#0000003F00000000
(1789541855.926489) can0 323#0000000000001D65
(1789541855.926747) can0 324#0000004042000000
(1789541855.926982) can0 33D#0000102000280000
(1789541855.927225) can0 3B7#0000000000008787
(1789541855.927464) can0 491#0000000000000000
(1789541855.966837) can0 297#0101E040FFFF8626
(1789541855.966886) can0 29B#BB967002FD100000
(1789541856.016871) can0 297#0101E040FFFF8727
(1789541856.016905) can0 29B#BB967002FD100000
(1789541856.016983) can0 29C#2800000000000000
(1789541856.017088) can0 33F#0000000028000040
(1789541856.017325) can0 394#0036000010370C1D
(1789541856.017579) can0 396#3B6D4E2800454545
(1789541856.017812) can0 39A#0036020080C00000
(1789541856.018058) can0 39B#3C3A8200000030B4
(1789541856.026082) can0 33B#0000003F00000000
(1789541856.026305) can0 323#0000000000001FAD
(1789541856.026576) can0 324#0000004042000000
(1789541856.026799) can0 33D#0000102000280000
(1789541856.027057) can0 3B7#0000000000018687
(1789541856.027278) can0 491#0000000000000000
(1789541856.066839) can0 297#0101E040FFFF8828
(1789541856.066881) can0 29B#BB967002FD100000
(1789541856.116863) can0 297#0101E040FFFF8929
(1789541856.116980) can0 29B#BB967002FD100000
(1789541856.117059) can0 29C#2800000000000000
(1789541856.117102) can0 33F#0000000028000040
(1789541856.117318) can0 394#0036000010370D1C
(1789541856.117585) can0 396#3B6D4E2800454545
(1789541856.117809) can0 39A#0036020090800000
(1789541856.118058) can0 39B#3C3A8200000034B0
(1789541856.126089) can0 33B#0000003F00000000
(1789541856.126296) can0 323#0000000000001FAD
(1789541856.126589) can0 324#0000004042000000
(1789541856.126797) can0 33D#0000102000280000
(1789541856.127034) can0 3B7#0000000000028587
(1789541856.127274) can0 491#0000000000000000
(1789541856.166829) can0 297#0101E040FFFF8A2A
(1789541856.166862) can0 29B#BB967002FD100000
(1789541856.216875) can0 297#0101E040FFFF8B2B
(1789541856.216904) can0 29B#BB967002FD100000
(1789541856.216986) can0 29C#2800000000000000
(1789541856.217071) can0 33F#0000000028000040
(1789541856.217298) can0 394#0036000010370E1F
(1789541856.217606) can0 396#3B6D4E2800454545
(1789541856.217784) can0 39A#00360200A0400000
(1789541856.218025) can0 39B#3C3A8200000038BC
(1789541856.226096) can0 33B#0000003F00000000
(1789541856.226317) can0 323#0000000000001FAD
(1789541856.226604) can0 324#0000004042000000
(1789541856.226794) can0 33D#0000102000280000
(1789541856.227047) can0 3B7#0000000000038487
(1789541856.227284) can0 491#0000000000000000
(1789541856.266833) can0 297#0101E040FFFF8C2C
(1789541856.266886) can0 29B#BB967002FD100000
(1789541856.316861) can0 297#0101E040FFFF8D2D
(1789541856.316892) can0 29B#BB967002FD100000
(1789541856.316967) can0 29C#2800000000000000
(1789541856.317070) can0 33F#0000000028000040
(1789541856.317309) can0 394#0036000010370F1E
(1789541856.317617) can0 396#3B6D4E2800454545
(1789541856.317796) can0 39A#00360200B0000000
(1789541856.318036) can0 39B#3C3A820000003CB8
(1789541856.326125) can0 33B#0000003F00000000
(1789541856.326339) can0 323#0000000000001FAD
(1789541856.326622) can0 324#0000004042000000
(1789541856.326845) can0 33D#0000102000280000
(1789541856.327076) can0 3B7#0000000000048387
(1789541856.327321) can0 491#0000000000000000
(1789541856.366818) can0 297#0101E040FFFF8E2E
(1789541856.366852) can0 29B#BB967002FD100000
(1789541856.416864) can0 297#0101E040FFFF8F2F
(1789541856.416891) can0 29B#BB967002FD100000
(1789541856.416971) can0 29C#2800000000000000
(1789541856.417059) can0 33F#0000000028000040
(1789541856.417309) can0 394#0036000010370011
(1789541856.417551) can0 396#3B6D4E2800454545
(1789541856.417801) can0 39A#00360200BFC00000
(1789541856.418040) can0 39B#3C3A820000000084
(1789541856.426175) can0 33B#0000003F00000000
(1789541856.426417) can0 323#0000000000001FAD
(1789541856.426661) can0 324#0000004042000000
(1789541856.426895) can0 33D#0000102000280000
(1789541856.427142) can0 3B7#0000000000058287
(1789541856.427390) can0 491#0000000000000000
(1789541856.466843) can0 297#0101E040FFFF8020
(1789541856.466894) can0 29B#BB967002FD100000
(1789541856.516870) can0 297#0101E040FFFF8121
(1789541856.516896) can0 29B#BB967002FD100000
(1789541856.516978) can0 29C#2800000000000000
(1789541856.517069) can0 33F#0000000028000040
(1789541856.517295) can0 394#0036000010370110
(1789541856.517535) can0 396#3B6D4E2800454545
(1789541856.517776) can0 39A#00360200CF800000
(1789541856.518034) can0 39B#3C3A820000000480
(1789541856.526094) can0 33B#0000003F00000000
(1789541856.526332) can0 323#0000000000000000
(1789541856.526641) can0 324#0000004042000000
(1789541856.526825) can0 33D#0000102000280000
(1789541856.527065) can0 3B7#0000000000068187
(1789541856.527307) can0 491#0000000000000000
(1789541856.566837) can0 297#0101E040FFFF8222
(1789541856.566882) can0 29B#BB967002FD100000
(1789541856.616860) can0 297#0101E040FFFF8323
(1789541856.616907) can0 29B#BB967002FD100000
(1789541856.616982) can0 29C#2800000000000000
(1789541856.617061) can0 33F#0000000028000040
(1789541856.617296) can0 394#0036000010370213
(1789541856.617531) can0 396#3B6D4E2800454545
(1789541856.617776) can0 39A#00360200DF400000
(1789541856.618035) can0 39B#3C3A82000000088C
(1789541856.626089) can0 33B#0000003F00000000
(1789541856.626333) can0 323#0000000000000000
(1789541856.626578) can0 324#0000004042000000
(1789541856.626823) can0 33D#0000102000280000
(1789541856.627058) can0 3B7#0000000000078087
(1789541856.627313) can0 491#0000000000000000
(1789541856.666840) can0 297#0101E040FFFF8424
(1789541856.666882) can0 29B#BB967002FD100000
(1789541856.716918) can0 297#0101E040FFFF8525
(1789541856.716991) can0 29B#BB967002FD100000
(1789541856.717032) can0 29C#2800000000000000
(1789541856.717169) can0 33F#0000000028000040
(1789541856.717400) can0 394#0036000010370312
(1789541856.717674) can0 396#3B6D4E2800454545
(1789541856.717866) can0 39A#00360200EF000000
(1789541856.718189) can0 39B#3C3A820000000C88
(1789541856.726111) can0 33B#0000003F00000000
(1789541856.726322) can0 323#0000000000000000
(1789541856.726571) can0 324#0000004042000000
(1789541856.726821) can0 33D#0000102000280000
(1789541856.727062) can0 3B7#0000000000088F87
(1789541856.727311) can0 491#0000000000000000
(1789541856.766824) can0 297#0101E040FFFF8626
(1789541856.766886) can0 29B#BB967002FD100000
(1789541856.816857) can0 297#0101E040FFFF8727
(1789541856.816949) can0 29B#BB967002FD100000
(1789541856.816974) can0 29C#2800000000000000
(1789541856.817075) can0 33F#0000000028000040
(1789541856.817306) can0 394#0036000010370415
(1789541856.817562) can0 396#3B6D4E2800454545
(1789541856.817803) can0 39A#00360200FEC00000
(1789541856.818062) can0 39B#3C3A820000001094
(1789541856.826143) can0 33B#0000003F00000000
(1789541856.826347) can0 323#0000000000000000
(1789541856.826591) can0 324#0000004042000000
(1789541856.826842) can0 33D#0000102000280000
(1789541856.827077) can0 3B7#0000000000098E87
(1789541856.827340) can0 491#0000000000000000
(1789541856.866835) can0 297#0101E040FFFF8828
(1789541856.866880) can0 29B#BB967002FD100000
(1789541856.916866) can0 297#0101E040FFFF8929
(1789541856.916899) can0 29B#BB967002FD100000
(1789541856.916989) can0 29C#2800000000000000
(1789541856.917075) can0 33F#0000000028000040
(1789541856.917321) can0 394#0036000010370514
(1789541856.917570) can0 396#3B6D4E2800454545
(1789541856.917816) can0 39A#003602000E800000
(1789541856.918052) can0 39B#3C3A820000001490
(1789541856.926130) can0 33B#0000003F00000000
(1789541856.926366) can0 323#0000000000000000
(1789541856.926605) can0 324#0000004042000000
(1789541856.926841) can0 33D#0000102000280000
(1789541856.927097) can0 3B7#00000000000A8D87
(1789541856.927358) can0 491#0000000000000000
(1789541856.966836) can0 297#0101E040FFFF8A2A
(1789541856.966870) can0 29B#BB967002FD100000
(1789541857.016826) can0 297#0101E040FFFF8B2B
(1789541857.016902) can0 29B#BB967002FD100000
(1789541857.016934) can0 29C#2800000000000000
(1789541857.017058) can0 33F#0000000028000040
(1789541857.017291) can0 394#0036000010370617
(1789541857.017526) can0 396#3B6D4E2800454545
(1789541857.017772) can0 39A#003602001E400000
(1789541857.018024) can0 39B#3C3A82000000189C
(1789541857.026122) can0 33B#0000003F00000000
(1789541857.026337) can0 323#0000000000001D65
(1789541857.026585) can0 324#0000004042000000
(1789541857.026832) can0 33D#0000102000280000
(1789541857.027067) can0 3B7#00000000000B8C87
(1789541857.027310) can0 491#0000000000000000
(1789541857.066835) can0 297#0101E040FFFF8C2C
(1789541857.066869) can0 29B#BB967002FD100000
(1789541857.116852) can0 297#0101E040FFFF8D2D
(1789541857.116934) can0 29B#BB967002FD100000
(1789541857.116968) can0 29C#2800000000000000
(1789541857.117067) can0 33F#0000000028000040
(1789541857.117323) can0 394#0036000010370716
(1789541857.117565) can0 396#3B6D4E2800454545
(1789541857.117796) can0 39A#003602002E000000
(1789541857.118040) can0 39B#3C3A820000001C98
(1789541857.126099) can0 33B#0000003F00000000
(1789541857.126329) can0 323#0000000000001D65
(1789541857.126568) can0 324#0000004042000000
(1789541857.126826) can0 33D#0000102000280000
(1789541857.127067) can0 3B7#00000000000C8B87
(1789541857.127300) can0 491#0000000000000000
(1789541857.166836) can0 297#0101E040FFFF8E2E
(1789541857.166881) can0 29B#BB967002FD100000
(1789541857.216875) can0 297#0101E040FFFF8F2F
(1789541857.216904) can0 29B#BB967002FD100000
(1789541857.216984) can0 29C#2800000000000000
(1789541857.217065) can0 33F#0000000028000040
(1789541857.217318) can0 394#0036000010370819
(1789541857.217554) can0 396#3B6D4E2800454545
(1789541857.217799) can0 39A#003602003DC00000
(1789541857.218045) can0 39B#3C3A8200000020A4
(1789541857.226132) can0 33B#0000003F00000000
(1789541857.226364) can0 323#0000000000001D65
(1789541857.226600) can0 324#0000004042000000
(1789541857.226847) can0 33D#0000102000280000
(1789541857.227080) can0 3B7#00000000000D8A87
(1789541857.227338) can0 491#0000000000000000
(1789541857.266834) can0 297#0101E040FFFF8020
(1789541857.266863) can0 29B#BB967002FD100000
(1789541857.316870) can0 297#0101E040FFFF8121
(1789541857.316952) can0 29B#BB967002FD100000
(1789541857.316987) can0 29C#2800000000000000
(1789541857.317091) can0 33F#0000000028000040
(1789541857.317350) can0 394#0036000010370918
(1789541857.317582) can0 396#3B6D4E2800454545
(1789541857.317825) can0 39A#003602004D800000
(1789541857.318073) can0 39B#3C3A8200000024A0
(1789541857.326122) can0 33B#0000003F00000000
(1789541857.326328) can0 323#0000000000001D65
(1789541857.326578) can0 324#0000004042000000
(1789541857.326825) can0 33D#0000102000280000
(1789541857.327063) can0 3B7#00000000000E8987
(1789541857.327315) can0 491#0000000000000000
(1789541857.366842) can0 297#0101E040FFFF8222
(1789541857.366889) can0 29B#BB967002FD100000
(1789541857.416885) can0 297#0101E040FFFF8323
(1789541857.416970) can0 29B#BB967002FD100000
(1789541857.416999) can0 29C#2800000000000000
(1789541857.417105) can0 33F#0000000028000040
(1789541857.417344) can0 394#0036000010370A1B
(1789541857.417591) can0 396#3B6D4E2800454545
(1789541857.417826) can0 39A#003602005D400000
(1789541857.418085) can0 39B#3C3A8200000028AC
(1789541857.426164) can0 33B#0000003F00000000
(1789541857.426372) can0 323#0000000000001D65
(1789541857.426622) can0 324#0000004042000000
(1789541857.426868) can0 33D#0000102000280000
(1789541857.427107) can0 3B7#00000000000F8887
(1789541857.427363) can0 491#0000000000000000
(1789541857.466872) can0 297#0101E040FFFF8424
(1789541857.466912) can0 29B#BB967002FD100000
(1789541857.516863) can0 297#0101E040FFFF8525
(1789541857.516947) can0 29B#BB967002FD100000
(1789541857.516977) can0 29C#2800000000000000
(1789541857.517113) can0 33F#0000000028000040
(1789541857.517340) can0 394#0036000010370B1A
(1789541857.517570) can0 396#3B6D4E2800454545
(1789541857.517812) can0 39A#003602006D000000
(1789541857.518060) can0 39B#3C3A820000002CA8
(1789541857.526169) can0 33B#0000003F00000000
(1789541857.526417) can0 323#0000000000001FAD
(1789541857.526656) can0 324#0000004042000000
(1789541857.526897) can0 33D#0000102000280000
(1789541857.527133) can0 3B7#0000000000008787
(1789541857.527400) can0 491#0000000000000000
(1789541857.566869) can0 297#0101E040FFFF8626
(1789541857.566930) can0 29B#BB967002FD100000
(1789541857.616920) can0 297#0101E040FFFF8727
(1789541857.616998) can0 29B#BB967002FD100000
(1789541857.617028) can0 29C#2800000000000000
(1789541857.617130) can0 33F#0000000028000040
(1789541857.617366) can0 394#0036000010370C1D
(1789541857.617623) can0 396#3B6D4E2800454545
(1789541857.617853) can0 39A#003602007CC00000
(1789541857.618112) can0 39B#3C3A8200000030B4
(1789541857.626140) can0 33B#0000003F00000000
(1789541857.626343) can0 323#0000000000001FAD
(1789541857.626594) can0 324#0000004042000000
(1789541857.626852) can0 33D#0000102000280000
(1789541857.627076) can0 3B7#0000000000018687
(1789541857.627335) can0 491#0000000000000000
(1789541857.666879) can0 297#0101E040FFFF8828
(1789541857.666917) can0 29B#BB967002FD100000
(1789541857.716926) can0 297#0101E040FFFF8929
(1789541857.716963) can0 29B#BB967002FD100000
(1789541857.717041) can0 29C#2800000000000000
(1789541857.717125) can0 33F#0000000028000040
(1789541857.717358) can0 394#0036000010370D1C
(1789541857.717597) can0 396#3B6D4E2800454545
(1789541857.717847) can0 39A#003602008C800000
(1789541857.718094) can0 39B#3C3A8200000034B0
(1789541857.726130) can0 33B#0000003F00000000
(1789541857.726361) can0 323#0000000000001FAD
(1789541857.726598) can0 324#0000004042000000
(1789541857.726850) can0 33D#0000102000280000
(1789541857.727106) can0 3B7#0000000000028587
(1789541857.727345) can0 491#0000000000000000
(1789541857.766886) can0 297#0101E040FFFF8A2A
(1789541857.766930) can0 29B#BB967002FD100000
(1789541857.816894) can0 297#0101E040FFFF8B2B
(1789541857.816971) can0 29B#BB967002FD100000
(1789541857.817010) can0 29C#2800000000000000
(1789541857.817131) can0 33F#0000000028000040
(1789541857.817364) can0 394#0036000010370E1F
(1789541857.817608) can0 396#3B6D4E2800454545
(1789541857.817842) can0 39A#003602009C400000
(1789541857.818093) can0 39B#3C3A8200000038BC
(1789541857.826183) can0 33B#0000003F00000000
(1789541857.826420) can0 323#0000000000001FAD
(1789541857.826662) can0 324#0000004042000000
(1789541857.826921) can0 33D#0000102000280000
(1789541857.827140) can0 3B7#0000000000038487
(1789541857.827411) can0 491#0000000000000000
(1789541857.866834) can0 297#0101E040FFFF8C2C
(1789541857.866902) can0 29B#BB967002FD100000
(1789541857.916830) can0 297#0101E040FFFF8D2D
(1789541857.916948) can0 29B#BB967002FD100000
(1789541857.917028) can0 29C#2800000000000000
(1789541857.917105) can0 33F#0000000028000040
(1789541857.917300) can0 394#0036000010370F1E
(1789541857.917546) can0 396#3B6D4E2800454545
(1789541857.917825) can0 39A#00360200AC000000
(1789541857.918031) can0 39B#3C3A820000003CB8
(1789541857.926262) can0 33B#0000003F00000000
(1789541857.926492) can0 323#0000000000001FAD
(1789541857.926731) can0 324#0000004042000000
(1789541857.926973) can0 33D#0000102000280000
(1789541857.927220) can0 3B7#0000000000048387
(1789541857.927480) can0 491#0000000000000000
(1789541857.966832) can0 297#0101E040FFFF8E2E
(1789541857.966931) can0 29B#BB967002FD100000
(1789541858.016877) can0 297#0101E040FFFF8F2F
(1789541858.016955) can0 29B#BB967002FD100000
(1789541858.016994) can0 29C#2800000000000000
(1789541858.017113) can0 33F#0000000028000040
(1789541858.017311) can0 394#0036000010370011
(1789541858.017533) can0 396#3B6D4E2800454545
(1789541858.017836) can0 39A#00360200BBC00000
(1789541858.018023) can0 39B#3C3A820000000084
(1789541858.026120) can0 33B#0000003F00000000
(1789541858.026363) can0 323#0000000000000000
(1789541858.026609) can0 324#0000004042000000
(1789541858.026860) can0 33D#0000102000280000
(1789541858.027101) can0 3B7#0000000000058287
(1789541858.027343) can0 491#0000000000000000
(1789541858.066848) can0 297#0101E040FFFF8020
(1789541858.066896) can0 29B#BB967002FD100000
(1789541858.116852) can0 297#0101E040FFFF8121
(1789541858.116931) can0 29B#BB967002FD100000
(1789541858.116972) can0 29C#2800000000000000
(1789541858.117108) can0 33F#0000000028000040
(1789541858.117324) can0 394#0036000010370110
(1789541858.117573) can0 396#3B6D4E2800454545
(1789541858.117849) can0 39A#00360200CB800000
(1789541858.118046) can0 39B#3C3A820000000480
(1789541858.126145) can0 33B#0000003F00000000
(1789541858.126376) can0 323#0000000000000000
(1789541858.126613) can0 324#0000004042000000
(1789541858.126862) can0 33D#0000102000280000
(1789541858.127105) can0 3B7#0000000000068187
(1789541858.127355) can0 491#0000000000000000
(1789541858.166873) can0 297#0101E040FFFF8222
(1789541858.166942) can0 29B#BB967002FD100000
(1789541858.216870) can0 297#0101E040FFFF8323
(1789541858.216955) can0 29B#BB967002FD100000
(1789541858.216985) can0 29C#2800000000000000
(1789541858.217103) can0 33F#0000000028000040
(1789541858.217292) can0 394#0036000010370213
(1789541858.217537) can0 396#3B6D4E2800454545
(1789541858.217777) can0 39A#00360200DB400000
(1789541858.218021) can0 39B#3C3A82000000088C
(1789541858.226143) can0 33B#0000003F00000000
(1789541858.226379) can0 323#0000000000000000
(1789541858.226618) can0 324#0000004042000000
(1789541858.226866) can0 33D#0000102000280000
(1789541858.227093) can0 3B7#0000000000078087
(1789541858.227368) can0 491#0000000000000000
(1789541858.266874) can0 297#0101E040FFFF8424
(1789541858.266917) can0 29B#BB967002FD100000
(1789541858.316877) can0 297#0101E040FFFF8525
(1789541858.316956) can0 29B#BB967002FD100000
(1789541858.316997) can0 29C#2800000000000000
(1789541858.317114) can0 33F#0000000028000040
(1789541858.317322) can0 394#0036000010370312
(1789541858.317562) can0 396#3B6D4E2800454545
(1789541858.317874) can0 39A#00360200EB000000
(1789541858.318042) can0 39B#3C3A820000000C88
(1789541858.326145) can0 33B#0000003F00000000
(1789541858.326365) can0 323#0000000000000000
(1789541858.326614) can0 324#0000004042000000
(1789541858.326896) can0 33D#0000102000280000
(1789541858.327124) can0 3B7#0000000000088F87
(1789541858.327366) can0 491#0000000000000000
(1789541858.366897) can0 297#0101E040FFFF8626
(1789541858.366922) can0 29B#BB967002FD100000
(1789541858.416942) can0 297#0101E040FFFF8727
(1789541858.417023) can0 29B#BB967002FD100000
(1789541858.417047) can0 29C#2800000000000000
(1789541858.417127) can0 33F#0000000028000040
(1789541858.417299) can0 394#0036000010370415
(1789541858.417538) can0 396#3B6D4E2800454545
(1789541858.417778) can0 39A#00360200FAC00000
(1789541858.418037) can0 39B#3C3A820000001094
(1789541858.426173) can0 33B#0000003F00000000
(1789541858.426424) can0 323#0000000000000000
(1789541858.426653) can0 324#0000004042000000
(1789541858.426918) can0 33D#0000102000280000
(1789541858.427151) can0 3B7#0000000000098E87
(1789541858.427401) can0 491#0000000000000000
(1789541858.466824) can0 297#0101E040FFFF8828
(1789541858.466898) can0 29B#BB967002FD100000
(1789541858.516910) can0 297#0101E040FFFF8929
(1789541858.516985) can0 29B#BB967002FD100000
(1789541858.517025) can0 29C#2800000000000000
(1789541858.517114) can0 33F#0000000028000040
(1789541858.517310) can0 394#0036000010370514
(1789541858.517558) can0 396#3B6D4E2800454545
(1789541858.517797) can0 39A#003602000A800000
(1789541858.518057) can0 39B#3C3A820000001490
(1789541858.526207) can0 33B#0000003F00000000
(1789541858.526430) can0 323#0000000000001D65
(1789541858.526676) can0 324#0000004042000000
(1789541858.526935) can0 33D#0000102000280000
(1789541858.527169) can0 3B7#00000000000A8D87
(1789541858.527436) can0 491#0000000000000000
(1789541858.566811) can0 297#0101E040FFFF8A2A
(1789541858.566921) can0 29B#BB967002FD100000
(1789541858.616860) can0 297#0101E040FFFF8B2B
(1789541858.616929) can0 29B#BB967002FD100000
(1789541858.617004) can0 29C#2800000000000000
(1789541858.617137) can0 33F#0000000028000040
(1789541858.617313) can0 394#0036000010370617
(1789541858.617551) can0 396#3B6D4E2800454545
(1789541858.617795) can0 39A#003602001A400000
(1789541858.618041) can0 39B#3C3A82000000189C
(1789541858.626219) can0 33B#0000003F00000000
(1789541858.626453) can0 323#0000000000001D65
(1789541858.626701) can0 324#0000004042000000
(1789541858.626942) can0 33D#0000102000280000
(1789541858.627181) can0 3B7#00000000000B8C87
(1789541858.627441) can0 491#0000000000000000
(1789541858.666829) can0 297#0101E040FFFF8C2C
(1789541858.666935) can0 29B#BB967002FD100000
(1789541858.716862) can0 297#0101E040FFFF8D2D
(1789541858.716928) can0 29B#BB967002FD100000
(1789541858.717008) can0 29C#2800000000000000
(1789541858.717126) can0 33F#0000000028000040
(1789541858.717314) can0 394#0036000010370716
(1789541858.717556) can0 396#3B6D4E2800454545
(1789541858.717806) can0 39A#003602002A000000
(1789541858.718053) can0 39B#3C3A820000001C98
(1789541858.726156) can0 33B#0000003F00000000
(1789541858.726384) can0 323#0000000000001D65
(1789541858.726637) can0 324#0000004042000000
(1789541858.726932) can0 33D#0000102000280000
(1789541858.727099) can0 3B7#00000000000C8B87
(1789541858.727368) can0 491#0000000000000000
(1789541858.766828) can0 297#0101E040FFFF8E2E
(1789541858.766939) can0 29B#BB967002FD100000
(1789541858.816854) can0 297#0101E040FFFF8F2F
(1789541858.816943) can0 29B#BB967002FD100000
(1789541858.817023) can0 29C#2800000000000000
(1789541858.817065) can0 33F#0000000028000040
(1789541858.817292) can0 394#0036000010370819
(1789541858.817541) can0 396#3B6D4E2800454545
(1789541858.817771) can0 39A#0036020039C00000
(1789541858.818024) can0 39B#3C3A8200000020A4
(1789541858.826147) can0 33B#0000003F00000000
(1789541858.826380) can0 323#0000000000001D65
(1789541858.826620) can0 324#0000004042000000
(1789541858.826870) can0 33D#0000102000280000
(1789541858.827111) can0 3B7#00000000000D8A87
(1789541858.827369) can0 491#0000000000000000
(1789541858.866861) can0 297#0101E040FFFF8020
(1789541858.866955) can0 29B#BB967002FD100000
(1789541858.916859) can0 297#0101E040FFFF8121
(1789541858.916956) can0 29B#BB967002FD100000
(1789541858.917036) can0 29C#2800000000000000
(1789541858.917114) can0 33F#0000000028000040
(1789541858.917306) can0 394#0036000010370918
(1789541858.917537) can0 396#3B6D4E2800454545
(1789541858.917805) can0 39A#0036020049800000
(1789541858.918025) can0 39B#3C3A8200000024A0
(1789541858.926199) can0 33B#0000003F00000000
(1789541858.926414) can0 323#0000000000001D65
(1789541858.926656) can0 324#0000004042000000
(1789541858.926958) can0 33D#0000102000280000
(1789541858.927145) can0 3B7#00000000000E8987
(1789541858.927411) can0 491#0000000000000000
(1789541858.966844) can0 297#0101E040FFFF8222
(1789541858.966881) can0 29B#BB967002FD100000
(1789541859.016870) can0 297#0101E040FFFF8323
(1789541859.016969) can0 29B#BB967002FD100000
(1789541859.017049) can0 29C#2800000000000000
(1789541859.017127) can0 33F#0000000028000040
(1789541859.017322) can0 394#0036000010370A1B
(1789541859.017568) can0 396#3B6D4E2800454545
(1789541859.017817) can0 39A#0036020059400000
(1789541859.018068) can0 39B#3C3A8200000028AC
(1789541859.026187) can0 33B#0000003F00000000
(1789541859.026415) can0 323#0000000000001FAD
(1789541859.026655) can0 324#0000004042000000
(1789541859.026895) can0 33D#0000102000280000
(1789541859.027148) can0 3B7#00000000000F8887
(1789541859.027388) can0 491#0000000000000000
(1789541859.066827) can0 297#0101E040FFFF8424
(1789541859.066875) can0 29B#BB967002FD100000
(1789541859.116858) can0 297#0101E040FFFF8525
(1789541859.116897) can0 29B#BB967002FD100000
(1789541859.117019) can0 29C#2800000000000000
(1789541859.117105) can0 33F#0000000028000040
(1789541859.117314) can0 394#0036000010370B1A
(1789541859.117554) can0 396#3B6D4E2800454545
(1789541859.117794) can0 39A#0036020069000000
(1789541859.118050) can0 39B#3C3A820000002CA8
(1789541859.126168) can0 33B#0000003F00000000
(1789541859.126382) can0 323#0000000000001FAD
(1789541859.126643) can0 324#0000004042000000
(1789541859.126888) can0 33D#0000102000280000
(1789541859.127132) can0 3B7#0000000000008787
(1789541859.127374) can0 491#0000000000000000
(1789541859.166840) can0 297#0101E040FFFF8626
(1789541859.166885) can0 29B#BB967002FD100000
(1789541859.216873) can0 297#0101E040FFFF8727
(1789541859.216910) can0 29B#BB967002FD100000
(1789541859.217032) can0 29C#2800000000000000
(1789541859.217075) can0 33F#0000000028000040
(1789541859.217303) can0 394#0036000010370C1D
(1789541859.217555) can0 396#3B6D4E2800454545
(1789541859.217795) can0 39A#0036020078C00000
(1789541859.218045) can0 39B#3C3A8200000030B4
(1789541859.226173) can0 33B#0000003F00000000
(1789541859.226413) can0 323#0000000000001FAD
(1789541859.226654) can0 324#0000004042000000
(1789541859.226895) can0 33D#0000102000280000
(1789541859.227125) can0 3B7#0000000000018687
(1789541859.227386) can0 491#0000000000000000
(1789541859.266836) can0 297#0101E040FFFF8828
(1789541859.266878) can0 29B#BB967002FD100000
(1789541859.316821) can0 297#0101E040FFFF8929
(1789541859.316908) can0 29B#BB967002FD100000
(1789541859.317011) can0 29C#2800000000000000
(1789541859.317090) can0 33F#0000000028000040
(1789541859.317298) can0 394#0036000010370D1C
(1789541859.317538) can0 396#3B6D4E2800454545
(1789541859.317779) can0 39A#0036020088800000
(1789541859.318028) can0 39B#3C3A8200000034B0
(1789541859.326175) can0 33B#0000003F00000000
(1789541859.326414) can0 323#0000000000001FAD
(1789541859.326671) can0 324#0000004042000000
(1789541859.326888) can0 33D#0000102000280000
(1789541859.327135) can0 3B7#0000000000028587
(1789541859.327372) can0 491#0000000000000000
(1789541859.366829) can0 297#0101E040FFFF8A2A
(1789541859.366891) can0 29B#BB967002FD100000
(1789541859.416893) can0 297#0101E040FFFF8B2B
(1789541859.416924) can0 29B#BB967002FD100000
(1789541859.417025) can0 29C#2800000000000000
(1789541859.417148) can0 33F#0000000028000040
(1789541859.417339) can0 394#0036000010370E1F
(1789541859.417574) can0 396#3B6D4E2800454545
(1789541859.417812) can0 39A#0036020098400000
(1789541859.418067) can0 39B#3C3A8200000038BC
(1789541859.426211) can0 33B#0000003F00000000
(1789541859.426441) can0 323#0000000000001FAD
(1789541859.426679) can0 324#0000004042000000
(1789541859.426935) can0 33D#0000102000280000
(1789541859.427168) can0 3B7#0000000000038487
(1789541859.427424) can0 491#0000000000000000
(1789541859.466852) can0 297#0101E040FFFF8C2C
(1789541859.466912) can0 29B#BB967002FD100000
(1789541859.516844) can0 297#0101E040FFFF8D2D
(1789541859.516922) can0 29B#BB967002FD100000
(1789541859.516994) can0 29C#2800000000000000
(1789541859.517072) can0 33F#0000000028000040
(1789541859.517305) can0 394#0036000010370F1E
(1789541859.517549) can0 396#3B6D4E2800454545
(1789541859.517791) can0 39A#00360200A8000000
(1789541859.518037) can0 39B#3C3A820000003CB8
(1789541859.526245) can0 33B#0000003F00000000
(1789541859.526472) can0 323#0000000000000000
(1789541859.526730) can0 324#0000004042000000
(1789541859.526965) can0 33D#0000102000280000
(1789541859.527205) can0 3B7#0000000000048387
(1789541859.527471) can0 491#0000000000000000
(1789541859.566829) can0 297#0101E040FFFF8E2E
(1789541859.566867) can0 29B#BB967002FD100000
(1789541859.616864) can0 297#0101E040FFFF8F2F
(1789541859.616900) can0 29B#BB967002FD100000
(1789541859.616990) can0 29C#2800000000000000
(1789541859.617095) can0 33F#0000000028000040
(1789541859.617324) can0 394#0036000010370011
(1789541859.617558) can0 396#3B6D4E2800454545
(1789541859.617804) can0 39A#00360200B7C00000
(1789541859.618049) can0 39B#3C3A820000000084
(1789541859.626191) can0 33B#0000003F00000000
(1789541859.626413) can0 323#0000000000000000
(1789541859.626653) can0 324#0000004042000000
(1789541859.626916) can0 33D#0000102000280000
(1789541859.627159) can0 3B7#0000000000058287
(1789541859.627402) can0 491#0000000000000000
(1789541859.666822) can0 297#0101E040FFFF8020
(1789541859.666868) can0 29B#BB967002FD100000
(1789541859.716878) can0 297#0101E040FFFF8121
(1789541859.716904) can0 29B#BB967002FD100000
(1789541859.716985) can0 29C#2800000000000000
(1789541859.717069) can0 33F#0000000028000040
(1789541859.717315) can0 394#0036000010370110
(1789541859.717545) can0 396#3B6D4E2800454545
(1789541859.717788) can0 39A#00360200C7800000
(1789541859.718061) can0 39B#3C3A820000000480
(1789541859.726256) can0 33B#0000003F00000000
(1789541859.726480) can0 323#0000000000000000
(1789541859.726718) can0 324#0000004042000000
(1789541859.726964) can0 33D#0000102000280000
(1789541859.727211) can0 3B7#0000000000068187
(1789541859.727478) can0 491#0000000000000000
(1789541859.766826) can0 297#0101E040FFFF8222
(1789541859.766876) can0 29B#BB967002FD100000
(1789541859.816825) can0 297#0101E040FFFF8323
(1789541859.816908) can0 29B#BB967002FD100000
(1789541859.816985) can0 29C#2800000000000000
(1789541859.817075) can0 33F#0000000028000040
(1789541859.817303) can0 394#0036000010370213
(1789541859.817538) can0 396#3B6D4E2800454545
(1789541859.817783) can0 39A#00360200D7400000
(1789541859.818076) can0 39B#3C3A82000000088C
(1789541859.826207) can0 33B#0000003F00000000
(1789541859.826427) can0 323#0000000000000000
(1789541859.826656) can0 324#0000004042000000
(1789541859.826899) can0 33D#0000102000280000
(1789541859.827145) can0 3B7#0000000000078087
(1789541859.827414) can0 491#0000000000000000
(1789541859.866829) can0 297#0101E040FFFF8424
(1789541859.866863) can0 29B#BB967002FD100000
(1789541859.916873) can0 297#0101E040FFFF8525
(1789541859.916948) can0 29B#BB967002FD100000
(1789541859.917026) can0 29C#2800000000000000
(1789541859.917093) can0 33F#0000000028000040
(1789541859.917325) can0 394#0036000010370312
(1789541859.917565) can0 396#3B6D4E2800454545
(1789541859.917813) can0 39A#00360200E7000000
(1789541859.918088) can0 39B#3C3A820000000C88
(1789541859.926333) can0 33B#0000003F00000000
(1789541859.926544) can0 323#0000000000000000
(1789541859.926806) can0 324#0000004042000000
(1789541859.927106) can0 33D#0000102000280000
(1789541859.927316) can0 3B7#0000000000088F87
(1789541859.927543) can0 491#0000000000000000
(1789541859.966832) can0 297#0101E040FFFF8626
(1789541859.966877) can0 29B#BB967002FD100000
(1789541860.016869) can0 297#0101E040FFFF8727
(1789541860.016912) can0 29B#BB967002FD100000
(1789541860.016987) can0 29C#2800000000000000
(1789541860.017104) can0 33F#0000000028000040
(1789541860.017329) can0 394#0036000010370415
(1789541860.017575) can0 396#3B6D4E2800454545
(1789541860.017825) can0 39A#00360200F6C00000
(1789541860.018101) can0 39B#3C3A820000001094
(1789541860.026271) can0 33B#0000003F00000000
(1789541860.026502) can0 323#0000000000001D65
(1789541860.026742) can0 324#0000004042000000
(1789541860.026981) can0 33D#0000102000280000
(1789541860.027228) can0 3B7#0000000000098E87
(1789541860.027491) can0 491#0000000000000000
(1789541860.066822) can0 297#0101E040FFFF8828
(1789541860.066874) can0 29B#BB967002FD100000
(1789541860.116877) can0 297#0101E040FFFF8929
(1789541860.116907) can0 29B#BB967002FD100000
(1789541860.116988) can0 29C#2800000000000000
(1789541860.117115) can0 33F#0000000028000040
(1789541860.117294) can0 394#0036000010370514
(1789541860.117540) can0 396#3B6D4E2800454545
(1789541860.117778) can0 39A#0036020006800000
(1789541860.118029) can0 39B#3C3A820000001490
(1789541860.126203) can0 33B#0000003F00000000
(1789541860.126418) can0 323#0000000000001D65
(1789541860.126673) can0 324#0000004042000000
(1789541860.126919) can0 33D#0000102000280000
(1789541860.127148) can0 3B7#00000000000A8D87
(1789541860.127412) can0 491#0000000000000000
(1789541860.166903) can0 297#0101E040FFFF8A2A
(1789541860.166949) can0 29B#BB967002FD100000
(1789541860.216884) can0 297#0101E040FFFF8B2B
(1789541860.216931) can0 29B#BB967002FD100000
(1789541860.217006) can0 29C#2800000000000000
(1789541860.217128) can0 33F#0000000028000040
(1789541860.217325) can0 394#0036000010370617
(1789541860.217565) can0 396#3B6D4E2800454545
(1789541860.217802) can0 39A#0036020016400000
(1789541860.218056) can0 39B#3C3A82000000189C
(1789541860.226287) can0 33B#0000003F00000000
(1789541860.226509) can0 323#0000000000001D65
(1789541860.226766) can0 324#0000004042000000
(1789541860.227044) can0 33D#0000102000280000
(1789541860.227245) can0 3B7#00000000000B8C87
(1789541860.227491) can0 491#0000000000000000
(1789541860.266824) can0 297#0101E040FFFF8C2C
(1789541860.266860) can0 29B#BB967002FD100000
(1789541860.316825) can0 297#0101E040FFFF8D2D
(1789541860.316911) can0 29B#BB967002FD100000
(1789541860.316987) can0 29C#2800000000000000
(1789541860.317068) can0 33F#0000000028000040
(1789541860.317299) can0 394#0036000010370716
(1789541860.317541) can0 396#3B6D4E2800454545
(1789541860.317775) can0 39A#0036020026000000
(1789541860.318036) can0 39B#3C3A820000001C98
(1789541860.326209) can0 33B#0000003F00000000
(1789541860.326439) can0 323#0000000000001D65
(1789541860.326683) can0 324#0000004042000000
(1789541860.326922) can0 33D#0000102000280000
(1789541860.327167) can0 3B7#00000000000C8B87
(1789541860.327412) can0 491#0000000000000000
(1789541860.366837) can0 297#0101E040FFFF8E2E
(1789541860.366886) can0 29B#BB967002FD100000
(1789541860.416862) can0 297#0101E040FFFF8F2F
(1789541860.416900) can0 29B#BB967002FD100000
(1789541860.416949) can0 29C#2800000000000000
(1789541860.417072) can0 33F#0000000028000040
(1789541860.417299) can0 394#0036000010370819
(1789541860.417532) can0 396#3B6D4E2800454545
(1789541860.417789) can0 39A#0036020035C00000
(1789541860.418033) can0 39B#3C3A8200000020A4
(1789541860.426329) can0 33B#0000003F00000000
(1789541860.426554) can0 323#0000000000001D65
(1789541860.426800) can0 324#0000004042000000
(1789541860.427044) can0 33D#0000102000280000
(1789541860.427291) can0 3B7#00000000000D8A87
(1789541860.427533) can0 491#0000000000000000
(1789541860.466825) can0 297#0101E040FFFF8020
(1789541860.466894) can0 29B#BB967002FD100000
(1789541860.516826) can0 297#0101E040FFFF8121
(1789541860.516906) can0 29B#BB967002FD100000
(1789541860.516989) can0 29C#2800000000000000
(1789541860.517070) can0 33F#0000000028000040
(1789541860.517297) can0 394#0036000010370918
(1789541860.517552) can0 396#3B6D4E2800454545
(1789541860.517796) can0 39A#0036020045800000
(1789541860.518029) can0 39B#3C3A8200000024A0
(1789541860.526217) can0 33B#0000003F00000000
(1789541860.526438) can0 323#0000000000001FAD
(1789541860.526683) can0 324#0000004042000000
(1789541860.526924) can0 33D#0000102000280000
(1789541860.527171) can0 3B7#00000000000E8987
(1789541860.527422) can0 491#0000000000000000
(1789541860.566829) can0 297#0101E040FFFF8222
(1789541860.566883) can0 29B#BB967002FD100000
(1789541860.616871) can0 297#0101E040FFFF8323
(1789541860.616901) can0 29B#BB967002FD100000
(1789541860.616955) can0 29C#2800000000000000
(1789541860.617075) can0 33F#0000000028000040
(1789541860.617318) can0 394#0036000010370A1B
(1789541860.617560) can0 396#3B6D4E2800454545
(1789541860.617808) can0 39A#0036020055400000
(1789541860.618062) can0 39B#3C3A8200000028AC
(1789541860.626219) can0 33B#0000003F00000000
(1789541860.626441) can0 323#0000000000001FAD
(1789541860.626687) can0 324#0000004042000000
(1789541860.626935) can0 33D#0000102000280000
(1789541860.627186) can0 3B7#00000000000F8887
(1789541860.627424) can0 491#0000000000000000
(1789541860.666831) can0 297#0101E040FFFF8424
(1789541860.666881) can0 29B#BB967002FD100000
(1789541860.716886) can0 297#0101E040FFFF8525
(1789541860.716920) can0 29B#BB967002FD100000
(1789541860.717015) can0 29C#2800000000000000
(1789541860.717095) can0 33F#0000000028000040
(1789541860.717329) can0 394#0036000010370B1A
(1789541860.717589) can0 396#3B6D4E2800454545
(1789541860.717828) can0 39A#0036020065000000
(1789541860.718086) can0 39B#3C3A820000002CA8
(1789541860.726241) can0 33B#0000003F00000000
(1789541860.726439) can0 323#0000000000001FAD
(1789541860.726714) can0 324#0000004042000000
(1789541860.726954) can0 33D#0000102000280000
(1789541860.727210) can0 3B7#0000000000008787
(1789541860.727438) can0 491#0000000000000000
(1789541860.766860) can0 297#0101E040FFFF8626
(1789541860.766901) can0 29B#BB967002FD100000
(1789541860.816874) can0 297#0101E040FFFF8727
(1789541860.816943) can0 29B#BB967002FD100000
(1789541860.817028) can0 29C#2800000000000000
(1789541860.817090) can0 33F#0000000028000040
(1789541860.817332) can0 394#0036000010370C1D
(1789541860.817570) can0 396#3B6D4E2800454545
(1789541860.817806) can0 39A#0036020074C00000
(1789541860.818063) can0 39B#3C3A8200000030B4
(1789541860.826229) can0 33B#0000003F00000000
(1789541860.826443) can0 323#0000000000001FAD
(1789541860.826710) can0 324#0000004042000000
(1789541860.826946) can0 33D#0000102000280000
(1789541860.827208) can0 3B7#0000000000018687
(1789541860.827435) can0 491#0000000000000000
(1789541860.866856) can0 297#0101E040FFFF8828
(1789541860.866890) can0 29B#BB967002FD100000
(1789541860.916861) can0 297#0101E040FFFF8929
(1789541860.916906) can0 29B#BB967002FD100000
(1789541860.917012) can0 29C#2800000000000000
(1789541860.917075) can0 33F#0000000028000040
(1789541860.917296) can0 394#0036000010370D1C
(1789541860.917532) can0 396#3B6D4E2800454545
(1789541860.917786) can0 39A#0036020084800000
(1789541860.918019) can0 39B#3C3A8200000034B0
(1789541860.926268) can0 33B#0000003F00000000
(1789541860.926487) can0 323#0000000000001FAD
(1789541860.926727) can0 324#0000004042000000
(1789541860.926974) can0 33D#0000102000280000
(1789541860.927229) can0 3B7#0000000000028587
(1789541860.927463) can0 491#0000000000000000
(1789541860.966829) can0 297#0101E040FFFF8A2A
(1789541860.966892) can0 29B#BB967002FD100000
(1789541861.016831) can0 297#0101E040FFFF8B2B
(1789541861.016905) can0 29B#BB967002FD100000
(1789541861.016937) can0 29C#2800000000000000
(1789541861.017068) can0 33F#0000000028000040
(1789541861.017299) can0 394#0036000010370E1F
(1789541861.017533) can0 396#3B6D4E2800454545
(1789541861.017777) can0 39A#0036020094400000
(1789541861.018023) can0 39B#3C3A8200000038BC
(1789541861.026309) can0 33B#0000003F00000000
(1789541861.026538) can0 323#0000000000000000
(1789541861.026781) can0 324#0000004042000000
(1789541861.027024) can0 33D#0000102000280000
(1789541861.027272) can0 3B7#0000000000038487
(1789541861.027507) can0 491#0000000000000000
(1789541861.066843) can0 297#0101E040FFFF8C2C
(1789541861.066890) can0 29B#BB967002FD100000
(1789541861.116871) can0 297#0101E040FFFF8D2D
(1789541861.116914) can0 29B#BB967002FD100000
(1789541861.116989) can0 29C#2800000000000000
(1789541861.117082) can0 33F#0000000028000040
(1789541861.117327) can0 394#0036000010370F1E
(1789541861.117590) can0 396#3B6D4E2800454545
(1789541861.117816) can0 39A#00360200A4000000
(1789541861.118060) can0 39B#3C3A820000003CB8
(1789541861.126274) can0 33B#0000003F00000000
(1789541861.126474) can0 323#0000000000000000
(1789541861.126725) can0 324#0000004042000000
(1789541861.126973) can0 33D#0000102000280000
(1789541861.127249) can0 3B7#0000000000048387
(1789541861.127446) can0 491#0000000000000000
(1789541861.166839) can0 297#0101E040FFFF8E2E
(1789541861.166888) can0 29B#BB967002FD100000
(1789541861.216887) can0 297#0101E040FFFF8F2F
(1789541861.216924) can0 29B#BB967002FD100000
(1789541861.216962) can0 29C#2800000000000000
(1789541861.217087) can0 33F#0000000028000040
(1789541861.217312) can0 394#0036000010370011
(1789541861.217559) can0 396#3B6D4E2800454545
(1789541861.217803) can0 39A#00360200B3C00000
(1789541861.218040) can0 39B#3C3A820000000084
(1789541861.226300) can0 33B#0000003F00000000
(1789541861.226524) can0 323#0000000000000000
(1789541861.226767) can0 324#0000004042000000
(1789541861.227015) can0 33D#0000102000280000
(1789541861.227272) can0 3B7#0000000000058287
(1789541861.227515) can0 491#0000000000000000
(1789541861.266828) can0 297#0101E040FFFF8020
(1789541861.266880) can0 29B#BB967002FD100000
(1789541861.316871) can0 297#0101E040FFFF8121
(1789541861.316944) can0 29B#BB967002FD100000
(1789541861.316976) can0 29C#2800000000000000
(1789541861.317075) can0 33F#0000000028000040
(1789541861.317305) can0 394#0036000010370110
(1789541861.317549) can0 396#3B6D4E2800454545
(1789541861.317786) can0 39A#00360200C3800000
(1789541861.318027) can0 39B#3C3A820000000480
(1789541861.326303) can0 33B#0000003F00000000
(1789541861.326480) can0 323#0000000000000000
(1789541861.326722) can0 324#0000004042000000
(1789541861.326964) can0 33D#0000102000280000
(1789541861.327277) can0 3B7#0000000000068187
(1789541861.327455) can0 491#0000000000000000
(1789541861.366817) can0 297#0101E040FFFF8222
(1789541861.366887) can0 29B#BB967002FD100000
(1789541861.416860) can0 297#0101E040FFFF8323
(1789541861.416891) can0 29B#BB967002FD100000
(1789541861.416968) can0 29C#2800000000000000
(1789541861.417061) can0 33F#0000000028000040
(1789541861.417307) can0 394#0036000010370213
(1789541861.417563) can0 396#3B6D4E2800454545
(1789541861.417793) can0 39A#00360200D3400000
(1789541861.418043) can0 39B#3C3A82000000088C
(1789541861.426345) can0 33B#0000003F00000000
(1789541861.426568) can0 323#0000000000000000
(1789541861.426830) can0 324#0000004042000000
(1789541861.427086) can0 33D#0000102000280000
(1789541861.427318) can0 3B7#0000000000078087
(1789541861.427574) can0 491#0000000000000000
(1789541861.466840) can0 297#0101E040FFFF8424
(1789541861.466874) can0 29B#BB967002FD100000
(1789541861.516865) can0 297#0101E040FFFF8525
(1789541861.516889) can0 29B#BB967002FD100000
(1789541861.516969) can0 29C#2800000000000000
(1789541861.517066) can0 33F#0000000028000040
(1789541861.517310) can0 394#0036000010370312
(1789541861.517552) can0 396#3B6D4E2800454545
(1789541861.517803) can0 39A#00360200E3000000
(1789541861.518060) can0 39B#3C3A820000000C88
(1789541861.526322) can0 33B#0000003F00000000
(1789541861.526537) can0 323#0000000000001D65
(1789541861.526787) can0 324#0000004042000000
(1789541861.527025) can0 33D#0000102000280000
(1789541861.527301) can0 3B7#0000000000088F87
(1789541861.527528) can0 491#0000000000000000
(1789541861.566832) can0 297#0101E040FFFF8626
(1789541861.566878) can0 29B#BB967002FD100000
(1789541861.616848) can0 297#0101E040FFFF8727
(1789541861.616932) can0 29B#BB967002FD100000
(1789541861.616960) can0 29C#2800000000000000
(1789541861.617083) can0 33F#0000000028000040
(1789541861.617317) can0 394#0036000010370415
(1789541861.617566) can0 396#3B6D4E2800454545
(1789541861.617800) can0 39A#00360200F2C00000
(1789541861.618040) can0 39B#3C3A820000001094
(1789541861.626240) can0 33B#0000003F00000000
(1789541861.626523) can0 323#0000000000001D65
(1789541861.626714) can0 324#0000004042000000
(1789541861.626971) can0 33D#0000102000280000
(1789541861.627203) can0 3B7#0000000000098E87
(1789541861.627460) can0 491#0000000000000000
(1789541861.666834) can0 297#0101E040FFFF8828
(1789541861.666871) can0 29B#BB967002FD100000
(1789541861.716864) can0 297#0101E040FFFF8929
(1789541861.716980) can0 29B#BB967002FD100000
(1789541861.717026) can0 29C#2800000000000000
(1789541861.717084) can0 33F#0000000028000040
(1789541861.717326) can0 394#0036000010370514
(1789541861.717553) can0 396#3B6D4E2800454545
(1789541861.717806) can0 39A#0036020002800000
(1789541861.718050) can0 39B#3C3A820000001490
(1789541861.726253) can0 33B#0000003F00000000
(1789541861.726468) can0 323#0000000000001D65
(1789541861.726733) can0 324#0000004042000000
(1789541861.726967) can0 33D#0000102000280000
(1789541861.727223) can0 3B7#00000000000A8D87
(1789541861.727456) can0 491#0000000000000000
(1789541861.766846) can0 297#0101E040FFFF8A2A
(1789541861.766881) can0 29B#BB967002FD100000
(1789541861.816825) can0 297#0101E040FFFF8B2B
(1789541861.816899) can0 29B#BB967002FD100000
(1789541861.816977) can0 29C#2800000000000000
(1789541861.817062) can0 33F#0000000028000040
(1789541861.817379) can0 394#0036000010370617
(1789541861.817527) can0 396#3B6D4E2800454545
(1789541861.817767) can0 39A#0036020012400000
(1789541861.818014) can0 39B#3C3A82000000189C
(1789541861.826246) can0 33B#0000003F00000000
(1789541861.826490) can0 323#0000000000001D65
(1789541861.826726) can0 324#0000004042000000
(1789541861.826970) can0 33D#0000102000280000
(1789541861.827226) can0 3B7#00000000000B8C87
(1789541861.827467) can0 491#0000000000000000
(1789541861.866836) can0 297#0101E040FFFF8C2C
(1789541861.866871) can0 29B#BB967002FD100000
(1789541861.916866) can0 297#0101E040FFFF8D2D
(1789541861.916895) can0 29B#BB967002FD100000
(1789541861.916949) can0 29C#2800000000000000
(1789541861.917061) can0 33F#0000000028000040
(1789541861.917356) can0 394#0036000010370716
(1789541861.917537) can0 396#3B6D4E2800454545
(1789541861.917768) can0 39A#0036020022000000
(1789541861.918023) can0 39B#3C3A820000001C98
(1789541861.926399) can0 33B#0000003F00000000
(1789541861.926619) can0 323#0000000000001D65
(1789541861.926866) can0 324#0000004042000000
(1789541861.927109) can0 33D#0000102000280000
(1789541861.927362) can0 3B7#00000000000C8B87
(1789541861.927598) can0 491#0000000000000000
(1789541861.966829) can0 297#0101E040FFFF8E2E
(1789541861.966871) can0 29B#BB967002FD100000
(1789541862.016896) can0 297#0101E040FFFF8F2F
(1789541862.016968) can0 29B#BB967002FD100000
(1789541862.017050) can0 29C#2800000000000000
(1789541862.017099) can0 33F#0000000028000040
(1789541862.017366) can0 394#0036000010370819
(1789541862.017593) can0 396#3B6D4E2800454545
(1789541862.017849) can0 39A#0036020031C00000
(1789541862.018089) can0 39B#3C3A8200000020A4
(1789541862.026270) can0 33B#0000003F00000000
(1789541862.026497) can0 323#0000000000001FAD
(1789541862.026758) can0 324#0000004042000000
(1789541862.026997) can0 33D#0000102000280000
(1789541862.027256) can0 3B7#00000000000D8A87
(1789541862.027481) can0 491#0000000000000000
(1789541862.066820) can0 297#0101E040FFFF8020
(1789541862.066859) can0 29B#BB967002FD100000
(1789541862.116877) can0 297#0101E040FFFF8121
(1789541862.116904) can0 29B#BB967002FD100000
(1789541862.116986) can0 29C#2800000000000000
(1789541862.117069) can0 33F#0000000028000040
(1789541862.117304) can0 394#0036000010370918
(1789541862.117548) can0 396#3B6D4E2800454545
(1789541862.117794) can0 39A#0036020041800000
(1789541862.118037) can0 39B#3C3A8200000024A0
(1789541862.126272) can0 33B#0000003F00000000
(1789541862.126499) can0 323#0000000000001FAD
(1789541862.126735) can0 324#0000004042000000
(1789541862.126984) can0 33D#0000102000280000
(1789541862.127230) can0 3B7#00000000000E8987
(1789541862.127486) can0 491#0000000000000000
(1789541862.166824) can0 297#0101E040FFFF8222
(1789541862.166869) can0 29B#BB967002FD100000
(1789541862.216879) can0 297#0101E040FFFF8323
(1789541862.216960) can0 29B#BB967002FD100000
(1789541862.216991) can0 29C#2800000000000000
(1789541862.217094) can0 33F#0000000028000040
(1789541862.217399) can0 394#0036000010370A1B
(1789541862.217579) can0 396#3B6D4E2800454545
(1789541862.217818) can0 39A#0036020051400000
(1789541862.218075) can0 39B#3C3A8200000028AC
(1789541862.226346) can0 33B#0000003F00000000
(1789541862.226570) can0 323#0000000000001FAD
(1789541862.226806) can0 324#0000004042000000
(1789541862.227042) can0 33D#0000102000280000
(1789541862.227301) can0 3B7#00000000000F8887
(1789541862.227536) can0 491#0000000000000000
(1789541862.266840) can0 297#0101E040FFFF8424
(1789541862.266880) can0 29B#BB967002FD100000
(1789541862.316841) can0 297#0101E040FFFF8525
(1789541862.316926) can0 29B#BB967002FD100000
(1789541862.316956) can0 29C#2800000000000000
(1789541862.317090) can0 33F#0000000028000040
(1789541862.317316) can0 394#0036000010370B1A
(1789541862.317553) can0 396#3B6D4E2800454545
(1789541862.317801) can0 39A#0036020061000000
(1789541862.318045) can0 39B#3C3A820000002CA8
(1789541862.326310) can0 33B#0000003F00000000
(1789541862.326496) can0 323#0000000000001FAD
(1789541862.326765) can0 324#0000004042000000
(1789541862.326993) can0 33D#0000102000280000
(1789541862.327231) can0 3B7#0000000000008787
(1789541862.327494) can0 491#0000000000000000
(1789541862.366829) can0 297#0101E040FFFF8626
(1789541862.366865) can0 29B#BB967002FD100000
(1789541862.416838) can0 297#0101E040FFFF8727
(1789541862.416913) can0 29B#BB967002FD100000
(1789541862.416991) can0 29C#2800000000000000
(1789541862.417080) can0 33F#0000000028000040
(1789541862.417306) can0 394#0036000010370C1D
(1789541862.417555) can0 396#3B6D4E2800454545
(1789541862.417792) can0 39A#0036020070C00000
(1789541862.418045) can0 39B#3C3A8200000030B4
(1789541862.426446) can0 33B#0000003F00000000
(1789541862.426630) can0 323#0000000000001FAD
(1789541862.426895) can0 324#0000004042000000
(1789541862.427110) can0 33D#0000102000280000
(1789541862.427421) can0 3B7#0000000000018687
(1789541862.427604) can0 491#0000000000000000
(1789541862.466822) can0 297#0101E040FFFF8828
(1789541862.466851) can0 29B#BB967002FD100000
(1789541862.516862) can0 297#0101E040FFFF8929
(1789541862.516897) can0 29B#BB967002FD100000
(1789541862.516977) can0 29C#2800000000000000
(1789541862.517115) can0 33F#0000000028000040
(1789541862.517325) can0 394#0036000010370D1C
(1789541862.517560) can0 396#3B6D4E2800454545
(1789541862.517815) can0 39A#0036020080800000
(1789541862.518060) can0 39B#3C3A8200000034B0
(1789541862.526285) can0 33B#0000003F00000000
(1789541862.526506) can0 323#0000000000000000
(1789541862.526764) can0 324#0000004042000000
(1789541862.527003) can0 33D#0000102000280000
(1789541862.527244) can0 3B7#0000000000028587
(1789541862.527485) can0 491#0000000000000000
(1789541862.566829) can0 297#0101E040FFFF8A2A
(1789541862.566857) can0 29B#BB967002FD100000
(1789541862.616863) can0 297#0101E040FFFF8B2B
(1789541862.616901) can0 29B#BB967002FD100000
(1789541862.616980) can0 29C#2800000000000000
(1789541862.617081) can0 33F#0000000028000040
(1789541862.617324) can0 394#0036000010370E1F
(1789541862.617583) can0 396#3B6D4E2800454545
(1789541862.617813) can0 39A#0036020090400000
(1789541862.618059) can0 39B#3C3A8200000038BC
(1789541862.626297) can0 33B#0000003F00000000
(1789541862.626537) can0 323#0000000000000000
(1789541862.626771) can0 324#0000004042000000
(1789541862.627020) can0 33D#0000102000280000
(1789541862.627260) can0 3B7#0000000000038487
(1789541862.627513) can0 491#0000000000000000
(1789541862.666854) can0 297#0101E040FFFF8C2C
(1789541862.666889) can0 29B#BB967002FD100000
(1789541862.716837) can0 297#0101E040FFFF8D2D
(1789541862.716911) can0 29B#BB967002FD100000
(1789541862.716987) can0 29C#2800000000000000
(1789541862.717064) can0 33F#0000000028000040
(1789541862.717291) can0 394#0036000010370F1E
(1789541862.717540) can0 396#3B6D4E2800454545
(1789541862.717780) can0 39A#00360200A0000000
(1789541862.718038) can0 39B#3C3A820000003CB8
(1789541862.726359) can0 33B#0000003F00000000
(1789541862.726589) can0 323#0000000000000000
(1789541862.726839) can0 324#0000004042000000
(1789541862.727072) can0 33D#0000102000280000
(1789541862.727330) can0 3B7#0000000000048387
(1789541862.727569) can0 491#0000000000000000
(1789541862.766855) can0 297#0101E040FFFF8E2E
(1789541862.766907) can0 29B#BB967002FD100000
(1789541862.816855) can0 297#0101E040FFFF8F2F
(1789541862.816901) can0 29B#BB967002FD100000
(1789541862.816981) can0 29C#2800000000000000
(1789541862.817070) can0 33F#0000000028000040
(1789541862.817290) can0 394#0036000010370011
(1789541862.817535) can0 396#3B6D4E2800454545
(1789541862.817781) can0 39A#00360200AFC00000
(1789541862.818028) can0 39B#3C3A820000000084
(1789541862.826293) can0 33B#0000003F00000000
(1789541862.826513) can0 323#0000000000000000
(1789541862.826771) can0 324#0000004042000000
(1789541862.827003) can0 33D#0000102000280000
(1789541862.827244) can0 3B7#0000000000058287
(1789541862.827499) can0 491#0000000000000000
(1789541862.866843) can0 297#0101E040FFFF8020
(1789541862.866879) can0 29B#BB967002FD100000
(1789541862.916867) can0 297#0101E040FFFF8121
(1789541862.916897) can0 29B#BB967002FD100000
(1789541862.916975) can0 29C#2800000000000000
(1789541862.917063) can0 33F#0000000028000040
(1789541862.917324) can0 394#0036000010370110
(1789541862.917556) can0 396#3B6D4E2800454545
(1789541862.917798) can0 39A#00360200BF800000
(1789541862.918045) can0 39B#3C3A820000000480
(1789541862.926336) can0 33B#0000003F00000000
(1789541862.926562) can0 323#0000000000000000
(1789541862.926800) can0 324#0000004042000000
(1789541862.927047) can0 33D#0000102000280000
(1789541862.927286) can0 3B7#0000000000068187
(1789541862.927542) can0 491#0000000000000000
(1789541862.966826) can0 297#0101E040FFFF8222
(1789541862.966885) can0 29B#BB967002FD100000
(1789541863.016871) can0 297#0101E040FFFF8323
(1789541863.016899) can0 29B#BB967002FD100000
(1789541863.016953) can0 29C#2800000000000000
(1789541863.017068) can0 33F#0000000028000040
(1789541863.017301) can0 394#0036000010370213
(1789541863.017537) can0 396#3B6D4E2800454545
(1789541863.017781) can0 39A#00360200CF400000
(1789541863.018020) can0 39B#3C3A82000000088C
(1789541863.026293) can0 33B#0000003F00000000
(1789541863.026525) can0 323#0000000000001D65
(1789541863.026760) can0 324#0000004042000000
(1789541863.027022) can0 33D#0000102000280000
(1789541863.027257) can0 3B7#0000000000078087
(1789541863.027508) can0 491#0000000000000000
(1789541863.066844) can0 297#0101E040FFFF8424
(1789541863.066881) can0 29B#BB967002FD100000
(1789541863.116820) can0 297#0101E040FFFF8525
(1789541863.116896) can0 29B#BB967002FD100000
(1789541863.116936) can0 29C#2800000000000000
(1789541863.117071) can0 33F#0000000028000040
(1789541863.117297) can0 394#0036000010370312
(1789541863.117534) can0 396#3B6D4E2800454545
(1789541863.117774) can0 39A#00360200DF000000
(1789541863.118015) can0 39B#3C3A820000000C88
(1789541863.126359) can0 33B#0000003F00000000
(1789541863.126583) can0 323#0000000000001D65
(1789541863.126834) can0 324#0000004042000000
(1789541863.127072) can0 33D#0000102000280000
(1789541863.127329) can0 3B7#0000000000088F87
(1789541863.127565) can0 491#0000000000000000
(1789541863.166846) can0 297#0101E040FFFF8626
(1789541863.166906) can0 29B#BB967002FD100000
(1789541863.216876) can0 297#0101E040FFFF8727
(1789541863.216900) can0 29B#BB967002FD100000
(1789541863.216978) can0 29C#2800000000000000
(1789541863.217076) can0 33F#0000000028000040
(1789541863.217302) can0 394#0036000010370415
(1789541863.217547) can0 396#3B6D4E2800454545
(1789541863.217787) can0 39A#00360200EEC00000
(1789541863.218029) can0 39B#3C3A820000001094
(1789541863.226308) can0 33B#0000003F00000000
(1789541863.226528) can0 323#0000000000001D65
(1789541863.226793) can0 324#0000004042000000
(1789541863.227023) can0 33D#0000102000280000
(1789541863.227260) can0 3B7#0000000000098E87
(1789541863.227530) can0 491#0000000000000000
(1789541863.266845) can0 297#0101E040FFFF8828
(1789541863.266891) can0 29B#BB967002FD100000
(1789541863.316858) can0 297#0101E040FFFF8929
(1789541863.316886) can0 29B#BB967002FD100000
(1789541863.316967) can0 29C#2800000000000000
(1789541863.317063) can0 33F#0000000028000040
(1789541863.317292) can0 394#0036000010370514
(1789541863.317538) can0 396#3B6D4E2800454545
(1789541863.317771) can0 39A#00360200FE800000
(1789541863.318014) can0 39B#3C3A820000001490
(1789541863.326321) can0 33B#0000003F00000000
(1789541863.326542) can0 323#0000000000001D65
(1789541863.326800) can0 324#0000004042000000
(1789541863.327042) can0 33D#0000102000280000
(1789541863.327274) can0 3B7#00000000000A8D87
(1789541863.327544) can0 491#0000000000000000
(1789541863.366833) can0 297#0101E040FFFF8A2A
(1789541863.366875) can0 29B#BB967002FD100000
(1789541863.416818) can0 297#0101E040FFFF8B2B
(1789541863.416894) can0 29B#BB967002FD100000
(1789541863.416973) can0 29C#2800000000000000
(1789541863.417052) can0 33F#0000000028000040
(1789541863.417284) can0 394#0036000010370617
(1789541863.417552) can0 396#3B6D4E2800454545
(1789541863.417775) can0 39A#003602000E400000
(1789541863.418031) can0 39B#3C3A82000000189C
(1789541863.426336) can0 33B#0000003F00000000
(1789541863.426566) can0 323#0000000000001D65
(1789541863.426808) can0 324#0000004042000000
(1789541863.427062) can0 33D#0000102000280000
(1789541863.427292) can0 3B7#00000000000B8C87
(1789541863.427559) can0 491#0000000000000000
(1789541863.466829) can0 297#0101E040FFFF8C2C
(1789541863.466869) can0 29B#BB967002FD100000
(1789541863.516871) can0 297#0101E040FFFF8D2D
(1789541863.516897) can0 29B#BB967002FD100000
(1789541863.516976) can0 29C#2800000000000000
(1789541863.517072) can0 33F#0000000028000040
(1789541863.517295) can0 394#0036000010370716
(1789541863.517564) can0 396#3B6D4E2800454545
(1789541863.517774) can0 39A#003602001E000000
(1789541863.518014) can0 39B#3C3A820000001C98
(1789541863.526385) can0 33B#0000003F00000000
(1789541863.526601) can0 323#0000000000001FAD
(1789541863.526845) can0 324#0000004042000000
(1789541863.527092) can0 33D#0000102000280000
(1789541863.527330) can0 3B7#00000000000C8B87
(1789541863.527582) can0 491#0000000000000000
(1789541863.566838) can0 297#0101E040FFFF8E2E
(1789541863.566870) can0 29B#BB967002FD100000
(1789541863.616853) can0 297#0101E040FFFF8F2F
(1789541863.616930) can0 29B#BB967002FD100000
(1789541863.617010) can0 29C#2800000000000000
(1789541863.617077) can0 33F#0000000028000040
(1789541863.617315) can0 394#0036000010370819
(1789541863.617585) can0 396#3B6D4E2800454545
(1789541863.617811) can0 39A#003602002DC00000
(1789541863.618052) can0 39B#3C3A8200000020A4
(1789541863.626321) can0 33B#0000003F00000000
(1789541863.626581) can0 323#0000000000001FAD
(1789541863.626796) can0 324#0000004042000000
(1789541863.627029) can0 33D#0000102000280000
(1789541863.627276) can0 3B7#00000000000D8A87
(1789541863.627589) can0 491#0000000000000000
(1789541863.666819) can0 297#0101E040FFFF8020
(1789541863.666882) can0 29B#BB967002FD100000
(1789541863.716874) can0 297#0101E040FFFF8121
(1789541863.716989) can0 29B#BB967002FD100000
(1789541863.717042) can0 29C#2800000000000000
(1789541863.717099) can0 33F#0000000028000040
(1789541863.717325) can0 394#0036000010370918
(1789541863.717592) can0 396#3B6D4E2800454545
(1789541863.717814) can0 39A#003602003D800000
(1789541863.718063) can0 39B#3C3A8200000024A0
(1789541863.726320) can0 33B#0000003F00000000
(1789541863.726594) can0 323#0000000000001FAD
(1789541863.726771) can0 324#0000004042000000
(1789541863.727040) can0 33D#0000102000280000
(1789541863.727271) can0 3B7#00000000000E8987
(1789541863.727594) can0 491#0000000000000000
(1789541863.766836) can0 297#0101E040FFFF8222
(1789541863.766861) can0 29B#BB967002FD100000
(1789541863.816854) can0 297#0101E040FFFF8323
(1789541863.816937) can0 29B#BB967002FD100000
(1789541863.816971) can0 29C#2800000000000000
(1789541863.817077) can0 33F#0000000028000040
(1789541863.817335) can0 394#0036000010370A1B
(1789541863.817607) can0 396#3B6D4E2800454545
(1789541863.817800) can0 39A#003602004D400000
(1789541863.818043) can0 39B#3C3A8200000028AC
(1789541863.826347) can0 33B#0000003F00000000
(1789541863.826610) can0 323#0000000000001FAD
(1789541863.826830) can0 324#0000004042000000
(1789541863.827059) can0 33D#0000102000280000
(1789541863.827312) can0 3B7#00000000000F8887
(1789541863.827616) can0 491#0000000000000000
(1789541863.866850) can0 297#0101E040FFFF8424
(1789541863.866879) can0 29B#BB967002FD100000
(1789541863.916824) can0 297#0101E040FFFF8525
(1789541863.916898) can0 29B#BB967002FD100000
(1789541863.916976) can0 29C#2800000000000000
(1789541863.917058) can0 33F#0000000028000040
(1789541863.917281) can0 394#0036000010370B1A
(1789541863.917522) can0 396#3B6D4E2800454545
(1789541863.917780) can0 39A#003602005D000000
(1789541863.918016) can0 39B#3C3A820000002CA8
(1789541863.926534) can0 33B#0000003F00000000
(1789541863.926766) can0 323#0000000000001FAD
(1789541863.926998) can0 324#0000004042000000
(1789541863.927248) can0 33D#0000102000280000
(1789541863.927500) can0 3B7#0000000000008787
(1789541863.927745) can0 491#0000000000000000
(1789541863.966839) can0 297#0101E040FFFF8626
(1789541863.966875) can0 29B#BB967002FD100000
(1789541864.016861) can0 297#0101E040FFFF8727
(1789541864.016944) can0 29B#BB967002FD100000
(1789541864.016976) can0 29C#2800000000000000
(1789541864.017076) can0 33F#0000000028000040
(1789541864.017318) can0 394#0036000010370C1D
(1789541864.017563) can0 396#3B6D4E2800454545
(1789541864.017798) can0 39A#003602006CC00000
(1789541864.018052) can0 39B#3C3A8200000030B4
(1789541864.026379) can0 33B#0000003F00000000
(1789541864.026634) can0 323#0000000000000000
(1789541864.026869) can0 324#0000004042000000
(1789541864.027127) can0 33D#0000102000280000
(1789541864.027360) can0 3B7#0000000000018687
(1789541864.027632) can0 491#0000000000000000
(1789541864.066835) can0 297#0101E040FFFF8828
(1789541864.066898) can0 29B#BB967002FD100000
(1789541864.116864) can0 297#0101E040FFFF8929
(1789541864.116950) can0 29B#BB967002FD100000
(1789541864.116982) can0 29C#2800000000000000
(1789541864.117081) can0 33F#0000000028000040
(1789541864.117322) can0 394#0036000010370D1C
(1789541864.117574) can0 396#3B6D4E2800454545
(1789541864.117812) can0 39A#003602007C800000
(1789541864.118050) can0 39B#3C3A8200000034B0
(1789541864.126445) can0 33B#0000003F00000000
(1789541864.126648) can0 323#0000000000000000
(1789541864.126880) can0 324#0000004042000000
(1789541864.127123) can0 33D#0000102000280000
(1789541864.127376) can0 3B7#0000000000028587
(1789541864.127648) can0 491#0000000000000000
(1789541864.166834) can0 297#0101E040FFFF8A2A
(1789541864.166897) can0 29B#BB967002FD100000
(1789541864.216863) can0 297#0101E040FFFF8B2B
(1789541864.216898) can0 29B#BB967002FD100000
(1789541864.216987) can0 29C#2800000000000000
(1789541864.217068) can0 33F#0000000028000040
(1789541864.217295) can0 394#0036000010370E1F
(1789541864.217536) can0 396#3B6D4E2800454545
(1789541864.217782) can0 39A#003602008C400000
(1789541864.218042) can0 39B#3C3A8200000038BC
(1789541864.226334) can0 33B#0000003F00000000
(1789541864.226555) can0 323#0000000000000000
(1789541864.226804) can0 324#0000004042000000
(1789541864.227046) can0 33D#0000102000280000
(1789541864.227295) can0 3B7#0000000000038487
(1789541864.227537) can0 491#0000000000000000
(1789541864.266846) can0 297#0101E040FFFF8C2C
(1789541864.266908) can0 29B#BB967002FD100000
(1789541864.316859) can0 297#0101E040FFFF8D2D
(1789541864.316896) can0 29B#BB967002FD100000
(1789541864.316985) can0 29C#2800000000000000
(1789541864.317071) can0 33F#0000000028000040
(1789541864.317317) can0 394#0036000010370F1E
(1789541864.317559) can0 396#3B6D4E2800454545
(1789541864.317799) can0 39A#003602009C000000
(1789541864.318049) can0 39B#3C3A820000003CB8
(1789541864.326340) can0 33B#0000003F00000000
(1789541864.326557) can0 323#0000000000000000
(1789541864.326798) can0 324#0000004042000000
(1789541864.327060) can0 33D#0000102000280000
(1789541864.327300) can0 3B7#0000000000048387
(1789541864.327548) can0 491#0000000000000000
(1789541864.366857) can0 297#0101E040FFFF8E2E
(1789541864.366901) can0 29B#BB967002FD100000
(1789541864.416859) can0 297#0101E040FFFF8F2F
(1789541864.416890) can0 29B#BB967002FD100000
