(1791117516.110663) can0 297#0101E040FFFF8222
(1791117516.110900) can0 29B#BB967002FD100000
(1791117516.160680) can0 297#0101E040FFFF8323
(1791117516.160886) can0 29B#BB967002FD100000
(1791117516.165304) can0 29C#2800000000000000
(1791117516.165559) can0 33F#0000000028000040
(1791117516.165795) can0 33B#0000003F00008000
(1791117516.166039) can0 323#0000000000001FC5
(1791117516.166288) can0 324#3700004145000000
(1791117516.166535) can0 33D#0000A02000280000
(1791117516.166775) can0 394#0036000010370213
(1791117516.166998) can0 396#3B6D4E2800454545
(1791117516.167246) can0 39A#00360200D3400000
(1791117516.167498) can0 39B#3C3A82000000088C
(1791117516.167748) can0 3B7#0000400000064600
(1791117516.167983) can0 491#0000000000000000
(1791117516.210686) can0 297#0101E040FFFF8424
(1791117516.210900) can0 29B#BB967002FD100000
(1791117516.260696) can0 297#0101E040FFFF8525
(1791117516.260910) can0 29B#BB967002FD100000
(1791117516.265294) can0 29C#2800000000000000
(1791117516.265542) can0 33F#0000000028000040
(1791117516.265782) can0 323#0000000000001FC5
(1791117516.266030) can0 324#3700004145000000
(1791117516.266281) can0 33B#0000003F00008000
(1791117516.266540) can0 33D#0000A02000280000
(1791117516.266782) can0 394#0036000010370312
(1791117516.267010) can0 396#3B6D4E2800454545
(1791117516.267239) can0 39A#00360200E3000000
(1791117516.267486) can0 39B#3C3A820000000C88
(1791117516.267733) can0 3B7#0000400000074700
(1791117516.267965) can0 491#0000000000000000
(1791117516.310640) can0 297#0101E040FFFF8626
(1791117516.310900) can0 29B#BB967002FD100000
(1791117516.360646) can0 297#0101E040FFFF8727
(1791117516.360906) can0 29B#BB967002FD100000
(1791117516.365281) can0 29C#2800000000000000
(1791117516.365561) can0 33F#0000000028000040
(1791117516.365796) can0 33B#0000003F00008000
(1791117516.366040) can0 323#0000000000000000
(1791117516.366296) can0 324#3700004145000000
(1791117516.366543) can0 33D#0000A02000280000
(1791117516.366795) can0 394#0036000010370415
(1791117516.367010) can0 396#3B6D4E2800454545
(1791117516.367249) can0 39A#00360200F2C00000
(1791117516.367509) can0 39B#3C3A820000001094
(1791117516.367755) can0 3B7#0000400000084800
(1791117516.367996) can0 491#0000000000000000
(1791117516.410657) can0 297#0101E040FFFF8828
(1791117516.410896) can0 29B#BB967002FD100000
(1791117516.460657) can0 297#0101E040FFFF8929
(1791117516.460882) can0 29B#BB967002FD100000
(1791117516.465327) can0 29C#2800000000000000
(1791117516.465569) can0 33F#0000000028000040
(1791117516.465805) can0 33B#0000003F00008000
(1791117516.466057) can0 323#0000000000000000
(1791117516.466279) can0 324#3700004145000000
(1791117516.466538) can0 33D#0000A02000280000
(1791117516.466767) can0 394#0036000010370514
(1791117516.467056) can0 396#3B6D4E2800454545
(1791117516.467252) can0 39A#0036020002800000
(1791117516.467488) can0 39B#3C3A820000001490
(1791117516.467745) can0 3B7#0000400000094900
(1791117516.467977) can0 491#0000000000000000
(1791117516.510650) can0 297#0101E040FFFF8A2A
(1791117516.510892) can0 29B#BB967002FD100000
(1791117516.560657) can0 297#0101E040FFFF8B2B
(1791117516.560878) can0 29B#BB967002FD100000
(1791117516.565369) can0 29C#2800000000000000
(1791117516.565560) can0 33F#0000000028000040
(1791117516.565807) can0 33B#0000003F00008000
(1791117516.566056) can0 323#0000000000000000
(1791117516.566301) can0 324#3700004145000000
(1791117516.566534) can0 33D#0000A02000280000
(1791117516.566770) can0 394#0036000010370617
(1791117516.566992) can0 396#3B6D4E2800454545
(1791117516.567239) can0 39A#0036020012400000
(1791117516.567482) can0 39B#3C3A82000000189C
(1791117516.567719) can0 3B7#00004000000A4A00
(1791117516.567969) can0 491#0000000000000000
(1791117516.610661) can0 297#0101E040FFFF8C2C
(1791117516.610888) can0 29B#BB967002FD100000
(1791117516.660652) can0 297#0101E040FFFF8D2D
(1791117516.660880) can0 29B#BB967002FD100000
(1791117516.665325) can0 29C#2800000000000000
(1791117516.665564) can0 33F#0000000028000040
(1791117516.665798) can0 323#0000000000000000
(1791117516.666037) can0 324#3700004145000000
(1791117516.666282) can0 33B#0000003F00008000
(1791117516.666532) can0 33D#0000A02000280000
(1791117516.666781) can0 394#0036000010370716
(1791117516.666995) can0 396#3B6D4E2800454545
(1791117516.667242) can0 39A#0036020022000000
(1791117516.667465) can0 39B#3C3A820000001C98
(1791117516.667713) can0 3B7#00004000000B4B00
(1791117516.667977) can0 491#0000000000000000
(1791117516.710684) can0 297#0101E040FFFF8E2E
(1791117516.710882) can0 29B#BB967002FD100000
(1791117516.760671) can0 297#0101E040FFFF8F2F
(1791117516.760884) can0 29B#BB967002FD100000
(1791117516.765277) can0 29C#2800000000000000
(1791117516.765557) can0 33F#0000000028000040
(1791117516.765809) can0 394#0036000010370819
(1791117516.766058) can0 323#0000000000000000
(1791117516.766303) can0 324#3700004145000000
(1791117516.766543) can0 33B#0000003F00008000
(1791117516.766807) can0 33D#0000A02000280000
(1791117516.767026) can0 396#3B6D4E2800454545
(1791117516.767265) can0 39A#0036020031C00000
(1791117516.767507) can0 39B#3C3A8200000020A4
(1791117516.767763) can0 3B7#00004000000C4C00
(1791117516.768008) can0 491#0000000000000000
(1791117516.810642) can0 297#0101E040FFFF8020
(1791117516.810867) can0 29B#BB967002FD100000
(1791117516.860648) can0 297#0101E040FFFF8121
(1791117516.860881) can0 29B#BB967002FD100000
(1791117516.865301) can0 29C#2800000000000000
(1791117516.865559) can0 33F#0000000028000040
(1791117516.865796) can0 33B#0000003F00008000
(1791117516.866048) can0 323#0000000000001D65
(1791117516.866294) can0 324#3700004145000000
(1791117516.866533) can0 33D#0000A02000280000
(1791117516.866762) can0 394#0036000010370918
(1791117516.866994) can0 396#3B6D4E2800454545
(1791117516.867241) can0 39A#0036020041800000
(1791117516.867519) can0 39B#3C3A8200000024A0
(1791117516.867751) can0 3B7#00004000000D4D00
(1791117516.867972) can0 491#0000000000000000
(1791117516.910650) can0 297#0101E040FFFF8222
(1791117516.910874) can0 29B#BB967002FD100000
(1791117516.960633) can0 297#0101E040FFFF8323
(1791117516.960890) can0 29B#BB967002FD100000
(1791117516.965329) can0 29C#2800000000000000
(1791117516.965559) can0 33F#0000000028000040
(1791117516.965790) can0 33B#0000003F00008000
(1791117516.966043) can0 323#0000000000001D65
(1791117516.966287) can0 324#3700004145000000
(1791117516.966526) can0 33D#0000A02000280000
(1791117516.966757) can0 394#0036000010370A1B
(1791117516.966989) can0 396#3B6D4E2800454545
(1791117516.967231) can0 39A#0036020051400000
(1791117516.967492) can0 39B#3C3A8200000028AC
(1791117516.967719) can0 3B7#00004000000E4E00
(1791117516.968015) can0 491#0000000000000000
(1791117517.010651) can0 297#0101E040FFFF8424
(1791117517.010897) can0 29B#BB967002FD100000
(1791117517.060655) can0 297#0101E040FFFF8525
(1791117517.060885) can0 29B#BB967002FD100000
(1791117517.065408) can0 29C#2800000000000000
(1791117517.065555) can0 33F#0000000028000040
(1791117517.065778) can0 323#0000000000001D65
(1791117517.066052) can0 324#3700004145000000
(1791117517.066283) can0 33B#0000003F00008000
(1791117517.066521) can0 33D#0000A02000280000
(1791117517.066762) can0 394#0036000010370B1A
(1791117517.066992) can0 396#3B6D4E2800454545
(1791117517.067239) can0 39A#0036020061000000
(1791117517.067489) can0 39B#3C3A820000002CA8
(1791117517.067724) can0 3B7#00004000000F4F00
(1791117517.067963) can0 491#0000000000000000
(1791117517.110650) can0 297#0101E040FFFF8626
(1791117517.110878) can0 29B#BB967002FD100000
(1791117517.160816) can0 297#0101E040FFFF8727
(1791117517.160895) can0 29B#BB967002FD100000
(1791117517.165286) can0 29C#2800000000000000
(1791117517.165532) can0 33F#0000000028000040
(1791117517.165781) can0 33B#1900003F00008000
(1791117517.166022) can0 323#0000000000001D65
(1791117517.166269) can0 324#370000414500001D
(1791117517.166512) can0 33D#0000A02000280000
(1791117517.166751) can0 394#0036000010370C1D
(1791117517.166981) can0 396#3B6D4E2800454545
(1791117517.167251) can0 39A#0036020070C00000
(1791117517.167477) can0 39B#3C3A8200000030B4
(1791117517.167727) can0 3B7#0000400000004000
(1791117517.167991) can0 491#0000000000000000
(1791117517.210661) can0 297#0101E040FFFF8828
(1791117517.210869) can0 29B#BB967002FD100000
(1791117517.260635) can0 297#0101E040FFFF8929
(1791117517.260875) can0 29B#BB967002FD100000
(1791117517.265280) can0 29C#2800000000000000
(1791117517.265540) can0 33F#0000000028000040
(1791117517.265779) can0 33B#1900003F00008000
(1791117517.266027) can0 323#0000000000001D65
(1791117517.266272) can0 324#370000414500001D
(1791117517.266514) can0 33D#0000A02000280000
(1791117517.266765) can0 394#0036000010370D1C
(1791117517.266985) can0 396#3B6D4E2800454545
(1791117517.267264) can0 39A#0036020080800000
(1791117517.267450) can0 39B#3C3A8200000034B0
(1791117517.267698) can0 3B7#0000400000014100
(1791117517.267961) can0 491#0000000000000000
(1791117517.310631) can0 297#0101E040FFFF8A2A
(1791117517.310868) can0 29B#BB967002FD100000
(1791117517.360622) can0 297#0101E040FFFF8B2B
(1791117517.360875) can0 29B#BB967002FD100000
(1791117517.365323) can0 29C#2800000000000000
(1791117517.365546) can0 33F#0000000028000040
(1791117517.365784) can0 33B#1900003F00008000
(1791117517.366039) can0 323#0000000000001FAD
(1791117517.366282) can0 324#370000414500001D
(1791117517.366569) can0 33D#0000A02000280000
(1791117517.366792) can0 394#0036000010370E1F
(1791117517.366995) can0 396#3B6D4E2800454545
(1791117517.367293) can0 39A#0036020090400000
(1791117517.367479) can0 39B#3C3A8200000038BC
(1791117517.367730) can0 3B7#0000400000024200
(1791117517.367973) can0 491#0000000000000000
(1791117517.410650) can0 297#0101E040FFFF8C2C
(1791117517.410886) can0 29B#BB967002FD100000
(1791117517.460630) can0 297#0101E040FFFF8D2D
(1791117517.460880) can0 29B#BB967002FD100000
(1791117517.465343) can0 29C#2800000000000000
(1791117517.465554) can0 33F#0000000028000040
(1791117517.465803) can0 33B#1900003F00008000
(1791117517.466046) can0 323#0000000000001FAD
(1791117517.466290) can0 324#370000414500001D
(1791117517.466515) can0 33D#0000A02000280000
(1791117517.466743) can0 394#0036000010370F1E
(1791117517.466986) can0 396#3B6D4E2800454545
(1791117517.467217) can0 39A#00360200A0000000
(1791117517.467468) can0 39B#3C3A820000003CB8
(1791117517.467705) can0 3B7#0000400000034300
(1791117517.467955) can0 491#0000000000000000
(1791117517.510678) can0 297#0101E040FFFF8E2E
(1791117517.510908) can0 29B#BB967002FD100000
(1791117517.560645) can0 297#0101E040FFFF8F2F
(1791117517.560862) can0 29B#BB967002FD100000
(1791117517.565344) can0 29C#2800000000000000
(1791117517.565540) can0 33F#0000000028000040
(1791117517.565788) can0 33B#1900003F00008000
(1791117517.566033) can0 323#0000000000001FAD
(1791117517.566303) can0 324#370000414500001D
(1791117517.566508) can0 33D#0000A02000280000
(1791117517.566761) can0 394#0036000010370011
(1791117517.567008) can0 396#3B6D4E2800454545
(1791117517.567243) can0 39A#00360200AFC00000
(1791117517.567514) can0 39B#3C3A820000000084
(1791117517.567736) can0 3B7#0000400000044400
(1791117517.567983) can0 491#0000000000000000
(1791117517.610639) can0 297#0101E040FFFF8020
(1791117517.610873) can0 29B#BB967002FD100000
(1791117517.660648) can0 297#0101E040FFFF8121
(1791117517.660872) can0 29B#BB967002FD100000
(1791117517.665367) can0 29C#2800000000000000
(1791117517.665555) can0 33F#0000000028000040
(1791117517.665798) can0 33B#1900003F00008000
(1791117517.666047) can0 323#0000000000001FAD
(1791117517.666325) can0 324#370000414500001D
(1791117517.666519) can0 33D#0000A02000280000
(1791117517.666762) can0 394#0036000010370110
(1791117517.666986) can0 396#3B6D4E2800454545
(1791117517.667221) can0 39A#00360200BF800000
(1791117517.667486) can0 39B#3C3A820000000480
(1791117517.667729) can0 3B7#0000400000054500
(1791117517.667971) can0 491#0000000000000000
(1791117517.710638) can0 297#0101E040FFFF8222
(1791117517.710868) can0 29B#BB967002FD100000
(1791117517.760636) can0 297#0101E040FFFF8323
(1791117517.760881) can0 29B#BB967002FD100000
(1791117517.765321) can0 29C#2800000000000000
(1791117517.765553) can0 33F#0000000028000040
(1791117517.765784) can0 33B#1900003F00008000
(1791117517.766028) can0 323#0000000000001FAD
(1791117517.766326) can0 324#370000414500001D
(1791117517.766520) can0 33D#0000A02000280000
(1791117517.766766) can0 394#0036000010370213
(1791117517.766992) can0 396#3B6D4E2800454545
(1791117517.767234) can0 39A#00360200CF400000
(1791117517.767478) can0 39B#3C3A82000000088C
(1791117517.767737) can0 3B7#0000400000064600
(1791117517.767988) can0 491#0000000000000000
(1791117517.810610) can0 297#0101E040FFFF8424
(1791117517.810866) can0 29B#BB967002FD100000
(1791117517.860633) can0 297#0101E040FFFF8525
(1791117517.860872) can0 29B#BB967002FD100000
(1791117517.865297) can0 29C#2800000000000000
(1791117517.865542) can0 33F#0000000028000040
(1791117517.865789) can0 33B#1900003F00008000
(1791117517.866056) can0 323#0000000000001FC5
(1791117517.866283) can0 324#370000414500001D
(1791117517.866515) can0 33D#0000A02000280000
(1791117517.866766) can0 394#0036000010370312
(1791117517.866994) can0 396#3B6D4E2800454545
(1791117517.867248) can0 39A#00360200DF000000
(1791117517.867472) can0 39B#3C3A820000000C88
(1791117517.867726) can0 3B7#0000400000074700
(1791117517.867976) can0 491#0000000000000000
(1791117517.910626) can0 297#0101E040FFFF8626
(1791117517.910868) can0 29B#BB967002FD100000
(1791117517.960654) can0 297#0101E040FFFF8727
(1791117517.960878) can0 29B#BB967002FD100000
(1791117517.965300) can0 29C#2800000000000000
(1791117517.965552) can0 33F#0000000028000040
(1791117517.965794) can0 33B#1900003F00008000
(1791117517.966034) can0 323#0000000000001FC5
(1791117517.966277) can0 324#370000414500001D
(1791117517.966529) can0 33D#0000A04000280000
(1791117517.966768) can0 394#0036000010370415
(1791117517.967004) can0 396#3B6D4E2800454545
(1791117517.967249) can0 39A#00360200EEC00000
(1791117517.967460) can0 39B#3C3A820000001094
(1791117517.967720) can0 3B7#0000400000084800
(1791117517.967959) can0 491#0000000000000000
(1791117518.010645) can0 297#0101E040FFFF8828
(1791117518.010889) can0 29B#BB967002FD100000
(1791117518.060659) can0 297#0101E040FFFF8929
(1791117518.060896) can0 29B#BB967002FD100000
(1791117518.065330) can0 29C#2800000000000000
(1791117518.065541) can0 33F#0000000028000040
(1791117518.065778) can0 33B#1900003F00008000
(1791117518.066018) can0 323#0000000000001FC5
(1791117518.066264) can0 324#370000414500001D
(1791117518.066509) can0 33D#0000A04000280000
(1791117518.066759) can0 394#0036000010370514
(1791117518.066983) can0 396#3B6D4E2800454545
(1791117518.067232) can0 39A#00360200FE800000
(1791117518.067458) can0 39B#3C3A820000001490
(1791117518.067702) can0 3B7#0000400000094900
(1791117518.067969) can0 491#0000000000000000
(1791117518.110679) can0 297#0101E040FFFF8A2A
(1791117518.110900) can0 29B#BB967002FD100000
(1791117518.160661) can0 297#0101E040FFFF8B2B
(1791117518.160877) can0 29B#BB967002FD100000
(1791117518.165284) can0 29C#2800000000000000
(1791117518.165534) can0 33F#0000000028000040
(1791117518.165790) can0 33B#1900003F00008000
(1791117518.166042) can0 323#0000000000001FC5
(1791117518.166280) can0 324#370000414500001D
(1791117518.166513) can0 33D#0000A04000280000
(1791117518.166764) can0 394#0036000010370617
(1791117518.166984) can0 396#3B6D4E2800454545
(1791117518.167234) can0 39A#003602000E400000
(1791117518.167484) can0 39B#3C3A82000000189C
(1791117518.167714) can0 3B7#00004000000A4A00
(1791117518.167964) can0 491#0000000000000000
(1791117518.210621) can0 297#0101E040FFFF8C2C
(1791117518.210872) can0 29B#BB967002FD100000
(1791117518.260641) can0 297#0101E040FFFF8D2D
(1791117518.260889) can0 29B#BB967002FD100000
(1791117518.265306) can0 29C#2800000000000000
(1791117518.265539) can0 33F#0000000028000040
(1791117518.265798) can0 33B#1900003F00008000
(1791117518.266051) can0 323#0000000000001FC5
(1791117518.266294) can0 324#370000414500001D
(1791117518.266537) can0 33D#0000A04000280000
(1791117518.266765) can0 394#0036000010370716
(1791117518.267006) can0 396#3B6D4E2800454545
(1791117518.267238) can0 39A#003602001E000000
(1791117518.267492) can0 39B#3C3A820000001C98
(1791117518.267736) can0 3B7#00004000000B4B00
(1791117518.267970) can0 491#0000000000000000
(1791117518.310719) can0 297#0101E040FFFF8E2E
(1791117518.310877) can0 29B#BB967002FD100000
(1791117518.360621) can0 297#0101E040FFFF8F2F
(1791117518.360864) can0 29B#BB967002FD100000
(1791117518.365322) can0 29C#2800000000000000
(1791117518.365555) can0 33F#0000000028000040
(1791117518.365806) can0 33B#1900003F00008000
(1791117518.366060) can0 323#0000000000000000
(1791117518.366292) can0 324#370000414500001D
(1791117518.366535) can0 33D#0000A04000280000
(1791117518.366773) can0 394#0036000010370819
(1791117518.367001) can0 396#3B6D4E2800454545
(1791117518.367232) can0 39A#003602002DC00000
(1791117518.367474) can0 39B#3C3A8200000020A4
(1791117518.367720) can0 3B7#00004000000C4C00
(1791117518.367978) can0 491#0000000000000000
(1791117518.410635) can0 297#0101E040FFFF8020
(1791117518.410860) can0 29B#BB967002FD100000
(1791117518.460643) can0 297#0101E040FFFF8121
(1791117518.460874) can0 29B#BB967002FD100000
(1791117518.465376) can0 29C#2800000000000000
(1791117518.465552) can0 33F#0000000028000040
(1791117518.465792) can0 33B#1900003F00008000
(1791117518.466026) can0 323#0000000000000000
(1791117518.466275) can0 324#370000414500001D
(1791117518.466522) can0 33D#0000A04000280000
(1791117518.466756) can0 394#0036000010370918
(1791117518.466978) can0 396#3B6D4E2800454545
(1791117518.467224) can0 39A#003602003D800000
(1791117518.467473) can0 39B#3C3A8200000024A0
(1791117518.467691) can0 3B7#00004000000D4D00
(1791117518.467955) can0 491#0000000000000000
(1791117518.510648) can0 297#0101E040FFFF8222
(1791117518.510873) can0 29B#BB967002FD100000
(1791117518.560670) can0 297#0101E040FFFF8323
(1791117518.560867) can0 29B#BB967002FD100000
(1791117518.565295) can0 29C#2800000000000000
(1791117518.565536) can0 33F#0000000028000040
(1791117518.565786) can0 33B#1900003F00008000
(1791117518.566037) can0 323#0000000000000000
(1791117518.566284) can0 324#370000414500001D
(1791117518.566513) can0 33D#0000A04000280000
(1791117518.566738) can0 394#0036000010370A1B
(1791117518.566973) can0 396#3B6D4E2800454545
(1791117518.567217) can0 39A#003602004D400000
(1791117518.567455) can0 39B#3C3A8200000028AC
(1791117518.567708) can0 3B7#00004000000E4E00
(1791117518.567948) can0 491#0000000000000000
(1791117518.610698) can0 297#0101E040FFFF8424
(1791117518.610879) can0 29B#BB967002FD100000
(1791117518.660672) can0 297#0101E040FFFF8525
(1791117518.660868) can0 29B#BB967002FD100000
(1791117518.665271) can0 29C#2800000000000000
(1791117518.665530) can0 33F#0000000028000040
(1791117518.665767) can0 33B#1900003F00008000
(1791117518.666012) can0 323#0000000000000000
(1791117518.666257) can0 324#370000414500001D
(1791117518.666512) can0 33D#0000A04000280000
(1791117518.666752) can0 394#0036000010370B1A
(1791117518.666977) can0 396#3B6D4E2800454545
(1791117518.667225) can0 39A#003602005D000000
(1791117518.667473) can0 39B#3C3A820000002CA8
(1791117518.667708) can0 3B7#00004000000F4F00
(1791117518.667953) can0 491#0000000000000000
(1791117518.710621) can0 297#0101E040FFFF8626
(1791117518.710861) can0 29B#BB967002FD100000
(1791117518.760628) can0 297#0101E040FFFF8727
(1791117518.760848) can0 29B#BB967002FD100000
(1791117518.765269) can0 29C#2800000000000000
(1791117518.765539) can0 33F#0000000028000040
(1791117518.765828) can0 394#0036000010370C1D
(1791117518.766080) can0 33B#1900003F00008000
(1791117518.766322) can0 323#0000000000000000
(1791117518.766553) can0 324#370000414500001D
(1791117518.766802) can0 33D#0000A04000280000
(1791117518.767014) can0 396#3B6D4E2800454545
(1791117518.767259) can0 39A#003602006CC00000
(1791117518.767494) can0 39B#3C3A8200000030B4
(1791117518.767788) can0 3B7#0000400000004000
(1791117518.768006) can0 491#0000000000000000
(1791117518.810622) can0 297#0101E040FFFF8828
(1791117518.810864) can0 29B#BB967002FD100000
(1791117518.860623) can0 297#0101E040FFFF8929
(1791117518.860861) can0 29B#BB967002FD100000
(1791117518.865297) can0 29C#2800000000000000
(1791117518.865536) can0 33F#0000000028000040
(1791117518.865784) can0 33B#1900003F00008000
(1791117518.866031) can0 323#0000000000001D65
(1791117518.866271) can0 324#370000414500001D
(1791117518.866568) can0 33D#0000A04000280000
(1791117518.866745) can0 394#0036000010370D1C
(1791117518.866965) can0 396#3B6D4E2800454545
(1791117518.867242) can0 39A#003602007C800000
(1791117518.867499) can0 39B#3C3A8200000034B0
(1791117518.867702) can0 3B7#0000400000014100
(1791117518.867967) can0 491#0000000000000000
(1791117518.910631) can0 297#0101E040FFFF8A2A
(1791117518.910876) can0 29B#BB967002FD100000
(1791117518.960655) can0 297#0101E040FFFF8B2B
(1791117518.960893) can0 29B#BB967002FD100000
(1791117518.965337) can0 29C#2800000000000000
(1791117518.965540) can0 33F#0000000028000040
(1791117518.965779) can0 33B#1900003F00008000
(1791117518.966033) can0 323#0000000000001D65
(1791117518.966250) can0 324#370000414500001D
(1791117518.966497) can0 33D#0000A04000280000
(1791117518.966743) can0 394#0036000010370E1F
(1791117518.966961) can0 396#3B6D4E2800454545
(1791117518.967209) can0 39A#003602008C400000
(1791117518.967486) can0 39B#3C3A8200000038BC
(1791117518.967693) can0 3B7#0000400000024200
(1791117518.967942) can0 491#0000000000000000
(1791117519.010627) can0 297#0101E040FFFF8C2C
(1791117519.010860) can0 29B#BB967002FD100000
(1791117519.060877) can0 297#0101E040FFFF8D2D
(1791117519.060907) can0 29B#BB967002FD100000
(1791117519.065287) can0 29C#2800000000000000
(1791117519.065536) can0 33F#0000000028000040
(1791117519.065780) can0 33B#1A00003F00008000
(1791117519.066022) can0 323#0000000000001D65
(1791117519.066253) can0 324#370000414500001E
(1791117519.066500) can0 33D#0000A04000280000
(1791117519.066737) can0 394#0036000010370F1E
(1791117519.066974) can0 396#3B6D4E2800454545
(1791117519.067223) can0 39A#003602009C000000
(1791117519.067503) can0 39B#3C3A820000003CB8
(1791117519.067693) can0 3B7#0000400000034300
(1791117519.067937) can0 491#0000000000000000
(1791117519.110616) can0 297#0101E040FFFF8E2E
(1791117519.110864) can0 29B#BB967002FD100000
(1791117519.160616) can0 297#0101E040FFFF8F2F
(1791117519.160863) can0 29B#BB967002FD100000
(1791117519.165256) can0 29C#2800000000000000
(1791117519.165534) can0 33F#0000000028000040
(1791117519.165775) can0 33B#1A00003F00008000
(1791117519.166018) can0 323#0000000000001D65
(1791117519.166246) can0 324#370000414500001F
(1791117519.166512) can0 33D#0000A04000280000
(1791117519.166739) can0 394#0036000010370011
(1791117519.166959) can0 396#3B6D4E2800454545
(1791117519.167211) can0 39A#00360200ABC00000
(1791117519.167517) can0 39B#3C3A820000000084
(1791117519.167698) can0 3B7#0000400000044400
(1791117519.167940) can0 491#0000000000000000
(1791117519.210626) can0 297#0101E040FFFF8020
(1791117519.210854) can0 29B#BB967002FD100000
(1791117519.260621) can0 297#0101E040FFFF8121
(1791117519.260853) can0 29B#BB967002FD100000
(1791117519.265303) can0 29C#2800000000000000
(1791117519.265556) can0 33F#0000000028000040
(1791117519.265799) can0 33B#1A00003F00008000
(1791117519.266048) can0 323#0000000000001D65
(1791117519.266291) can0 324#370000414500001F
(1791117519.266545) can0 33D#0000A04000280000
(1791117519.266789) can0 394#0036000010370110
(1791117519.267007) can0 396#3B6D4E2800454545
(1791117519.267231) can0 39A#00360200BB800000
(1791117519.267536) can0 39B#3C3A820000000480
(1791117519.267737) can0 3B7#0000400000054500
(1791117519.267986) can0 491#0000000000000000
(1791117519.310629) can0 297#0101E040FFFF8222
(1791117519.310857) can0 29B#BB967002FD100000
(1791117519.360636) can0 297#0101E040FFFF8323
(1791117519.360866) can0 29B#BB967002FD100000
(1791117519.365324) can0 29C#2800000000000000
(1791117519.365557) can0 33F#0000000028000040
(1791117519.365808) can0 394#0036000010370213
(1791117519.366060) can0 323#0000000000001FAD
(1791117519.366306) can0 324#370000414500001F
(1791117519.366559) can0 33B#1A00003F00008000
(1791117519.366795) can0 33D#0000A04000280000
(1791117519.367027) can0 396#3B6D4E2800454545
(1791117519.367255) can0 39A#00360200CB400000
(1791117519.367555) can0 39B#3C3A82000000088C
(1791117519.367747) can0 3B7#0000400000064600
(1791117519.367997) can0 491#0000000000000000
(1791117519.410631) can0 297#0101E040FFFF8424
(1791117519.410864) can0 29B#BB967002FD100000
(1791117519.460634) can0 297#0101E040FFFF8525
(1791117519.460872) can0 29B#BB967002FD100000
(1791117519.465346) can0 29C#2800000000000000
(1791117519.465585) can0 33F#0000000028000040
(1791117519.465892) can0 394#0036000010370312
(1791117519.466068) can0 323#0000000000001FAD
(1791117519.466310) can0 324#370000414500001F
(1791117519.466559) can0 33B#1B00003F00008000
(1791117519.466789) can0 33D#0000A04000280000
(1791117519.467009) can0 396#3B6D4E2800454545
(1791117519.467240) can0 39A#00360200DB000000
(1791117519.467479) can0 39B#3C3A820000000C88
(1791117519.467732) can0 3B7#0000400000074700
(1791117519.467987) can0 491#0000000000000000
(1791117519.510636) can0 297#0101E040FFFF8626
(1791117519.510882) can0 29B#BB967002FD100000
(1791117519.560667) can0 297#0101E040FFFF8727
(1791117519.560861) can0 29B#BB967002FD100000
(1791117519.565295) can0 29C#2800000000000000
(1791117519.565595) can0 33F#0000000028000040
(1791117519.565780) can0 33B#1B00003F00008000
(1791117519.566021) can0 323#0000000000001FAD
(1791117519.566270) can0 324#370000414500001F
(1791117519.566574) can0 33D#0000A04000280000
(1791117519.566757) can0 394#0036000010370415
(1791117519.566980) can0 396#3B6D4E2800454545
(1791117519.567222) can0 39A#00360200EAC00000
(1791117519.567474) can0 39B#3C3A820000001094
(1791117519.567710) can0 3B7#0000400000084800
(1791117519.567958) can0 491#0000000000000000
(1791117519.610618) can0 297#0101E040FFFF8828
(1791117519.610867) can0 29B#BB967002FD100000
(1791117519.660623) can0 297#0101E040FFFF8929
(1791117519.660853) can0 29B#BB967002FD100000
(1791117519.665258) can0 29C#2800000000000000
(1791117519.665589) can0 33F#0000000028000040
(1791117519.665768) can0 33B#1B00003F00008000
(1791117519.666019) can0 323#0000000000001FAD
(1791117519.666259) can0 324#370000414500001F
(1791117519.666503) can0 33D#0000A04000280000
(1791117519.666752) can0 394#0036000010370514
(1791117519.666985) can0 396#3B6D4E2800454545
(1791117519.667229) can0 39A#00360200FA800000
(1791117519.667459) can0 39B#3C3A820000001490
(1791117519.667719) can0 3B7#0000400000094900
(1791117519.667993) can0 491#0000000000000000
(1791117519.710633) can0 297#0101E040FFFF8A2A
(1791117519.710860) can0 29B#BB967002FD100000
(1791117519.760639) can0 297#0101E040FFFF8B2B
(1791117519.760865) can0 29B#BB967002FD100000
(1791117519.765299) can0 29C#2800000000000000
(1791117519.765535) can0 33F#0000000028000040
(1791117519.765802) can0 33B#1B00003F00008000
(1791117519.766041) can0 323#0000000000001FAD
(1791117519.766271) can0 324#370000414500001F
(1791117519.766539) can0 33D#0000A04000280000
(1791117519.766775) can0 394#0036000010370617
(1791117519.766997) can0 396#3B6D4E2800454545
(1791117519.767241) can0 39A#003602000A400000
(1791117519.767485) can0 39B#3C3A82000000189C
(1791117519.767728) can0 3B7#00004000000A4A00
(1791117519.767975) can0 491#0000000000000000
(1791117519.810648) can0 297#0101E040FFFF8C2C
(1791117519.810856) can0 29B#BB967002FD100000
(1791117519.860656) can0 297#0101E040FFFF8D2D
(1791117519.860855) can0 29B#BB967002FD100000
(1791117519.865332) can0 29C#2800000000000000
(1791117519.865536) can0 33F#0000000028000040
(1791117519.865821) can0 394#0036000010370716
(1791117519.866072) can0 323#0000000000001FC5
(1791117519.866306) can0 324#370000414500001F
(1791117519.866531) can0 33B#1B00003F00008000
(1791117519.866777) can0 33D#0000A04000280000
(1791117519.867002) can0 396#3B6D4E2800454545
(1791117519.867248) can0 39A#003602001A000000
(1791117519.867486) can0 39B#3C3A820000001C98
(1791117519.867734) can0 3B7#00004000000B4B00
(1791117519.867986) can0 491#0000000000000000
(1791117519.910713) can0 297#0101E040FFFF8E2E
(1791117519.910856) can0 29B#BB967002FD100000
(1791117519.960679) can0 297#0101E040FFFF8F2F
(1791117519.960849) can0 29B#BB967002FD100000
(1791117519.965289) can0 29C#2800000000000000
(1791117519.965517) can0 33F#0000000028000040
(1791117519.965766) can0 33B#1B00003F00008000
(1791117519.966016) can0 323#0000000000001FC5
(1791117519.966257) can0 324#370000414500001F
(1791117519.966497) can0 33D#0000A04000280000
(1791117519.966724) can0 394#0036000010370819
(1791117519.966970) can0 396#3B6D4E2800454545
(1791117519.967197) can0 39A#0036020029C00000
(1791117519.967441) can0 39B#3C3A8200000020A4
(1791117519.967687) can0 3B7#00004000000C4C00
(1791117519.967951) can0 491#0000000000000000
(1791117520.010706) can0 297#0101E040FFFF8020
(1791117520.010856) can0 29B#BB967002FD100000
(1791117520.060719) can0 297#0101E040FFFF8121
(1791117520.060842) can0 29B#BB967002FD100000
(1791117520.065306) can0 29C#2800000000000000
(1791117520.065632) can0 33F#0000000028000040
(1791117520.065809) can0 33B#1B00003F00008000
(1791117520.066057) can0 323#0000000000001FC5
(1791117520.066306) can0 324#370000414500001F
(1791117520.066545) can0 33D#0000A04000280000
(1791117520.066789) can0 394#0036000010370918
(1791117520.067020) can0 396#3B6D4E2800454545
(1791117520.067260) can0 39A#0036020039800000
(1791117520.067511) can0 39B#3C3A8200000024A0
(1791117520.067736) can0 3B7#00004000000D4D00
(1791117520.067995) can0 491#0000000000000000
(1791117520.110688) can0 297#0101E040FFFF8222
(1791117520.110864) can0 29B#BB967002FD100000
(1791117520.160608) can0 297#0101E040FFFF8323
(1791117520.160854) can0 29B#BB967002FD100000
(1791117520.165260) can0 29C#2800000000000000
(1791117520.165525) can0 33F#0000000028000040
(1791117520.165772) can0 33B#1B00003F00008000
(1791117520.166026) can0 323#0000000000001FC5
(1791117520.166260) can0 324#370000414500001F
(1791117520.166525) can0 33D#0000A04000280000
(1791117520.166743) can0 394#0036000010370A1B
(1791117520.166991) can0 396#3B6D4E2800454545
(1791117520.167234) can0 39A#0036020049400000
(1791117520.167468) can0 39B#3C3A8200000028AC
(1791117520.167702) can0 3B7#00004000000E4E00
(1791117520.167962) can0 491#0000000000000000
(1791117520.210614) can0 297#0101E040FFFF8424
(1791117520.210860) can0 29B#BB967002FD100000
(1791117520.260624) can0 297#0101E040FFFF8525
(1791117520.260852) can0 29B#BB967002FD100000
(1791117520.265303) can0 29C#2800000000000000
(1791117520.265553) can0 33F#0000000028000040
(1791117520.265800) can0 394#0036000010370B1A
(1791117520.266043) can0 323#0000000000001FC5
(1791117520.266275) can0 324#370000414500001F
(1791117520.266517) can0 33B#1B00003F00008000
(1791117520.266761) can0 33D#0000A04000280000
(1791117520.266994) can0 396#3B6D4E2800454545
(1791117520.267239) can0 39A#0036020059000000
(1791117520.267474) can0 39B#3C3A820000002CA8
(1791117520.267751) can0 3B7#00004000000F4F00
(1791117520.267973) can0 491#0000000000000000
(1791117520.310606) can0 297#0101E040FFFF8626
(1791117520.310842) can0 29B#BB967002FD100000
(1791117520.360612) can0 297#0101E040FFFF8727
(1791117520.360853) can0 29B#BB967002FD100000
(1791117520.365367) can0 29C#2800000000000000
(1791117520.365537) can0 33F#0000000028000040
(1791117520.365797) can0 394#0036000010370C1D
(1791117520.366043) can0 323#0000000000000000
(1791117520.366281) can0 324#370000414500001F
(1791117520.366547) can0 33B#1B00003F00008000
(1791117520.366774) can0 33D#0000A04000280000
(1791117520.366990) can0 396#3B6D4E2800454545
(1791117520.367233) can0 39A#0036020068C00000
(1791117520.367480) can0 39B#3C3A8200000030B4
(1791117520.367730) can0 3B7#0000400000004000
(1791117520.367970) can0 491#0000000000000000
(1791117520.410627) can0 297#0101E040FFFF8828
(1791117520.410854) can0 29B#BB967002FD100000
(1791117520.460637) can0 297#0101E040FFFF8929
(1791117520.460843) can0 29B#BB967002FD100000
(1791117520.465288) can0 29C#2800000000000000
(1791117520.465521) can0 33F#0000000028000040
(1791117520.465787) can0 33B#1B00003F00008000
(1791117520.466038) can0 323#0000000000000000
(1791117520.466265) can0 324#370000414500001F
(1791117520.466509) can0 33D#0000A04000280000
(1791117520.466755) can0 394#0036000010370D1C
(1791117520.466989) can0 396#3B6D4E2800454545
(1791117520.467228) can0 39A#0036020078800000
(1791117520.467456) can0 39B#3C3A8200000034B0
(1791117520.467706) can0 3B7#0000400000014100
(1791117520.467960) can0 491#0000000000000000
(1791117520.510656) can0 297#0101E040FFFF8A2A
(1791117520.510850) can0 29B#BB967002FD100000
(1791117520.560625) can0 297#0101E040FFFF8B2B
(1791117520.560858) can0 29B#BB967002FD100000
(1791117520.565275) can0 29C#2800000000000000
(1791117520.565512) can0 33F#0000000028000040
(1791117520.565797) can0 33B#1B00003F00008000
(1791117520.566048) can0 323#0000000000000000
(1791117520.566279) can0 324#370000414500001F
(1791117520.566521) can0 33D#0000A04000280000
(1791117520.566747) can0 394#0036000010370E1F
(1791117520.566997) can0 396#3B6D4E2800454545
(1791117520.567220) can0 39A#0036020088400000
(1791117520.567468) can0 39B#3C3A8200000038BC
(1791117520.567719) can0 3B7#0000400000024200
(1791117520.567971) can0 491#0000000000000000
(1791117520.610625) can0 297#0101E040FFFF8C2C
(1791117520.610855) can0 29B#BB967002FD100000
(1791117520.660610) can0 297#0101E040FFFF8D2D
(1791117520.660842) can0 29B#BB967002FD100000
(1791117520.665303) can0 29C#2800000000000000
(1791117520.665541) can0 33F#0000000028000040
(1791117520.665795) can0 33B#1B00003F00008000
(1791117520.666039) can0 323#0000000000000000
(1791117520.666282) can0 324#370000414500001F
(1791117520.666521) can0 33D#0000A04000280000
(1791117520.666792) can0 394#0036000010370F1E
(1791117520.667004) can0 396#3B6D4E2800454545
(1791117520.667252) can0 39A#0036020098000000
(1791117520.667502) can0 39B#3C3A820000003CB8
(1791117520.667741) can0 3B7#0000400000034300
(1791117520.667985) can0 491#0000000000000000
(1791117520.710625) can0 297#0101E040FFFF8E2E
(1791117520.710844) can0 29B#BB967002FD100000
(1791117520.760659) can0 297#0101E040FFFF8F2F
(1791117520.760894) can0 29B#BB967002FD100000
(1791117520.765301) can0 29C#2800000000000000
(1791117520.765511) can0 33F#0000000028000040
(1791117520.765797) can0 394#0036000010370011
(1791117520.766049) can0 33B#1B00003F00008000
(1791117520.766291) can0 323#0000000000000000
(1791117520.766532) can0 324#370000414500001F
(1791117520.766801) can0 33D#0000A04000280000
(1791117520.767020) can0 396#3B6D4E2800454545
(1791117520.767266) can0 39A#00360200A7C00000
(1791117520.767505) can0 39B#3C3A820000000084
(1791117520.767753) can0 3B7#0000400000044400
(1791117520.767979) can0 491#0000000000000000
(1791117520.810607) can0 297#0101E040FFFF8020
(1791117520.810847) can0 29B#BB967002FD100000
(1791117520.860625) can0 297#0101E040FFFF8121
(1791117520.860849) can0 29B#BB967002FD100000
(1791117520.865327) can0 29C#2800000000000000
(1791117520.865516) can0 33F#0000000028000040
(1791117520.865790) can0 33B#1B00003F00008000
(1791117520.866042) can0 323#0000000000001D65
(1791117520.866279) can0 324#370000414500001F
(1791117520.866527) can0 33D#0000A04000280000
(1791117520.866749) can0 394#0036000010370110
(1791117520.866994) can0 396#3B6D4E2800454545
(1791117520.867221) can0 39A#00360200B7800000
(1791117520.867471) can0 39B#3C3A820000000480
(1791117520.867741) can0 3B7#0000400000054500
(1791117520.867972) can0 491#0000000000000000
(1791117520.910630) can0 297#0101E040FFFF8222
(1791117520.910852) can0 29B#BB967002FD100000
(1791117520.960625) can0 297#0101E040FFFF8323
(1791117520.960854) can0 29B#BB967002FD100000
(1791117520.965267) can0 29C#2800000000000000
(1791117520.965515) can0 33F#0000000028000040
(1791117520.965796) can0 394#0036000010370213
(1791117520.966038) can0 323#0000000000001D65
(1791117520.966278) can0 324#370000414500001F
(1791117520.966528) can0 33B#1B00003F00008000
(1791117520.966777) can0 33D#0000A04000280000
(1791117520.967006) can0 396#3B6D4E2800454545
(1791117520.967230) can0 39A#00360200C7400000
(1791117520.967480) can0 39B#3C3A82000000088C
(1791117520.967759) can0 3B7#0000400000064600
(1791117520.967979) can0 491#0000000000000000
(1791117521.010649) can0 297#0101E040FFFF8424
(1791117521.010871) can0 29B#BB967002FD100000
(1791117521.060631) can0 297#0101E040FFFF8525
(1791117521.060849) can0 29B#BB967002FD100000
(1791117521.065254) can0 29C#2800000000000000
(1791117521.065519) can0 33F#0000000028000040
(1791117521.065785) can0 394#0036000010370312
(1791117521.066030) can0 323#0000000000001D65
(1791117521.066269) can0 324#370000414500001F
(1791117521.066519) can0 33B#1B00003F00008000
(1791117521.066765) can0 33D#0000A04000280000
(1791117521.066992) can0 396#3B6D4E2800454545
(1791117521.067238) can0 39A#00360200D7000000
(1791117521.067463) can0 39B#3C3A820000000C88
(1791117521.067767) can0 3B7#0000400000074700
(1791117521.067964) can0 491#0000000000000000
(1791117521.110615) can0 297#0101E040FFFF8626
(1791117521.110831) can0 29B#BB967002FD100000
(1791117521.160603) can0 297#0101E040FFFF8727
(1791117521.160848) can0 29B#BB967002FD100000
(1791117521.165286) can0 29C#2800000000000000
(1791117521.165511) can0 33F#0000000028000040
(1791117521.165818) can0 394#0036000010370415
(1791117521.166039) can0 323#0000000000001D65
(1791117521.166288) can0 324#370000414500001F
(1791117521.166519) can0 33B#1B00003F00008000
(1791117521.166792) can0 33D#0000A04000280000
(1791117521.166991) can0 396#3B6D4E2800454545
(1791117521.167240) can0 39A#00360200E6C00000
(1791117521.167474) can0 39B#3C3A820000001094
(1791117521.167798) can0 3B7#0000400000084800
(1791117521.167969) can0 491#0000000000000000
(1791117521.210613) can0 297#0101E040FFFF8828
(1791117521.210846) can0 29B#BB967002FD100000
(1791117521.260614) can0 297#0101E040FFFF8929
(1791117521.260842) can0 29B#BB967002FD100000
(1791117521.265291) can0 29C#2800000000000000
(1791117521.265523) can0 33F#0000000028000040
(1791117521.265797) can0 394#0036000010370514
(1791117521.266041) can0 33B#1B00003F00008000
(1791117521.266274) can0 323#0000000000001D65
(1791117521.266524) can0 324#370000414500001F
(1791117521.266805) can0 33D#0000A04000280000
(1791117521.266992) can0 396#3B6D4E2800454545
(1791117521.267263) can0 39A#00360200F6800000
(1791117521.267482) can0 39B#3C3A820000001490
(1791117521.267726) can0 3B7#0000400000094900
(1791117521.267973) can0 491#0000000000000000
(1791117521.310620) can0 297#0101E040FFFF8A2A
(1791117521.310861) can0 29B#BB967002FD100000
(1791117521.360611) can0 297#0101E040FFFF8B2B
(1791117521.360846) can0 29B#BB967002FD100000
(1791117521.365332) can0 29C#2800000000000000
(1791117521.365523) can0 33F#0000000028000040
(1791117521.365811) can0 394#0036000010370617
(1791117521.366032) can0 323#0000000000001FAD
(1791117521.366278) can0 324#370000414500001F
(1791117521.366507) can0 33B#1B00003F00008000
(1791117521.366804) can0 33D#0000A04000280000
(1791117521.366981) can0 396#3B6D4E2800454545
(1791117521.367220) can0 39A#0036020006400000
(1791117521.367469) can0 39B#3C3A82000000189C
(1791117521.367709) can0 3B7#00004000000A4A00
(1791117521.367952) can0 491#0000000000000000
(1791117521.410621) can0 297#0101E040FFFF8C2C
(1791117521.410858) can0 29B#BB967002FD100000
(1791117521.460651) can0 297#0101E040FFFF8D2D
(1791117521.460848) can0 29B#BB967002FD100000
(1791117521.465263) can0 29C#2800000000000000
(1791117521.465517) can0 33F#0000000028000040
(1791117521.465823) can0 394#0036000010370716
(1791117521.466024) can0 323#0000000000001FAD
(1791117521.466266) can0 324#370000414500001F
(1791117521.466506) can0 33B#1B00003F00008000
(1791117521.466822) can0 33D#0000A04000280000
(1791117521.466992) can0 396#3B6D4E2800454545
(1791117521.467223) can0 39A#0036020016000000
(1791117521.467466) can0 39B#3C3A820000001C98
(1791117521.467714) can0 3B7#00004000000B4B00
(1791117521.467956) can0 491#0000000000000000
(1791117521.510656) can0 297#0101E040FFFF8E2E
(1791117521.510852) can0 29B#BB967002FD100000
(1791117521.560696) can0 297#0101E040FFFF8F2F
(1791117521.560845) can0 29B#BB967002FD100000
(1791117521.565249) can0 29C#2800000000000000
(1791117521.565509) can0 33F#0000000028000040
(1791117521.565856) can0 394#0036000010370819
(1791117521.566030) can0 323#0000000000001FAD
(1791117521.566268) can0 324#370000414500001F
(1791117521.566514) can0 33B#1B00003F00008000
(1791117521.566754) can0 33D#0000A04000280000
(1791117521.566988) can0 396#3B6D4E2800454545
(1791117521.567228) can0 39A#0036020025C00000
(1791117521.567476) can0 39B#3C3A8200000020A4
(1791117521.567723) can0 3B7#00004000000C4C00
(1791117521.567972) can0 491#0000000000000000
(1791117521.610609) can0 297#0101E040FFFF8020
(1791117521.610850) can0 29B#BB967002FD100000
(1791117521.660654) can0 297#0101E040FFFF8121
(1791117521.660870) can0 29B#BB967002FD100000
(1791117521.665289) can0 29C#2800000000000000
(1791117521.665536) can0 33F#0000000028000040
(1791117521.665896) can0 394#0036000010370918
(1791117521.666026) can0 323#0000000000001FAD
(1791117521.666264) can0 324#370000414500001F
(1791117521.666513) can0 33B#1B00003F00008000
(1791117521.666751) can0 33D#0000A04000280000
(1791117521.666986) can0 396#3B6D4E2800454545
(1791117521.667224) can0 39A#0036020035800000
(1791117521.667475) can0 39B#3C3A8200000024A0
(1791117521.667727) can0 3B7#00004000000D4D00
(1791117521.667962) can0 491#0000000000000000
(1791117521.710602) can0 297#0101E040FFFF8222
(1791117521.710852) can0 29B#BB967002FD100000
(1791117521.760629) can0 297#0101E040FFFF8323
(1791117521.760877) can0 29B#BB967002FD100000
(1791117521.765291) can0 29C#2800000000000000
(1791117521.765520) can0 33F#0000000028000040
(1791117521.765776) can0 394#0036000010370A1B
(1791117521.766028) can0 33B#1B00003F00008000
(1791117521.766283) can0 323#0000000000001FAD
(1791117521.766512) can0 324#370000414500001F
(1791117521.766757) can0 33D#0000A04000280000
(1791117521.766995) can0 396#3B6D4E2800454545
(1791117521.767233) can0 39A#0036020045400000
(1791117521.767481) can0 39B#3C3A8200000028AC
(1791117521.767733) can0 3B7#00004000000E4E00
(1791117521.767992) can0 491#0000000000000000
(1791117521.810617) can0 297#0101E040FFFF8424
(1791117521.810873) can0 29B#BB967002FD100000
(1791117521.860605) can0 297#0101E040FFFF8525
(1791117521.860882) can0 29B#BB967002FD100000
(1791117521.865294) can0 29C#2800000000000000
(1791117521.865514) can0 33F#0000000028000040
(1791117521.865771) can0 394#0036000010370B1A
(1791117521.866028) can0 33B#1B00003F00008000
(1791117521.866260) can0 323#0000000000001FC5
(1791117521.866512) can0 324#370000414500001F
(1791117521.866752) can0 33D#0000A04000280000
(1791117521.866976) can0 396#3B6D4E2800454545
(1791117521.867224) can0 39A#0036020055000000
(1791117521.867470) can0 39B#3C3A820000002CA8
(1791117521.867719) can0 3B7#00004000000F4F00
(1791117521.867970) can0 491#0000000000000000
(1791117521.910635) can0 297#0101E040FFFF8626
(1791117521.910893) can0 29B#BB967002FD100000
(1791117521.960645) can0 297#0101E040FFFF8727
(1791117521.960891) can0 29B#BB967002FD100000
(1791117521.965247) can0 29C#2800000000000000
(1791117521.965513) can0 33F#0000000028000040
(1791117521.965783) can0 394#0036000010370C1D
(1791117521.966036) can0 323#0000000000001FC5
(1791117521.966263) can0 324#370000414500001F
(1791117521.966497) can0 33B#1B00003F00008000
(1791117521.966746) can0 33D#0000A04000280000
(1791117521.966972) can0 396#3B6D4E2800454545
(1791117521.967216) can0 39A#0036020064C00000
(1791117521.967464) can0 39B#3C3A8200000030B4
(1791117521.967709) can0 3B7#0000400000004000
(1791117521.967984) can0 491#0000000000000000
(1791117522.010589) can0 297#0101E040FFFF8828
(1791117522.010894) can0 29B#BB967002FD100000
(1791117522.060607) can0 297#0101E040FFFF8929
(1791117522.060900) can0 29B#BB967002FD100000
(1791117522.065225) can0 29C#2800000000000000
(1791117522.065498) can0 33F#0000000028000040
(1791117522.065775) can0 394#0036000010370D1C
(1791117522.066023) can0 323#0000000000001FC5
(1791117522.066260) can0 324#370000414500001F
(1791117522.066506) can0 33B#1B00003F00008000
(1791117522.066757) can0 33D#0000A04000280000
(1791117522.066975) can0 396#3B6D4E2800454545
(1791117522.067236) can0 39A#0036020074800000
(1791117522.067481) can0 39B#3C3A8200000034B0
(1791117522.067731) can0 3B7#0000400000014100
(1791117522.067948) can0 491#0000000000000000
(1791117522.110605) can0 297#0101E040FFFF8A2A
(1791117522.110906) can0 29B#BB967002FD100000
(1791117522.160595) can0 297#0101E040FFFF8B2B
(1791117522.160830) can0 29B#BB967002FD100000
(1791117522.165292) can0 29C#2800000000000000
(1791117522.165518) can0 33F#0000000028000040
(1791117522.165773) can0 394#0036000010370E1F
(1791117522.166036) can0 323#0000000000001FC5
(1791117522.166278) can0 324#370000414500001F
(1791117522.166534) can0 33B#1B00003F00008000
(1791117522.166769) can0 33D#0000A04000280000
(1791117522.166994) can0 396#3B6D4E2800454545
(1791117522.167239) can0 39A#0036020084400000
(1791117522.167484) can0 39B#3C3A8200000038BC
(1791117522.167723) can0 3B7#0000400000024200
(1791117522.167973) can0 491#0000000000000000
(1791117522.210596) can0 297#0101E040FFFF8C2C
(1791117522.210825) can0 29B#BB967002FD100000
(1791117522.260604) can0 297#0101E040FFFF8D2D
(1791117522.260852) can0 29B#BB967002FD100000
(1791117522.265324) can0 29C#2800000000000000
(1791117522.265520) can0 33F#0000000028000040
(1791117522.265774) can0 394#0036000010370F1E
(1791117522.266027) can0 33B#1B00003F00008000
(1791117522.266258) can0 323#0000000000001FC5
(1791117522.266504) can0 324#370000414500001F
(1791117522.266742) can0 33D#0000A04000280000
(1791117522.266973) can0 396#3B6D4E2800454545
(1791117522.267214) can0 39A#0036020094000000
(1791117522.267462) can0 39B#3C3A820000003CB8
(1791117522.267703) can0 3B7#0000400000034300
(1791117522.267955) can0 491#0000000000000000
(1791117522.310623) can0 297#0101E040FFFF8E2E
(1791117522.310835) can0 29B#BB967002FD100000
(1791117522.360626) can0 297#0101E040FFFF8F2F
(1791117522.360842) can0 29B#BB967002FD100000
(1791117522.365264) can0 29C#2800000000000000
(1791117522.365509) can0 33F#0000000028000040
(1791117522.365791) can0 394#0036000010370011
(1791117522.366041) can0 33B#1B00003F00008000
(1791117522.366267) can0 323#0000000000000000
(1791117522.366511) can0 324#370000414500001F
(1791117522.366760) can0 33D#0000A04000280000
(1791117522.366986) can0 396#3B6D4E2800454545
(1791117522.367230) can0 39A#00360200A3C00000
(1791117522.367477) can0 39B#3C3A820000000084
(1791117522.367717) can0 3B7#0000400000044400
(1791117522.367968) can0 491#0000000000000000
(1791117522.410642) can0 297#0101E040FFFF8020
(1791117522.410855) can0 29B#BB967002FD100000
(1791117522.460620) can0 297#0101E040FFFF8121
(1791117522.460843) can0 29B#BB967002FD100000
(1791117522.465322) can0 29C#2800000000000000
(1791117522.465541) can0 33F#0000000028000040
(1791117522.465809) can0 394#0036000010370110
(1791117522.466046) can0 323#0000000000000000
(1791117522.466273) can0 324#370000414500001F
(1791117522.466514) can0 33B#1B00003F00008000
(1791117522.466760) can0 33D#0000A04000280000
(1791117522.466990) can0 396#3B6D4E2800454545
(1791117522.467221) can0 39A#00360200B3800000
(1791117522.467463) can0 39B#3C3A820000000480
(1791117522.467703) can0 3B7#0000400000054500
(1791117522.467970) can0 491#0000000000000000
(1791117522.510603) can0 297#0101E040FFFF8222
(1791117522.510821) can0 29B#BB967002FD100000
(1791117522.560605) can0 297#0101E040FFFF8323
(1791117522.560843) can0 29B#BB967002FD100000
(1791117522.565244) can0 29C#2800000000000000
(1791117522.565495) can0 33F#0000000028000040
(1791117522.565779) can0 394#0036000010370213
(1791117522.566024) can0 33B#1B00003F00008000
(1791117522.566265) can0 323#0000000000000000
(1791117522.566510) can0 324#370000414500001F
(1791117522.566760) can0 33D#0000A04000280000
(1791117522.567011) can0 396#3B6D4E2800454545
(1791117522.567249) can0 39A#00360200C3400000
(1791117522.567482) can0 39B#3C3A82000000088C
(1791117522.567730) can0 3B7#0000400000064600
(1791117522.567980) can0 491#0000000000000000
(1791117522.610611) can0 297#0101E040FFFF8424
(1791117522.610842) can0 29B#BB967002FD100000
(1791117522.660610) can0 297#0101E040FFFF8525
(1791117522.660842) can0 29B#BB967002FD100000
(1791117522.665294) can0 29C#2800000000000000
(1791117522.665513) can0 33F#0000000028000040
(1791117522.665799) can0 394#0036000010370312
(1791117522.666024) can0 33B#1B00003F00008000
(1791117522.666275) can0 323#0000000000000000
(1791117522.666512) can0 324#370000414500001F
(1791117522.666758) can0 33D#0000A04000280000
(1791117522.666983) can0 396#3B6D4E2800454545
(1791117522.667231) can0 39A#00360200D3000000
(1791117522.667483) can0 39B#3C3A820000000C88
(1791117522.667724) can0 3B7#0000400000074700
(1791117522.668035) can0 491#0000000000000000
(1791117522.710599) can0 297#0101E040FFFF8626
(1791117522.710836) can0 29B#BB967002FD100000
(1791117522.760610) can0 297#0101E040FFFF8727
(1791117522.760858) can0 29B#BB967002FD100000
(1791117522.765330) can0 29C#2800000000000000
(1791117522.765517) can0 33F#0000000028000040
(1791117522.765799) can0 394#0036000010370415
(1791117522.766061) can0 33B#1B00003F00008000
(1791117522.766310) can0 323#0000000000000000
(1791117522.766552) can0 324#370000414500001F
(1791117522.766800) can0 33D#0000A04000280000
(1791117522.767041) can0 396#3B6D4E2800454545
(1791117522.767249) can0 39A#00360200E2C00000
(1791117522.767492) can0 39B#3C3A820000001094
(1791117522.767742) can0 3B7#0000400000084800
(1791117522.767989) can0 491#0000000000000000
(1791117522.810601) can0 297#0101E040FFFF8828
(1791117522.810835) can0 29B#BB967002FD100000
(1791117522.860641) can0 297#0101E040FFFF8929
(1791117522.860848) can0 29B#BB967002FD100000
(1791117522.865285) can0 29C#2800000000000000
(1791117522.865520) can0 33F#0000000028000040
(1791117522.865781) can0 394#0036000010370514
(1791117522.866029) can0 33B#1B00003F00008000
(1791117522.866258) can0 323#0000000000001D65
(1791117522.866495) can0 324#370000414500001F
(1791117522.866744) can0 33D#0000A04000280000
(1791117522.867010) can0 396#3B6D4E2800454545
(1791117522.867218) can0 39A#00360200F2800000
(1791117522.867459) can0 39B#3C3A820000001490
(1791117522.867700) can0 3B7#0000400000094900
(1791117522.868005) can0 491#0000000000000000
(1791117522.910624) can0 297#0101E040FFFF8A2A
(1791117522.910825) can0 29B#BB967002FD100000
(1791117522.960588) can0 297#0101E040FFFF8B2B
(1791117522.960827) can0 29B#BB967002FD100000
(1791117522.965244) can0 29C#2800000000000000
(1791117522.965504) can0 33F#0000000028000040
(1791117522.965769) can0 394#0036000010370617
(1791117522.966023) can0 33B#1B00003F00008000
(1791117522.966271) can0 323#0000000000001D65
(1791117522.966508) can0 324#370000414500001F
(1791117522.966751) can0 33D#0000A04000280000
(1791117522.967026) can0 396#3B6D4E2800454545
(1791117522.967220) can0 39A#0036020002400000
(1791117522.967525) can0 39B#3C3A82000000189C
(1791117522.967711) can0 3B7#00004000000A4A00
(1791117522.968048) can0 491#0000000000000000
(1791117523.010590) can0 297#0101E040FFFF8C2C
(1791117523.010837) can0 29B#BB967002FD100000
(1791117523.060589) can0 297#0101E040FFFF8D2D
(1791117523.060825) can0 29B#BB967002FD100000
(1791117523.065245) can0 29C#2800000000000000
(1791117523.065525) can0 33F#0000000028000040
(1791117523.065812) can0 394#0036000010370716
(1791117523.066052) can0 33B#1B00003F00008000
(1791117523.066279) can0 323#0000000000001D65
(1791117523.066489) can0 324#370000414500001F
(1791117523.066768) can0 33D#0000A04000280000
(1791117523.067048) can0 396#3B6D4E2800454545
(1791117523.067221) can0 39A#0036020012000000
(1791117523.067447) can0 39B#3C3A820000001C98
(1791117523.067701) can0 3B7#00004000000B4B00
(1791117523.067963) can0 491#0000000000000000
(1791117523.110604) can0 297#0101E040FFFF8E2E
(1791117523.110831) can0 29B#BB967002FD100000
(1791117523.160593) can0 297#0101E040FFFF8F2F
(1791117523.160823) can0 29B#BB967002FD100000
(1791117523.165277) can0 29C#2800000000000000
(1791117523.165510) can0 33F#0000000028000040
(1791117523.165935) can0 394#0036000010370819
(1791117523.166053) can0 33B#1B00003F00008000
(1791117523.166279) can0 323#0000000000001D65
(1791117523.166509) can0 324#370000414500001F
(1791117523.166748) can0 33D#0000A04000280000
(1791117523.166971) can0 396#3B6D4E2800454545
(1791117523.167222) can0 39A#0036020021C00000
(1791117523.167473) can0 39B#3C3A8200000020A4
(1791117523.167712) can0 3B7#00004000000C4C00
(1791117523.167964) can0 491#0000000000000000
(1791117523.210603) can0 297#0101E040FFFF8020
(1791117523.210835) can0 29B#BB967002FD100000
(1791117523.260614) can0 297#0101E040FFFF8121
(1791117523.260845) can0 29B#BB967002FD100000
(1791117523.265253) can0 29C#2800000000000000
(1791117523.265497) can0 33F#0000000028000040
(1791117523.265780) can0 394#0036000010370918
(1791117523.266063) can0 33B#1B00003F00008000
(1791117523.266258) can0 323#0000000000001D65
(1791117523.266503) can0 324#370000414500001F
(1791117523.266743) can0 33D#0000A04000280000
(1791117523.266970) can0 396#3B6D4E2800454545
(1791117523.267203) can0 39A#0036020031800000
(1791117523.267464) can0 39B#3C3A8200000024A0
(1791117523.267690) can0 3B7#00004000000D4D00
(1791117523.267953) can0 491#0000000000000000
(1791117523.310610) can0 297#0101E040FFFF8222
(1791117523.310833) can0 29B#BB967002FD100000
(1791117523.360640) can0 297#0101E040FFFF8323
(1791117523.360832) can0 29B#BB967002FD100000
(1791117523.365241) can0 29C#2800000000000000
(1791117523.365507) can0 33F#0000000028000040
(1791117523.365767) can0 394#0036000010370A1B
(1791117523.366075) can0 33B#1B00003F00008000
(1791117523.366254) can0 323#0000000000001FAD
(1791117523.366497) can0 324#370000414500001F
(1791117523.366738) can0 33D#0000A04000280000
(1791117523.366965) can0 396#3B6D4E2800454545
(1791117523.367217) can0 39A#0036020041400000
(1791117523.367455) can0 39B#3C3A8200000028AC
(1791117523.367699) can0 3B7#00004000000E4E00
(1791117523.367949) can0 491#0000000000000000
(1791117523.410641) can0 297#0101E040FFFF8424
(1791117523.410832) can0 29B#BB967002FD100000
(1791117523.460585) can0 297#0101E040FFFF8525
(1791117523.460823) can0 29B#BB967002FD100000
(1791117523.465245) can0 29C#2800000000000000
(1791117523.465502) can0 33F#0000000028000040
(1791117523.465758) can0 394#0036000010370B1A
(1791117523.466003) can0 33B#1B00003F00008000
(1791117523.466251) can0 323#0000000000001FAD
(1791117523.466498) can0 324#370000414500001F
(1791117523.466741) can0 33D#0000A04000280000
(1791117523.466972) can0 396#3B6D4E2800454545
(1791117523.467215) can0 39A#0036020051000000
(1791117523.467476) can0 39B#3C3A820000002CA8
(1791117523.467726) can0 3B7#00004000000F4F00
(1791117523.467953) can0 491#0000000000000000
(1791117523.510590) can0 297#0101E040FFFF8626
(1791117523.510827) can0 29B#BB967002FD100000
(1791117523.560581) can0 297#0101E040FFFF8727
(1791117523.560820) can0 29B#BB967002FD100000
(1791117523.565274) can0 29C#2800000000000000
(1791117523.565498) can0 33F#0000000028000040
(1791117523.565762) can0 394#0036000010370C1D
(1791117523.566006) can0 33B#1B00003F00008000
(1791117523.566270) can0 323#0000000000001FAD
(1791117523.566515) can0 324#370000414500001F
(1791117523.566751) can0 33D#0000A04000280000
(1791117523.566984) can0 396#3B6D4E2800454545
(1791117523.567301) can0 39A#0036020060C00000
(1791117523.567467) can0 39B#3C3A8200000030B4
(1791117523.567708) can0 3B7#0000400000004000
(1791117523.567988) can0 491#0000000000000000
(1791117523.610587) can0 297#0101E040FFFF8828
(1791117523.610829) can0 29B#BB967002FD100000
(1791117523.660592) can0 297#0101E040FFFF8929
(1791117523.660829) can0 29B#BB967002FD100000
(1791117523.665284) can0 29C#2800000000000000
(1791117523.665507) can0 33F#0000000028000040
(1791117523.665777) can0 394#0036000010370D1C
(1791117523.666034) can0 33B#1B00003F00008000
(1791117523.666274) can0 323#0000000000001FAD
(1791117523.666511) can0 324#370000414500001F
(1791117523.666757) can0 33D#0000A04000280000
(1791117523.667001) can0 396#3B6D4E2800454545
(1791117523.667228) can0 39A#0036020070800000
(1791117523.667467) can0 39B#3C3A8200000034B0
(1791117523.667717) can0 3B7#0000400000014100
(1791117523.667944) can0 491#0000000000000000
(1791117523.710606) can0 297#0101E040FFFF8A2A
(1791117523.710844) can0 29B#BB967002FD100000
(1791117523.760595) can0 297#0101E040FFFF8B2B
(1791117523.760840) can0 29B#BB967002FD100000
(1791117523.765320) can0 29C#2800000000000000
(1791117523.765514) can0 33F#0000000028000040
(1791117523.765773) can0 394#0036000010370E1F
(1791117523.766025) can0 33B#1B00003F00008000
(1791117523.766255) can0 323#0000000000001FAD
(1791117523.766506) can0 324#370000414500001F
(1791117523.766736) can0 33D#0000A04000280000
(1791117523.766975) can0 396#3B6D4E2800454545
(1791117523.767206) can0 39A#0036020080400000
(1791117523.767457) can0 39B#3C3A8200000038BC
(1791117523.767700) can0 3B7#0000400000024200
(1791117523.767960) can0 491#0000000000000000
(1791117523.810591) can0 297#0101E040FFFF8C2C
(1791117523.810840) can0 29B#BB967002FD100000
(1791117523.860641) can0 297#0101E040FFFF8D2D
(1791117523.860877) can0 29B#BB967002FD100000
(1791117523.865248) can0 29C#2800000000000000
(1791117523.865485) can0 33F#0000000028000040
(1791117523.865763) can0 394#0036000010370F1E
(1791117523.866015) can0 33B#1B00003F00008000
(1791117523.866259) can0 323#0000000000001FC5
(1791117523.866487) can0 324#370000414500001F
(1791117523.866735) can0 33D#0000A04000280000
(1791117523.866984) can0 396#3B6D4E2800454545
(1791117523.867204) can0 39A#0036020090000000
(1791117523.867447) can0 39B#3C3A820000003CB8
(1791117523.867684) can0 3B7#0000400000034300
(1791117523.867927) can0 491#0000000000000000
(1791117523.910598) can0 297#0101E040FFFF8E2E
(1791117523.910813) can0 29B#BB967002FD100000
(1791117523.960593) can0 297#0101E040FFFF8F2F
(1791117523.960825) can0 29B#BB967002FD100000
(1791117523.965273) can0 29C#2800000000000000
(1791117523.965513) can0 33F#0000000028000040
(1791117523.965786) can0 394#0036000010370011
(1791117523.966024) can0 33B#1B00003F00008000
(1791117523.966269) can0 323#0000000000001FC5
(1791117523.966515) can0 324#370000414500001F
(1791117523.966767) can0 33D#0000A04000280000
(1791117523.966989) can0 396#3B6D4E2800454545
(1791117523.967236) can0 39A#003602009FC00000
(1791117523.967459) can0 39B#3C3A820000000084
(1791117523.967710) can0 3B7#0000400000044400
(1791117523.967972) can0 491#0000000000000000
(1791117524.010581) can0 297#0101E040FFFF8020
(1791117524.010822) can0 29B#BB967002FD100000
(1791117524.060584) can0 297#0101E040FFFF8121
(1791117524.060811) can0 29B#BB967002FD100000
(1791117524.065268) can0 29C#2800000000000000
(1791117524.065500) can0 33F#0000000028000040
(1791117524.065764) can0 394#0036000010370110
(1791117524.066025) can0 33B#1B00003F00008000
(1791117524.066294) can0 323#0000000000001FC5
(1791117524.066512) can0 324#370000414500001F
(1791117524.066747) can0 33D#0000A04000280000
(1791117524.066968) can0 396#3B6D4E2800454545
(1791117524.067236) can0 39A#00360200AF800000
(1791117524.067464) can0 39B#3C3A820000000480
(1791117524.067706) can0 3B7#0000400000054500
(1791117524.068003) can0 491#0000000000000000
(1791117524.110591) can0 297#0101E040FFFF8222
(1791117524.110817) can0 29B#BB967002FD100000
(1791117524.160608) can0 297#0101E040FFFF8323
(1791117524.160839) can0 29B#BB967002FD100000
(1791117524.165308) can0 29C#2800000000000000
(1791117524.165512) can0 33F#0000000028000040
(1791117524.165764) can0 394#0036000010370213
(1791117524.166003) can0 33B#1B00003F00008000
(1791117524.166248) can0 323#0000000000001FC5
(1791117524.166500) can0 324#370000414500001F
(1791117524.166741) can0 33D#0000A04000280000
(1791117524.166967) can0 396#3B6D4E2800454545
(1791117524.167208) can0 39A#00360200BF400000
(1791117524.167457) can0 39B#3C3A82000000088C
(1791117524.167702) can0 3B7#0000400000064600
(1791117524.167938) can0 491#0000000000000000
(1791117524.210605) can0 297#0101E040FFFF8424
(1791117524.210839) can0 29B#BB967002FD100000
(1791117524.260603) can0 297#0101E040FFFF8525
(1791117524.260846) can0 29B#BB967002FD100000
(1791117524.265256) can0 29C#2800000000000000
(1791117524.265492) can0 33F#0000000028000040
(1791117524.265774) can0 394#0036000010370312
(1791117524.266013) can0 33B#1B00003F00008000
(1791117524.266262) can0 323#0000000000001FC5
(1791117524.266505) can0 324#370000414500001F
(1791117524.266752) can0 33D#0000A04000280000
(1791117524.266972) can0 396#3B6D4E2800454545
(1791117524.267225) can0 39A#00360200CF000000
(1791117524.267446) can0 39B#3C3A820000000C88
(1791117524.267696) can0 3B7#0000400000074700
(1791117524.267956) can0 491#0000000000000000
(1791117524.310628) can0 297#0101E040FFFF8626
(1791117524.310842) can0 29B#BB967002FD100000
(1791117524.360576) can0 297#0101E040FFFF8727
(1791117524.360815) can0 29B#BB967002FD100000
(1791117524.365232) can0 29C#2800000000000000
(1791117524.365476) can0 33F#0000000028000040
(1791117524.365754) can0 394#0036000010370415
(1791117524.366001) can0 33B#1B00003F00008000
(1791117524.366251) can0 323#0000000000000000
(1791117524.366494) can0 324#370000414500001F
(1791117524.366740) can0 33D#0000A04000280000
(1791117524.366960) can0 396#3B6D4E2800454545
(1791117524.367211) can0 39A#00360200DEC00000
(1791117524.367454) can0 39B#3C3A820000001094
(1791117524.367706) can0 3B7#0000400000084800
(1791117524.367935) can0 491#0000000000000000
(1791117524.410599) can0 297#0101E040FFFF8828
(1791117524.410840) can0 29B#BB967002FD100000
(1791117524.460588) can0 297#0101E040FFFF8929
(1791117524.460820) can0 29B#BB967002FD100000
(1791117524.465237) can0 29C#2800000000000000
(1791117524.465481) can0 33F#0000000028000040
(1791117524.465762) can0 394#0036000010370514
(1791117524.466015) can0 33B#1B00003F00008000
(1791117524.466250) can0 323#0000000000000000
(1791117524.466522) can0 324#370000414500001F
(1791117524.466762) can0 33D#0000A04000280000
(1791117524.466987) can0 396#3B6D4E2800454545
(1791117524.467221) can0 39A#00360200EE800000
(1791117524.467445) can0 39B#3C3A820000001490
(1791117524.467712) can0 3B7#0000400000094900
(1791117524.467967) can0 491#0000000000000000
(1791117524.510595) can0 297#0101E040FFFF8A2A
(1791117524.510835) can0 29B#BB967002FD100000
(1791117524.560594) can0 297#0101E040FFFF8B2B
(1791117524.560829) can0 29B#BB967002FD100000
(1791117524.565294) can0 29C#2800000000000000
(1791117524.565516) can0 33F#0000000028000040
(1791117524.565782) can0 394#0036000010370617
(1791117524.566019) can0 33B#1B00003F00008000
(1791117524.566259) can0 323#0000000000000000
(1791117524.566500) can0 324#370000414500001F
(1791117524.566742) can0 33D#0000A04000280000
(1791117524.566970) can0 396#3B6D4E2800454545
(1791117524.567241) can0 39A#00360200FE400000
(1791117524.567461) can0 39B#3C3A82000000189C
(1791117524.567712) can0 3B7#00004000000A4A00
(1791117524.567964) can0 491#0000000000000000
(1791117524.610585) can0 297#0101E040FFFF8C2C
(1791117524.610822) can0 29B#BB967002FD100000
(1791117524.660609) can0 297#0101E040FFFF8D2D
(1791117524.660841) can0 29B#BB967002FD100000
(1791117524.665332) can0 29C#2800000000000000
(1791117524.665489) can0 33F#0000000028000040
(1791117524.665770) can0 394#0036000010370716
(1791117524.666007) can0 33B#1B00003F00008000
(1791117524.666254) can0 323#0000000000000000
(1791117524.666496) can0 324#370000414500001F
(1791117524.666748) can0 33D#0000A04000280000
(1791117524.666968) can0 396#3B6D4E2800454545
(1791117524.667241) can0 39A#003602000E000000
(1791117524.667465) can0 39B#3C3A820000001C98
(1791117524.667697) can0 3B7#00004000000B4B00
(1791117524.667945) can0 491#0000000000000000
(1791117524.710600) can0 297#0101E040FFFF8E2E
(1791117524.710830) can0 29B#BB967002FD100000
(1791117524.760597) can0 297#0101E040FFFF8F2F
(1791117524.760835) can0 29B#BB967002FD100000
(1791117524.765300) can0 29C#2800000000000000
(1791117524.765496) can0 33F#0000000028000040
(1791117524.765759) can0 394#0036000010370819
(1791117524.766029) can0 396#3B6D4E2800454545
(1791117524.766276) can0 323#0000000000000000
(1791117524.766519) can0 324#370000414500001F
(1791117524.766761) can0 33B#1B00003F00008000
(1791117524.767009) can0 33D#0000A04000280000
(1791117524.767259) can0 39A#003602001DC00000
(1791117524.767483) can0 39B#3C3A8200000020A4
(1791117524.767742) can0 3B7#00004000000C4C00
(1791117524.767982) can0 491#0000000000000000
(1791117524.810604) can0 297#0101E040FFFF8020
(1791117524.810812) can0 29B#BB967002FD100000
(1791117524.860577) can0 297#0101E040FFFF8121
(1791117524.860807) can0 29B#BB967002FD100000
(1791117524.865276) can0 29C#2800000000000000
(1791117524.865500) can0 33F#0000000028000040
(1791117524.865773) can0 394#0036000010370918
(1791117524.866022) can0 33B#1B00003F00008000
(1791117524.866271) can0 323#0000000000001D65
(1791117524.866475) can0 324#370000414500001F
(1791117524.866722) can0 33D#0000A04000280000
(1791117524.866945) can0 396#3B6D4E2800454545
(1791117524.867192) can0 39A#003602002D800000
(1791117524.867436) can0 39B#3C3A8200000024A0
(1791117524.867684) can0 3B7#00004000000D4D00
(1791117524.867923) can0 491#0000000000000000
(1791117524.910595) can0 297#0101E040FFFF8222
(1791117524.910820) can0 29B#BB967002FD100000
(1791117524.960597) can0 297#0101E040FFFF8323
(1791117524.960819) can0 29B#BB967002FD100000
(1791117524.965246) can0 29C#2800000000000000
(1791117524.965497) can0 33F#0000000028000040
(1791117524.965766) can0 394#0036000010370A1B
(1791117524.965994) can0 33B#1B00003F00008000
(1791117524.966315) can0 323#0000000000001D65
(1791117524.966494) can0 324#370000414500001F
(1791117524.966730) can0 33D#0000A04000280000
(1791117524.966958) can0 396#3B6D4E2800454545
(1791117524.967207) can0 39A#003602003D400000
(1791117524.967451) can0 39B#3C3A8200000028AC
(1791117524.967699) can0 3B7#00004000000E4E00
(1791117524.967952) can0 491#0000000000000000
(1791117525.010593) can0 297#0101E040FFFF8424
(1791117525.010817) can0 29B#BB967002FD100000
(1791117525.060587) can0 297#0101E040FFFF8525
(1791117525.060846) can0 29B#BB967002FD100000
(1791117525.065264) can0 29C#2800000000000000
(1791117525.065513) can0 33F#0000000028000040
(1791117525.065779) can0 394#0036000010370B1A
(1791117525.066011) can0 33B#1B00003F00008000
(1791117525.066320) can0 323#0000000000001D65
(1791117525.066498) can0 324#370000414500001F
(1791117525.066746) can0 33D#0000A04000280000
(1791117525.066957) can0 396#3B6D4E2800454545
(1791117525.067201) can0 39A#003602004D000000
(1791117525.067473) can0 39B#3C3A820000002CA8
(1791117525.067691) can0 3B7#00004000000F4F00
(1791117525.067941) can0 491#0000000000000000
(1791117525.110589) can0 297#0101E040FFFF8626
(1791117525.110833) can0 29B#BB967002FD100000
(1791117525.160594) can0 297#0101E040FFFF8727
(1791117525.160831) can0 29B#BB967002FD100000
(1791117525.165317) can0 29C#2800000000000000
(1791117525.165499) can0 33F#0000000028000040
(1791117525.165774) can0 394#0036000010370C1D
(1791117525.166015) can0 33B#1B00003F00008000
(1791117525.166330) can0 323#0000000000001D65
(1791117525.166498) can0 324#370000414500001F
(1791117525.166736) can0 33D#0000A04000280000
(1791117525.166956) can0 396#3B6D4E2800454545
(1791117525.167197) can0 39A#003602005CC00000
(1791117525.167450) can0 39B#3C3A8200000030B4
(1791117525.167691) can0 3B7#0000400000004000
(1791117525.167940) can0 491#0000000000000000
(1791117525.210601) can0 297#0101E040FFFF8828
(1791117525.210829) can0 29B#BB967002FD100000
(1791117525.260638) can0 297#0101E040FFFF8929
(1791117525.260823) can0 29B#BB967002FD100000
(1791117525.265239) can0 29C#2800000000000000
(1791117525.265471) can0 33F#0000000028000040
(1791117525.265757) can0 394#0036000010370D1C
(1791117525.265998) can0 33B#1B00003F00008000
(1791117525.266245) can0 323#0000000000001D65
(1791117525.266490) can0 324#370000414500001F
(1791117525.266727) can0 33D#0000A04000280000
(1791117525.266959) can0 396#3B6D4E2800454545
(1791117525.267200) can0 39A#003602006C800000
(1791117525.267427) can0 39B#3C3A8200000034B0
(1791117525.267674) can0 3B7#0000400000014100
(1791117525.267934) can0 491#0000000000000000
(1791117525.310611) can0 297#0101E040FFFF8A2A
(1791117525.310837) can0 29B#BB967002FD100000
(1791117525.360567) can0 297#0101E040FFFF8B2B
(1791117525.360810) can0 29B#BB967002FD100000
(1791117525.365225) can0 29C#2800000000000000
(1791117525.365496) can0 33F#0000000028000040
(1791117525.365748) can0 394#0036000010370E1F
(1791117525.366008) can0 33B#1B00003F00008000
(1791117525.366250) can0 323#0000000000001FAD
(1791117525.366483) can0 324#370000414500001F
(1791117525.366722) can0 33D#0000A04000280000
(1791117525.366947) can0 396#3B6D4E2800454545
(1791117525.367197) can0 39A#003602007C400000
(1791117525.367454) can0 39B#3C3A8200000038BC
(1791117525.367691) can0 3B7#0000400000024200
(1791117525.367970) can0 491#0000000000000000
(1791117525.410588) can0 297#0101E040FFFF8C2C
(1791117525.410822) can0 29B#BB967002FD100000
(1791117525.460587) can0 297#0101E040FFFF8D2D
(1791117525.460812) can0 29B#BB967002FD100000
(1791117525.465253) can0 29C#2800000000000000
(1791117525.465497) can0 33F#0000000028000040
(1791117525.465766) can0 394#0036000010370F1E
(1791117525.466015) can0 33B#1B00003F00008000
(1791117525.466257) can0 323#0000000000001FAD
(1791117525.466492) can0 324#370000414500001F
(1791117525.466750) can0 33D#0000A04000280000
(1791117525.466964) can0 396#3B6D4E2800454545
(1791117525.467224) can0 39A#003602008C000000
(1791117525.467467) can0 39B#3C3A820000003CB8
(1791117525.467686) can0 3B7#0000400000034300
(1791117525.467942) can0 491#0000000000000000
(1791117525.510588) can0 297#0101E040FFFF8E2E
(1791117525.510809) can0 29B#BB967002FD100000
(1791117525.560630) can0 297#0101E040FFFF8F2F
(1791117525.560809) can0 29B#BB967002FD100000
(1791117525.565255) can0 29C#2800000000000000
(1791117525.565512) can0 33F#0000000028000040
(1791117525.565769) can0 394#0036000010370011
(1791117525.566006) can0 33B#1B00003F00008000
(1791117525.566259) can0 323#0000000000001FAD
(1791117525.566496) can0 324#370000414500001F
(1791117525.566750) can0 33D#0000A04000280000
(1791117525.566983) can0 396#3B6D4E2800454545
(1791117525.567209) can0 39A#003602009BC00000
(1791117525.567462) can0 39B#3C3A820000000084
(1791117525.567719) can0 3B7#0000400000044400
(1791117525.567928) can0 491#0000000000000000
(1791117525.610587) can0 297#0101E040FFFF8020
(1791117525.610825) can0 29B#BB967002FD100000
(1791117525.660589) can0 297#0101E040FFFF8121
(1791117525.660832) can0 29B#BB967002FD100000
(1791117525.665297) can0 29C#2800000000000000
(1791117525.665495) can0 33F#0000000028000040
(1791117525.665755) can0 394#0036000010370110
(1791117525.666025) can0 33B#1B00003F00008000
(1791117525.666274) can0 323#0000000000001FAD
(1791117525.666515) can0 324#370000414500001F
(1791117525.666765) can0 33D#0000A04000280000
(1791117525.666985) can0 396#3B6D4E2800454545
(1791117525.667235) can0 39A#00360200AB800000
(1791117525.667485) can0 39B#3C3A820000000480
(1791117525.667725) can0 3B7#0000400000054500
(1791117525.667975) can0 491#0000000000000000
(1791117525.710589) can0 297#0101E040FFFF8222
(1791117525.710815) can0 29B#BB967002FD100000
(1791117525.760633) can0 297#0101E040FFFF8323
(1791117525.760815) can0 29B#BB967002FD100000
(1791117525.765234) can0 29C#2800000000000000
(1791117525.765488) can0 33F#0000000028000040
(1791117525.765764) can0 394#0036000010370213
(1791117525.766028) can0 396#3B6D4E2800454545
(1791117525.766264) can0 323#0000000000001FAD
(1791117525.766493) can0 324#370000414500001F
(1791117525.766740) can0 33B#1B00003F00008000
(1791117525.766987) can0 33D#0000A04000280000
(1791117525.767236) can0 39A#00360200BB400000
(1791117525.767486) can0 39B#3C3A82000000088C
(1791117525.767720) can0 3B7#0000400000064600
(1791117525.767966) can0 491#0000000000000000
(1791117525.810625) can0 297#0101E040FFFF8424
(1791117525.810806) can0 29B#BB967002FD100000
(1791117525.860580) can0 297#0101E040FFFF8525
(1791117525.860811) can0 29B#BB967002FD100000
(1791117525.865210) can0 29C#2800000000000000
(1791117525.865472) can0 33F#0000000028000040
(1791117525.865754) can0 394#0036000010370312
(1791117525.866031) can0 33B#1B00003F00008000
(1791117525.866279) can0 323#0000000000001FC5
(1791117525.866507) can0 324#370000414500001F
(1791117525.866763) can0 33D#0000A04000280000
(1791117525.867001) can0 396#3B6D4E2800454545
(1791117525.867222) can0 39A#00360200CB000000
(1791117525.867490) can0 39B#3C3A820000000C88
(1791117525.867719) can0 3B7#0000400000074700
(1791117525.867967) can0 491#0000000000000000
(1791117525.910581) can0 297#0101E040FFFF8626
(1791117525.910808) can0 29B#BB967002FD100000
(1791117525.960611) can0 297#0101E040FFFF8727
(1791117525.960814) can0 29B#BB967002FD100000
(1791117525.965277) can0 29C#2800000000000000
(1791117525.965485) can0 33F#0000000028000040
(1791117525.965763) can0 394#0036000010370415
(1791117525.966008) can0 33B#1B00003F00008000
(1791117525.966265) can0 323#0000000000001FC5
(1791117525.966499) can0 324#370000414500001F
(1791117525.966729) can0 33D#0000A04000280000
(1791117525.966962) can0 396#3B6D4E2800454545
(1791117525.967211) can0 39A#00360200DAC00000
(1791117525.967459) can0 39B#3C3A820000001094
(1791117525.967712) can0 3B7#0000400000084800
(1791117525.967947) can0 491#0000000000000000
(1791117526.010565) can0 297#0101E040FFFF8828
(1791117526.010809) can0 29B#BB967002FD100000
(1791117526.060574) can0 297#0101E040FFFF8929
(1791117526.060833) can0 29B#BB967002FD100000
(1791117526.065290) can0 29C#2800000000000000
(1791117526.065488) can0 33F#0000000028000040
(1791117526.065783) can0 394#0036000010370514
(1791117526.066050) can0 396#3B6D4E2800454545
(1791117526.066267) can0 323#0000000000001FC5
(1791117526.066517) can0 324#370000414500001F
(1791117526.066789) can0 33B#1B00003F00008000
(1791117526.067004) can0 33D#0000A04000280000
(1791117526.067226) can0 39A#00360200EA800000
(1791117526.067471) can0 39B#3C3A820000001490
(1791117526.067721) can0 3B7#0000400000094900
(1791117526.067960) can0 491#0000000000000000
(1791117526.110588) can0 297#0101E040FFFF8A2A
(1791117526.110825) can0 29B#BB967002FD100000
(1791117526.160603) can0 297#0101E040FFFF8B2B
(1791117526.160811) can0 29B#BB967002FD100000
(1791117526.165303) can0 29C#2800000000000000
(1791117526.165595) can0 33F#0000000028000040
(1791117526.165758) can0 394#0036000010370617
(1791117526.166028) can0 33B#1B00003F00008000
(1791117526.166254) can0 323#0000000000001FC5
(1791117526.166487) can0 324#370000414500001F
(1791117526.166723) can0 33D#0000A04000280000
(1791117526.166954) can0 396#3B6D4E2800454545
(1791117526.167208) can0 39A#00360200FA400000
(1791117526.167536) can0 39B#3C3A82000000189C
(1791117526.167691) can0 3B7#00004000000A4A00
(1791117526.167967) can0 491#0000000000000000
(1791117526.210568) can0 297#0101E040FFFF8C2C
(1791117526.210844) can0 29B#BB967002FD100000
(1791117526.260718) can0 297#0101E040FFFF8D2D
(1791117526.260822) can0 29B#BB967002FD100000
(1791117526.265268) can0 29C#2800000000000000
(1791117526.265498) can0 33F#0000000028000040
(1791117526.265751) can0 394#0036000010370716
(1791117526.266013) can0 396#3B6D4E2800454545
(1791117526.266261) can0 323#0000000000001FC5
(1791117526.266501) can0 324#370000414500001F
(1791117526.266754) can0 33B#1B00003F00008000
(1791117526.266990) can0 33D#0000A04000280000
(1791117526.267239) can0 39A#003602000A000000
(1791117526.267482) can0 39B#3C3A820000001C98
(1791117526.267728) can0 3B7#00004000000B4B00
(1791117526.267980) can0 491#0000000000000000
(1791117526.310584) can0 297#0101E040FFFF8E2E
(1791117526.310820) can0 29B#BB967002FD100000
(1791117526.360563) can0 297#0101E040FFFF8F2F
(1791117526.360809) can0 29B#BB967002FD100000
(1791117526.365213) can0 29C#2800000000000000
(1791117526.365484) can0 33F#0000000028000040
(1791117526.365745) can0 394#0036000010370819
(1791117526.365990) can0 33B#1B00003F00008000
(1791117526.366236) can0 323#0000000000000000
(1791117526.366491) can0 324#370000414500001F
(1791117526.366735) can0 33D#0000A04000280000
(1791117526.366956) can0 396#3B6D4E2800454545
(1791117526.367193) can0 39A#0036020019C00000
(1791117526.367481) can0 39B#3C3A8200000020A4
(1791117526.367706) can0 3B7#00004000000C4C00
(1791117526.367964) can0 491#0000000000000000
(1791117526.410567) can0 297#0101E040FFFF8020
(1791117526.410807) can0 29B#BB967002FD100000
(1791117526.460576) can0 297#0101E040FFFF8121
(1791117526.460804) can0 29B#BB967002FD100000
(1791117526.465264) can0 29C#2800000000000000
(1791117526.465489) can0 33F#0000000028000040
(1791117526.465745) can0 394#0036000010370918
(1791117526.466011) can0 33B#1B00003F00008000
(1791117526.466243) can0 323#0000000000000000
(1791117526.466503) can0 324#370000414500001F
(1791117526.466751) can0 33D#0000A04000280000
(1791117526.466970) can0 396#3B6D4E2800454545
(1791117526.467218) can0 39A#0036020029800000
(1791117526.467500) can0 39B#3C3A8200000024A0
(1791117526.467696) can0 3B7#00004000000D4D00
(1791117526.467942) can0 491#0000000000000000
(1791117526.510572) can0 297#0101E040FFFF8222
(1791117526.510809) can0 29B#BB967002FD100000
(1791117526.560608) can0 297#0101E040FFFF8323
(1791117526.560827) can0 29B#BB967002FD100000
(1791117526.565283) can0 29C#2800000000000000
(1791117526.565521) can0 33F#0000000028000040
(1791117526.565768) can0 394#0036000010370A1B
(1791117526.566005) can0 33B#1B00003F00008000
(1791117526.566232) can0 323#0000000000000000
(1791117526.566496) can0 324#370000414500001F
(1791117526.566723) can0 33D#0000A04000280000
(1791117526.566954) can0 396#3B6D4E2800454545
(1791117526.567191) can0 39A#0036020039400000
(1791117526.567494) can0 39B#3C3A8200000028AC
(1791117526.567681) can0 3B7#00004000000E4E00
(1791117526.567928) can0 491#0000000000000000
(1791117526.610588) can0 297#0101E040FFFF8424
(1791117526.610827) can0 29B#BB967002FD100000
(1791117526.660583) can0 297#0101E040FFFF8525
(1791117526.660806) can0 29B#BB967002FD100000
(1791117526.665247) can0 29C#2800000000000000
(1791117526.665514) can0 33F#0000000028000040
(1791117526.665741) can0 394#0036000010370B1A
(1791117526.666023) can0 33B#1B00003F00008000
(1791117526.666261) can0 323#0000000000000000
(1791117526.666509) can0 324#370000414500001F
(1791117526.666761) can0 33D#0000A04000280000
(1791117526.666982) can0 396#3B6D4E2800454545
(1791117526.667231) can0 39A#0036020049000000
(1791117526.667510) can0 39B#3C3A820000002CA8
(1791117526.667730) can0 3B7#00004000000F4F00
(1791117526.667955) can0 491#0000000000000000
(1791117526.710624) can0 297#0101E040FFFF8626
(1791117526.710809) can0 29B#BB967002FD100000
(1791117526.760611) can0 297#0101E040FFFF8727
(1791117526.760797) can0 29B#BB967002FD100000
(1791117526.765220) can0 29C#2800000000000000
(1791117526.765524) can0 33F#0000000028000040
(1791117526.765745) can0 394#0036000010370C1D
(1791117526.766025) can0 396#3B6D4E2800454545
(1791117526.766270) can0 33B#1B00003F00008000
(1791117526.766521) can0 323#0000000000000000
(1791117526.766747) can0 324#370000414500001F
(1791117526.766994) can0 33D#0000A04000280000
(1791117526.767244) can0 39A#0036020058C00000
(1791117526.767524) can0 39B#3C3A8200000030B4
(1791117526.767725) can0 3B7#0000400000004000
(1791117526.767967) can0 491#0000000000000000
(1791117526.810581) can0 297#0101E040FFFF8828
(1791117526.810801) can0 29B#BB967002FD100000
(1791117526.860577) can0 297#0101E040FFFF8929
(1791117526.860792) can0 29B#BB967002FD100000
(1791117526.865204) can0 29C#2800000000000000
(1791117526.865534) can0 33F#0000000028000040
(1791117526.865768) can0 394#0036000010370D1C
(1791117526.866016) can0 33B#1B00003F00008000
(1791117526.866268) can0 323#0000000000001D65
(1791117526.866541) can0 324#370000414500001F
(1791117526.866752) can0 33D#0000A04000280000
(1791117526.866976) can0 396#3B6D4E2800454545
(1791117526.867216) can0 39A#0036020068800000
(1791117526.867441) can0 39B#3C3A8200000034B0
(1791117526.867696) can0 3B7#0000400000014100
(1791117526.867981) can0 491#0000000000000000
(1791117526.910585) can0 297#0101E040FFFF8A2A
(1791117526.910802) can0 29B#BB967002FD100000
(1791117526.960602) can0 297#0101E040FFFF8B2B
(1791117526.960802) can0 29B#BB967002FD100000
(1791117526.965248) can0 29C#2800000000000000
(1791117526.965486) can0 33F#0000000028000040
(1791117526.965758) can0 394#0036000010370E1F
(1791117526.966022) can0 33B#1B00003F00008000
(1791117526.966255) can0 323#0000000000001D65
(1791117526.966469) can0 324#370000414500001F
(1791117526.966724) can0 33D#0000A04000280000
(1791117526.966950) can0 396#3B6D4E2800454545
(1791117526.967193) can0 39A#0036020078400000
(1791117526.967443) can0 39B#3C3A8200000038BC
(1791117526.967685) can0 3B7#0000400000024200
(1791117526.967945) can0 491#0000000000000000
(1791117527.010603) can0 297#0101E040FFFF8C2C
(1791117527.010824) can0 29B#BB967002FD100000
(1791117527.060618) can0 297#0101E040FFFF8D2D
(1791117527.060797) can0 29B#BB967002FD100000
(1791117527.065295) can0 29C#2800000000000000
(1791117527.065488) can0 33F#0000000028000040
(1791117527.065749) can0 394#0036000010370F1E
(1791117527.066010) can0 33B#1B00003F00008000
(1791117527.066251) can0 323#0000000000001D65
(1791117527.066469) can0 324#370000414500001F
(1791117527.066720) can0 33D#0000A04000280000
(1791117527.066942) can0 396#3B6D4E2800454545
(1791117527.067189) can0 39A#0036020088000000
(1791117527.067439) can0 39B#3C3A820000003CB8
(1791117527.067686) can0 3B7#0000400000034300
(1791117527.067939) can0 491#0000000000000000
(1791117527.110630) can0 297#0101E040FFFF8E2E
(1791117527.110797) can0 29B#BB967002FD100000
(1791117527.160641) can0 297#0101E040FFFF8F2F
(1791117527.160812) can0 29B#BB967002FD100000
(1791117527.165217) can0 29C#2800000000000000
(1791117527.165461) can0 33F#0000000028000040
(1791117527.165740) can0 394#0036000010370011
(1791117527.165988) can0 33B#1B00003F00008000
(1791117527.166226) can0 323#0000000000001D65
(1791117527.166468) can0 324#370000414500001F
(1791117527.166719) can0 33D#0000A04000280000
(1791117527.166950) can0 396#3B6D4E2800454545
(1791117527.167200) can0 39A#0036020097C00000
(1791117527.167431) can0 39B#3C3A820000000084
(1791117527.167680) can0 3B7#0000400000044400
(1791117527.167920) can0 491#0000000000000000
(1791117527.210623) can0 297#0101E040FFFF8020
(1791117527.210804) can0 29B#BB967002FD100000
(1791117527.260626) can0 297#0101E040FFFF8121
(1791117527.260802) can0 29B#BB967002FD100000
(1791117527.265244) can0 29C#2800000000000000
(1791117527.265478) can0 33F#0000000028000040
(1791117527.265735) can0 394#0036000010370110
(1791117527.266023) can0 33B#1B00003F00008000
(1791117527.266261) can0 323#0000000000001D65
(1791117527.266506) can0 324#370000414500001F
(1791117527.266755) can0 33D#0000A04000280000
(1791117527.266982) can0 396#3B6D4E2800454545
(1791117527.267226) can0 39A#00360200A7800000
(1791117527.267467) can0 39B#3C3A820000000480
(1791117527.267713) can0 3B7#0000400000054500
(1791117527.267965) can0 491#0000000000000000
(1791117527.310640) can0 297#0101E040FFFF8222
(1791117527.310789) can0 29B#BB967002FD100000
(1791117527.360669) can0 297#0101E040FFFF8323
(1791117527.360805) can0 29B#BB967002FD100000
(1791117527.365250) can0 29C#2800000000000000
(1791117527.365502) can0 33F#0000000028000040
(1791117527.365756) can0 394#0036000010370213
(1791117527.366009) can0 33B#1B00003F00008000
(1791117527.366277) can0 323#0000000000001FAD
(1791117527.366492) can0 324#370000414500001F
(1791117527.366737) can0 33D#0000A04000280000
(1791117527.366964) can0 396#3B6D4E2800454545
(1791117527.367213) can0 39A#00360200B7400000
(1791117527.367458) can0 39B#3C3A82000000088C
(1791117527.367729) can0 3B7#0000400000064600
(1791117527.367969) can0 491#0000000000000000
(1791117527.410570) can0 297#0101E040FFFF8424
(1791117527.410805) can0 29B#BB967002FD100000
(1791117527.460567) can0 297#0101E040FFFF8525
(1791117527.460786) can0 29B#BB967002FD100000
(1791117527.465250) can0 29C#2800000000000000
(1791117527.465493) can0 33F#0000000028000040
(1791117527.465786) can0 394#0036000010370312
(1791117527.466051) can0 33B#1B00003F00008000
(1791117527.466280) can0 323#0000000000001FAD
(1791117527.466504) can0 324#370000414500001F
(1791117527.466751) can0 33D#0000A04000280000
(1791117527.466995) can0 396#3B6D4E2800454545
(1791117527.467240) can0 39A#00360200C7000000
(1791117527.467450) can0 39B#3C3A820000000C88
(1791117527.467692) can0 3B7#0000400000074700
(1791117527.467984) can0 491#0000000000000000
(1791117527.510567) can0 297#0101E040FFFF8626
(1791117527.510804) can0 29B#BB967002FD100000
(1791117527.560573) can0 297#0101E040FFFF8727
(1791117527.560806) can0 29B#BB967002FD100000
(1791117527.565303) can0 29C#2800000000000000
(1791117527.565487) can0 33F#0000000028000040
(1791117527.565741) can0 394#0036000010370415
(1791117527.566023) can0 33B#1B00003F00008000
(1791117527.566255) can0 323#0000000000001FAD
(1791117527.566486) can0 324#370000414500001F
(1791117527.566736) can0 33D#0000A04000280000
(1791117527.566976) can0 396#3B6D4E2800454545
(1791117527.567207) can0 39A#00360200D6C00000
(1791117527.567473) can0 39B#3C3A820000001094
(1791117527.567719) can0 3B7#0000400000084800
(1791117527.567956) can0 491#0000000000000000
(1791117527.610570) can0 297#0101E040FFFF8828
(1791117527.610808) can0 29B#BB967002FD100000
(1791117527.660597) can0 297#0101E040FFFF8929
(1791117527.660796) can0 29B#BB967002FD100000
(1791117527.665205) can0 29C#2800000000000000
(1791117527.665470) can0 33F#0000000028000040
(1791117527.665740) can0 394#0036000010370514
(1791117527.665999) can0 396#3B6D4E2800454545
(1791117527.666241) can0 323#0000000000001FAD
(1791117527.666487) can0 324#370000414500001F
(1791117527.666737) can0 33B#1B00003F00008000
(1791117527.666987) can0 33D#0000A04000280000
(1791117527.667219) can0 39A#00360200E6800000
(1791117527.667461) can0 39B#3C3A820000001490
(1791117527.667708) can0 3B7#0000400000094900
(1791117527.667951) can0 491#0000000000000000
(1791117527.710550) can0 297#0101E040FFFF8A2A
(1791117527.710793) can0 29B#BB967002FD100000
(1791117527.760558) can0 297#0101E040FFFF8B2B
(1791117527.760788) can0 29B#BB967002FD100000
(1791117527.765215) can0 29C#2800000000000000
(1791117527.765483) can0 33F#0000000028000040
(1791117527.765754) can0 394#0036000010370617
(1791117527.766016) can0 396#3B6D4E2800454545
(1791117527.766281) can0 323#0000000000001FAD
(1791117527.766502) can0 324#370000414500001F
(1791117527.766752) can0 33B#1B00003F00008000
(1791117527.766982) can0 33D#0000A04000280000
(1791117527.767225) can0 39A#00360200F6400000
(1791117527.767476) can0 39B#3C3A82000000189C
(1791117527.767724) can0 3B7#00004000000A4A00
(1791117527.767967) can0 491#0000000000000000
(1791117527.810561) can0 297#0101E040FFFF8C2C
(1791117527.810799) can0 29B#BB967002FD100000
(1791117527.860588) can0 297#0101E040FFFF8D2D
(1791117527.860818) can0 29B#BB967002FD100000
(1791117527.865245) can0 29C#2800000000000000
(1791117527.865488) can0 33F#0000000028000040
(1791117527.865758) can0 394#0036000010370716
(1791117527.866033) can0 396#3B6D4E2800454545
(1791117527.866278) can0 323#0000000000001FC5
(1791117527.866523) can0 324#370000414500001F
(1791117527.866761) can0 33B#1B00003F00008000
(1791117527.866988) can0 33D#0000A04000280000
(1791117527.867238) can0 39A#0036020006000000
(1791117527.867479) can0 39B#3C3A820000001C98
(1791117527.867714) can0 3B7#00004000000B4B00
(1791117527.867975) can0 491#0000000000000000
(1791117527.910574) can0 297#0101E040FFFF8E2E
(1791117527.910784) can0 29B#BB967002FD100000
(1791117527.960570) can0 297#0101E040FFFF8F2F
(1791117527.960797) can0 29B#BB967002FD100000
(1791117527.965235) can0 29C#2800000000000000
(1791117527.965475) can0 33F#0000000028000040
(1791117527.965733) can0 394#0036000010370819
(1791117527.966030) can0 396#3B6D4E2800454545
(1791117527.966272) can0 323#0000000000001FC5
(1791117527.966497) can0 324#370000414500001F
(1791117527.966730) can0 33B#1B00003F00008000
(1791117527.966967) can0 33D#0000A04000280000
(1791117527.967218) can0 39A#0036020015C00000
(1791117527.967459) can0 39B#3C3A8200000020A4
(1791117527.967708) can0 3B7#00004000000C4C00
(1791117527.967963) can0 491#0000000000000000
(1791117528.010580) can0 297#0101E040FFFF8020
(1791117528.010793) can0 29B#BB967002FD100000
(1791117528.060578) can0 297#0101E040FFFF8121
(1791117528.060804) can0 29B#BB967002FD100000
(1791117528.065262) can0 29C#2800000000000000
(1791117528.065464) can0 33F#0000000028000040
(1791117528.065743) can0 394#0036000010370918
(1791117528.066005) can0 396#3B6D4E2800454545
(1791117528.066243) can0 33B#1B00003F00008000
(1791117528.066486) can0 323#0000000000001FC5
(1791117528.066733) can0 324#370000414500001F
(1791117528.066976) can0 33D#0000A04000280000
(1791117528.067223) can0 39A#0036020025800000
(1791117528.067465) can0 39B#3C3A8200000024A0
(1791117528.067716) can0 3B7#00004000000D4D00
(1791117528.067957) can0 491#0000000000000000
(1791117528.110574) can0 297#0101E040FFFF8222
(1791117528.110805) can0 29B#BB967002FD100000
(1791117528.160596) can0 297#0101E040FFFF8323
(1791117528.160786) can0 29B#BB967002FD100000
(1791117528.165201) can0 29C#2800000000000000
(1791117528.165459) can0 33F#0000000028000040
(1791117528.165723) can0 394#0036000010370A1B
(1791117528.166009) can0 396#3B6D4E2800454545
(1791117528.166246) can0 33B#1B00003F00008000
(1791117528.166494) can0 323#0000000000001FC5
(1791117528.166734) can0 324#370000414500001F
(1791117528.166976) can0 33D#0000A04000280000
(1791117528.167204) can0 39A#0036020035400000
(1791117528.167458) can0 39B#3C3A8200000028AC
(1791117528.167715) can0 3B7#00004000000E4E00
(1791117528.167960) can0 491#0000000000000000
(1791117528.210555) can0 297#0101E040FFFF8424
(1791117528.210793) can0 29B#BB967002FD100000
(1791117528.260545) can0 297#0101E040FFFF8525
(1791117528.260790) can0 29B#BB967002FD100000
(1791117528.265209) can0 29C#2800000000000000
(1791117528.265474) can0 33F#0000000028000040
(1791117528.265729) can0 394#0036000010370B1A
(1791117528.265995) can0 396#3B6D4E2800454545
(1791117528.266232) can0 33B#1B00003F00008000
(1791117528.266482) can0 323#0000000000001FC5
(1791117528.266731) can0 324#370000414500001F
(1791117528.266974) can0 33D#0000A04000280000
(1791117528.267243) can0 39A#0036020045000000
(1791117528.267481) can0 39B#3C3A820000002CA8
(1791117528.267729) can0 3B7#00004000000F4F00
(1791117528.267956) can0 491#0000000000000000
(1791117528.310552) can0 297#0101E040FFFF8626
(1791117528.310806) can0 29B#BB967002FD100000
(1791117528.360545) can0 297#0101E040FFFF8727
(1791117528.360798) can0 29B#BB967002FD100000
(1791117528.365242) can0 29C#2800000000000000
(1791117528.365471) can0 33F#0000000028000040
(1791117528.365748) can0 394#0036000010370C1D
(1791117528.366020) can0 396#3B6D4E2800454545
(1791117528.366268) can0 323#0000000000000000
(1791117528.366488) can0 324#370000414500001F
(1791117528.366750) can0 33B#1B00003F00008000
(1791117528.366977) can0 33D#0000A04000280000
(1791117528.367226) can0 39A#0036020054C00000
(1791117528.367467) can0 39B#3C3A8200000030B4
(1791117528.367735) can0 3B7#0000400000004000
(1791117528.367957) can0 491#0000000000000000
(1791117528.410555) can0 297#0101E040FFFF8828
(1791117528.410789) can0 29B#BB967002FD100000
(1791117528.460581) can0 297#0101E040FFFF8929
(1791117528.460817) can0 29B#BB967002FD100000
(1791117528.465301) can0 29C#2800000000000000
(1791117528.465484) can0 33F#0000000028000040
(1791117528.465754) can0 394#0036000010370D1C
(1791117528.466017) can0 396#3B6D4E2800454545
(1791117528.466235) can0 33B#1B00003F00008000
(1791117528.466527) can0 323#0000000000000000
(1791117528.466760) can0 324#370000414500001F
(1791117528.466981) can0 33D#0000A04000280000
(1791117528.467225) can0 39A#0036020064800000
(1791117528.467455) can0 39B#3C3A8200000034B0
(1791117528.467749) can0 3B7#0000400000014100
(1791117528.467944) can0 491#0000000000000000
(1791117528.510566) can0 297#0101E040FFFF8A2A
(1791117528.510784) can0 29B#BB967002FD100000
(1791117528.560553) can0 297#0101E040FFFF8B2B
(1791117528.560799) can0 29B#BB967002FD100000
(1791117528.565290) can0 29C#2800000000000000
(1791117528.565470) can0 33F#0000000028000040
(1791117528.565780) can0 394#0036000010370E1F
(1791117528.566010) can0 396#3B6D4E2800454545
(1791117528.566262) can0 323#0000000000000000
(1791117528.566488) can0 324#370000414500001F
(1791117528.566762) can0 33B#1B00003F00008000
(1791117528.566986) can0 33D#0000A04000280000
(1791117528.567235) can0 39A#0036020074400000
(1791117528.567486) can0 39B#3C3A8200000038BC
(1791117528.567784) can0 3B7#0000400000024200
(1791117528.567954) can0 491#0000000000000000
(1791117528.610635) can0 297#0101E040FFFF8C2C
(1791117528.610812) can0 29B#BB967002FD100000
(1791117528.660590) can0 297#0101E040FFFF8D2D
(1791117528.660800) can0 29B#BB967002FD100000
(1791117528.665235) can0 29C#2800000000000000
(1791117528.665470) can0 33F#0000000028000040
(1791117528.665785) can0 394#0036000010370F1E
(1791117528.666006) can0 396#3B6D4E2800454545
(1791117528.666264) can0 323#0000000000000000
(1791117528.666482) can0 324#370000414500001F
(1791117528.666780) can0 33B#1B00003F00008000
(1791117528.666977) can0 33D#0000A04000280000
(1791117528.667224) can0 39A#0036020084000000
(1791117528.667466) can0 39B#3C3A820000003CB8
(1791117528.667705) can0 3B7#0000400000034300
(1791117528.667957) can0 491#0000000000000000
(1791117528.710548) can0 297#0101E040FFFF8E2E
(1791117528.710799) can0 29B#BB967002FD100000
(1791117528.760558) can0 297#0101E040FFFF8F2F
(1791117528.760795) can0 29B#BB967002FD100000
(1791117528.765193) can0 29C#2800000000000000
(1791117528.765463) can0 33F#0000000028000040
(1791117528.765791) can0 394#0036000010370011
(1791117528.766006) can0 396#3B6D4E2800454545
(1791117528.766304) can0 33B#1B00003F00008000
(1791117528.766559) can0 33D#0000A04000280000
(1791117528.766802) can0 323#0000000000000000
(1791117528.767071) can0 324#370000414500001F
(1791117528.767295) can0 39A#0036020093C00000
(1791117528.767535) can0 39B#3C3A820000000084
(1791117528.767824) can0 3B7#0000400000044400
(1791117528.768015) can0 491#0000000000000000
(1791117528.810562) can0 297#0101E040FFFF8020
(1791117528.810794) can0 29B#BB967002FD100000
(1791117528.860564) can0 297#0101E040FFFF8121
(1791117528.860800) can0 29B#BB967002FD100000
(1791117528.865223) can0 29C#2800000000000000
(1791117528.865476) can0 33F#0000000028000040
(1791117528.865732) can0 394#0036000010370110
(1791117528.866010) can0 396#3B6D4E2800454545
(1791117528.866247) can0 33B#1B00003F00008000
(1791117528.866487) can0 323#0000000000001D65
(1791117528.866711) can0 324#370000414500001F
(1791117528.866971) can0 33D#0000A04000280000
(1791117528.867217) can0 39A#00360200A3800000
(1791117528.867452) can0 39B#3C3A820000000480
(1791117528.867706) can0 3B7#0000400000054500
(1791117528.867976) can0 491#0000000000000000
(1791117528.910541) can0 297#0101E040FFFF8222
(1791117528.910812) can0 29B#BB967002FD100000
(1791117528.960553) can0 297#0101E040FFFF8323
(1791117528.960821) can0 29B#BB967002FD100000
(1791117528.965299) can0 29C#2800000000000000
(1791117528.965538) can0 33F#0000000028000040
(1791117528.965758) can0 394#0036000010370213
(1791117528.966037) can0 396#3B6D4E2800454545
(1791117528.966262) can0 33B#1B00003F00008000
(1791117528.966497) can0 323#0000000000001D65
(1791117528.966720) can0 324#370000414500001F
(1791117528.966963) can0 33D#0000A04000280000
(1791117528.967202) can0 39A#00360200B3400000
(1791117528.967452) can0 39B#3C3A82000000088C
(1791117528.967692) can0 3B7#0000400000064600
(1791117528.967937) can0 491#0000000000000000
(1791117529.010579) can0 297#0101E040FFFF8424
(1791117529.010844) can0 29B#BB967002FD100000
(1791117529.060561) can0 297#0101E040FFFF8525
(1791117529.060838) can0 29B#BB967002FD100000
(1791117529.065209) can0 29C#2800000000000000
(1791117529.065464) can0 33F#0000000028000040
(1791117529.065734) can0 394#0036000010370312
(1791117529.066003) can0 396#3B6D4E2800454545
(1791117529.066227) can0 323#0000000000001D65
(1791117529.066471) can0 324#370000414500001F
(1791117529.066718) can0 33B#1B00003F00008000
(1791117529.066962) can0 33D#0000A04000280000
(1791117529.067202) can0 39A#00360200C3000000
(1791117529.067453) can0 39B#3C3A820000000C88
(1791117529.067702) can0 3B7#0000400000074700
(1791117529.067949) can0 491#0000000000000000
(1791117529.110579) can0 297#0101E040FFFF8626
(1791117529.110837) can0 29B#BB967002FD100000
(1791117529.160587) can0 297#0101E040FFFF8727
(1791117529.160843) can0 29B#BB967002FD100000
(1791117529.165199) can0 29C#2800000000000000
(1791117529.165466) can0 33F#0000000028000040
(1791117529.165754) can0 394#0036000010370415
(1791117529.166000) can0 396#3B6D4E2800454545
(1791117529.166228) can0 323#0000000000001D65
(1791117529.166468) can0 324#370000414500001F
(1791117529.166717) can0 33B#1B00003F00008000
(1791117529.166964) can0 33D#0000A04000280000
(1791117529.167201) can0 39A#00360200D2C00000
(1791117529.167451) can0 39B#3C3A820000001094
(1791117529.167692) can0 3B7#0000400000084800
(1791117529.167939) can0 491#0000000000000000
(1791117529.210546) can0 297#0101E040FFFF8828
(1791117529.210849) can0 29B#BB967002FD100000
(1791117529.260553) can0 297#0101E040FFFF8929
(1791117529.260853) can0 29B#BB967002FD100000
(1791117529.265174) can0 29C#2800000000000000
(1791117529.265452) can0 33F#0000000028000040
(1791117529.265761) can0 394#0036000010370514
(1791117529.266007) can0 396#3B6D4E2800454545
(1791117529.266253) can0 33B#1B00003F00008000
(1791117529.266491) can0 323#0000000000001D65
(1791117529.266730) can0 324#370000414500001F
(1791117529.266978) can0 33D#0000A04000280000
(1791117529.267250) can0 39A#00360200E2800000
(1791117529.267443) can0 39B#3C3A820000001490
(1791117529.267691) can0 3B7#0000400000094900
(1791117529.267961) can0 491#0000000000000000
(1791117529.310548) can0 297#0101E040FFFF8A2A
(1791117529.310784) can0 29B#BB967002FD100000
(1791117529.360542) can0 297#0101E040FFFF8B2B
(1791117529.360783) can0 29B#BB967002FD100000
(1791117529.365221) can0 29C#2800000000000000
(1791117529.365457) can0 33F#0000000028000040
(1791117529.365742) can0 394#0036000010370617
(1791117529.366012) can0 396#3B6D4E2800454545
(1791117529.366256) can0 323#0000000000001FAD
(1791117529.366481) can0 324#370000414500001F
(1791117529.366733) can0 33B#1B00003F00008000
(1791117529.366974) can0 33D#0000A04000280000
(1791117529.367227) can0 39A#00360200F2400000
(1791117529.367487) can0 39B#3C3A82000000189C
(1791117529.367704) can0 3B7#00004000000A4A00
(1791117529.367996) can0 491#0000000000000000
(1791117529.410557) can0 297#0101E040FFFF8C2C
(1791117529.410801) can0 29B#BB967002FD100000
(1791117529.460569) can0 297#0101E040FFFF8D2D
(1791117529.460802) can0 29B#BB967002FD100000
(1791117529.465266) can0 29C#2800000000000000
(1791117529.465481) can0 33F#0000000028000040
(1791117529.465736) can0 394#0036000010370716
(1791117529.465986) can0 396#3B6D4E2800454545
(1791117529.466236) can0 323#0000000000001FAD
(1791117529.466480) can0 324#370000414500001F
(1791117529.466730) can0 33B#1B00003F00008000
(1791117529.466961) can0 33D#0000A04000280000
(1791117529.467208) can0 39A#0036020002000000
(1791117529.467457) can0 39B#3C3A820000001C98
(1791117529.467696) can0 3B7#00004000000B4B00
(1791117529.467943) can0 491#0000000000000000
(1791117529.510558) can0 297#0101E040FFFF8E2E
(1791117529.510791) can0 29B#BB967002FD100000
(1791117529.560617) can0 297#0101E040FFFF8F2F
(1791117529.560793) can0 29B#BB967002FD100000
(1791117529.565211) can0 29C#2800000000000000
(1791117529.565464) can0 33F#0000000028000040
(1791117529.565746) can0 394#0036000010370819
(1791117529.565994) can0 396#3B6D4E2800454545
(1791117529.566245) can0 33B#1B00003F00008000
(1791117529.566493) can0 323#0000000000001FAD
(1791117529.566744) can0 324#370000414500001F
(1791117529.566965) can0 33D#0000A04000280000
(1791117529.567207) can0 39A#0036020011C00000
(1791117529.567444) can0 39B#3C3A8200000020A4
(1791117529.567708) can0 3B7#00004000000C4C00
(1791117529.567955) can0 491#0000000000000000
(1791117529.610598) can0 297#0101E040FFFF8020
(1791117529.610809) can0 29B#BB967002FD100000
(1791117529.660554) can0 297#0101E040FFFF8121
(1791117529.660812) can0 29B#BB967002FD100000
(1791117529.665285) can0 29C#2800000000000000
(1791117529.665440) can0 33F#0000000028000040
(1791117529.665789) can0 394#0036000010370918
(1791117529.665984) can0 396#3B6D4E2800454545
(1791117529.666306) can0 323#0000000000001FAD
(1791117529.666476) can0 324#370000414500001F
(1791117529.666715) can0 33B#1B00003F00008000
(1791117529.666964) can0 33D#0000A04000280000
(1791117529.667205) can0 39A#0036020021800000
(1791117529.667453) can0 39B#3C3A8200000024A0
(1791117529.667707) can0 3B7#00004000000D4D00
(1791117529.667953) can0 491#0000000000000000
(1791117529.710550) can0 297#0101E040FFFF8222
(1791117529.710789) can0 29B#BB967002FD100000
(1791117529.760550) can0 297#0101E040FFFF8323
(1791117529.760815) can0 29B#BB967002FD100000
(1791117529.765253) can0 29C#2800000000000000
(1791117529.765500) can0 33F#0000000028000040
(1791117529.765742) can0 394#0036000010370A1B
(1791117529.766003) can0 396#3B6D4E2800454545
(1791117529.766238) can0 33B#1B00003F00008000
(1791117529.766498) can0 323#0000000000001FAD
(1791117529.766733) can0 324#370000414500001F
(1791117529.766971) can0 33D#0000A04000280000
(1791117529.767218) can0 39A#0036020031400000
(1791117529.767465) can0 39B#3C3A8200000028AC
(1791117529.767702) can0 3B7#00004000000E4E00
(1791117529.767973) can0 491#0000000000000000
(1791117529.810553) can0 297#0101E040FFFF8424
(1791117529.810784) can0 29B#BB967002FD100000
(1791117529.860541) can0 297#0101E040FFFF8525
(1791117529.860785) can0 29B#BB967002FD100000
(1791117529.865228) can0 29C#2800000000000000
(1791117529.865464) can0 33F#0000000028000040
(1791117529.865746) can0 394#0036000010370B1A
(1791117529.866021) can0 396#3B6D4E2800454545
(1791117529.866250) can0 33B#1B00003F00008000
(1791117529.866489) can0 323#0000000000001FC5
(1791117529.866747) can0 324#370000414500001F
(1791117529.866982) can0 33D#0000A04000280000
(1791117529.867225) can0 39A#0036020041000000
(1791117529.867486) can0 39B#3C3A820000002CA8
(1791117529.867732) can0 3B7#00004000000F4F00
(1791117529.867973) can0 491#0000000000000000
(1791117529.910546) can0 297#0101E040FFFF8626
(1791117529.910804) can0 29B#BB967002FD100000
(1791117529.960560) can0 297#0101E040FFFF8727
(1791117529.960809) can0 29B#BB967002FD100000
(1791117529.965209) can0 29C#2800000000000000
(1791117529.965453) can0 33F#0000000028000040
(1791117529.965727) can0 394#0036000010370C1D
(1791117529.965987) can0 396#3B6D4E2800454545
(1791117529.966232) can0 323#0000000000001FC5
(1791117529.966473) can0 324#370000414500001F
(1791117529.966715) can0 33B#1B00003F00008000
(1791117529.966962) can0 33D#0000A04000280000
(1791117529.967206) can0 39A#0036020050C00000
(1791117529.967456) can0 39B#3C3A8200000030B4
(1791117529.967696) can0 3B7#0000400000004000
(1791117529.967945) can0 491#0000000000000000
(1791117530.010591) can0 297#0101E040FFFF8828
(1791117530.010794) can0 29B#BB967002FD100000
(1791117530.060580) can0 297#0101E040FFFF8929
(1791117530.060779) can0 29B#BB967002FD100000
(1791117530.065197) can0 29C#2800000000000000
(1791117530.065459) can0 33F#0000000028000040
(1791117530.065711) can0 394#0036000010370D1C
(1791117530.065999) can0 396#3B6D4E2800454545
(1791117530.066238) can0 33B#1B00003F00008000
(1791117530.066480) can0 323#0000000000001FC5
(1791117530.066711) can0 324#370000414500001F
(1791117530.066960) can0 33D#0000A04000280000
(1791117530.067208) can0 39A#0036020060800000
(1791117530.067445) can0 39B#3C3A8200000034B0
(1791117530.067682) can0 3B7#0000400000014100
(1791117530.067958) can0 491#0000000000000000
(1791117530.110528) can0 297#0101E040FFFF8A2A
(1791117530.110775) can0 29B#BB967002FD100000
(1791117530.160525) can0 297#0101E040FFFF8B2B
(1791117530.160765) can0 29B#BB967002FD100000
(1791117530.165171) can0 29C#2800000000000000
(1791117530.165447) can0 33F#0000000028000040
(1791117530.165726) can0 394#0036000010370E1F
(1791117530.165988) can0 396#3B6D4E2800454545
(1791117530.166231) can0 33B#1B00003F00008000
(1791117530.166477) can0 323#0000000000001FC5
(1791117530.166724) can0 324#370000414500001F
(1791117530.166975) can0 33D#0000A04000280000
(1791117530.167206) can0 39A#0036020070400000
(1791117530.167469) can0 39B#3C3A8200000038BC
(1791117530.167713) can0 3B7#0000400000024200
(1791117530.167997) can0 491#0000000000000000
(1791117530.210546) can0 297#0101E040FFFF8C2C
(1791117530.210780) can0 29B#BB967002FD100000
(1791117530.260548) can0 297#0101E040FFFF8D2D
(1791117530.260787) can0 29B#BB967002FD100000
(1791117530.265229) can0 29C#2800000000000000
(1791117530.265480) can0 33F#0000000028000040
(1791117530.265720) can0 394#0036000010370F1E
(1791117530.266006) can0 396#3B6D4E2800454545
(1791117530.266245) can0 33B#1B00003F00008000
(1791117530.266497) can0 323#0000000000001FC5
(1791117530.266735) can0 324#370000414500001F
(1791117530.267013) can0 33D#0000A04000280000
(1791117530.267210) can0 39A#0036020080000000
(1791117530.267459) can0 39B#3C3A820000003CB8
(1791117530.267692) can0 3B7#0000400000034300
(1791117530.268002) can0 491#0000000000000000
(1791117530.310549) can0 297#0101E040FFFF8E2E
(1791117530.310773) can0 29B#BB967002FD100000
(1791117530.360549) can0 297#0101E040FFFF8F2F
(1791117530.360793) can0 29B#BB967002FD100000
(1791117530.365224) can0 29C#2800000000000000
(1791117530.365474) can0 33F#0000000028000040
(1791117530.365747) can0 394#0036000010370011
(1791117530.366019) can0 396#3B6D4E2800454545
(1791117530.366248) can0 33B#1B00003F00008000
(1791117530.366508) can0 323#0000000000000000
(1791117530.366741) can0 324#370000414500001F
(1791117530.367008) can0 33D#0000A04000280000
(1791117530.367201) can0 39A#003602008FC00000
(1791117530.367450) can0 39B#3C3A820000000084
(1791117530.367693) can0 3B7#0000400000044400
(1791117530.368000) can0 491#0000000000000000
(1791117530.410562) can0 297#0101E040FFFF8020
(1791117530.410799) can0 29B#BB967002FD100000
(1791117530.460545) can0 297#0101E040FFFF8121
(1791117530.460780) can0 29B#BB967002FD100000
(1791117530.465203) can0 29C#2800000000000000
(1791117530.465452) can0 33F#0000000028000040
(1791117530.465718) can0 394#0036000010370110
(1791117530.466016) can0 396#3B6D4E2800454545
(1791117530.466236) can0 33B#1B00003F00008000
(1791117530.466487) can0 323#0000000000000000
(1791117530.466736) can0 324#370000414500001F
(1791117530.467015) can0 33D#0000A04000280000
(1791117530.467209) can0 39A#003602009F800000
(1791117530.467459) can0 39B#3C3A820000000480
(1791117530.467699) can0 3B7#0000400000054500
(1791117530.468013) can0 491#0000000000000000
(1791117530.510591) can0 297#0101E040FFFF8222
(1791117530.510805) can0 29B#BB967002FD100000
(1791117530.560587) can0 297#0101E040FFFF8323
(1791117530.560796) can0 29B#BB967002FD100000
(1791117530.565173) can0 29C#2800000000000000
(1791117530.565446) can0 33F#0000000028000040
(1791117530.565721) can0 394#0036000010370213
(1791117530.566032) can0 396#3B6D4E2800454545
(1791117530.566232) can0 33B#1B00003F00008000
(1791117530.566471) can0 323#0000000000000000
(1791117530.566714) can0 324#370000414500001F
(1791117530.567027) can0 33D#0000A04000280000
(1791117530.567207) can0 39A#00360200AF400000
(1791117530.567453) can0 39B#3C3A82000000088C
(1791117530.567695) can0 3B7#0000400000064600
(1791117530.567942) can0 491#0000000000000000
(1791117530.610528) can0 297#0101E040FFFF8424
(1791117530.610779) can0 29B#BB967002FD100000
(1791117530.660557) can0 297#0101E040FFFF8525
(1791117530.660786) can0 29B#BB967002FD100000
(1791117530.665184) can0 29C#2800000000000000
(1791117530.665448) can0 33F#0000000028000040
(1791117530.665722) can0 394#0036000010370312
(1791117530.666051) can0 396#3B6D4E2800454545
(1791117530.666232) can0 33B#1B00003F00008000
(1791117530.666464) can0 323#0000000000000000
(1791117530.666716) can0 324#370000414500001F
(1791117530.666977) can0 33D#0000A04000280000
(1791117530.667229) can0 39A#00360200BF000000
(1791117530.667453) can0 39B#3C3A820000000C88
(1791117530.667703) can0 3B7#0000400000074700
(1791117530.667944) can0 491#0000000000000000
(1791117530.710537) can0 297#0101E040FFFF8626
(1791117530.710786) can0 29B#BB967002FD100000
(1791117530.760547) can0 297#0101E040FFFF8727
(1791117530.760787) can0 29B#BB967002FD100000
(1791117530.765237) can0 29C#2800000000000000
(1791117530.765464) can0 33F#0000000028000040
(1791117530.765731) can0 394#0036000010370415
(1791117530.766061) can0 396#3B6D4E2800454545
(1791117530.766350) can0 33B#1B00003F00008000
(1791117530.766491) can0 33D#0000A04000280000
(1791117530.766764) can0 323#0000000000000000
(1791117530.766976) can0 324#370000414500001F
(1791117530.767228) can0 39A#00360200CEC00000
(1791117530.767474) can0 39B#3C3A820000001094
(1791117530.767715) can0 3B7#0000400000084800
(1791117530.767954) can0 491#0000000000000000
(1791117530.810525) can0 297#0101E040FFFF8828
(1791117530.810763) can0 29B#BB967002FD100000
(1791117530.860766) can0 297#0101E040FFFF8929
(1791117530.860812) can0 29B#BB967002FD100000
(1791117530.865224) can0 29C#2800000000000000
(1791117530.865503) can0 33F#0000000028000040
(1791117530.865735) can0 394#0036000010370514
(1791117530.866016) can0 396#3B6D4E2800454545
(1791117530.866243) can0 33B#1B00003F00008000
(1791117530.866478) can0 323#0000000000001D65
(1791117530.866714) can0 324#370000414500001F
(1791117530.866973) can0 33D#0000A04000280000
(1791117530.867208) can0 39A#00360200DE800000
(1791117530.867456) can0 39B#3C3A820000001490
(1791117530.867696) can0 3B7#0000400000094900
(1791117530.867932) can0 491#0000000000000000
(1791117530.910595) can0 297#0101E040FFFF8A2A
(1791117530.910795) can0 29B#BB967002FD100000
(1791117530.960536) can0 297#0101E040FFFF8B2B
(1791117530.960771) can0 29B#BB967002FD100000
(1791117530.965237) can0 29C#2800000000000000
(1791117530.965476) can0 33F#0000000028000040
(1791117530.965748) can0 394#0036000010370617
(1791117530.966004) can0 396#3B6D4E2800454545
(1791117530.966241) can0 33B#1B00003F00008000
(1791117530.966490) can0 323#0000000000001D65
(1791117530.966745) can0 324#370000414500001F
(1791117530.966986) can0 33D#0000A04000280000
(1791117530.967210) can0 39A#00360200EE400000
(1791117530.967451) can0 39B#3C3A82000000189C
(1791117530.967698) can0 3B7#00004000000A4A00
(1791117530.967945) can0 491#0000000000000000
(1791117531.010554) can0 297#0101E040FFFF8C2C
(1791117531.010786) can0 29B#BB967002FD100000
(1791117531.060522) can0 297#0101E040FFFF8D2D
(1791117531.060774) can0 29B#BB967002FD100000
(1791117531.065215) can0 29C#2800000000000000
(1791117531.065437) can0 33F#0000000028000040
(1791117531.065712) can0 394#0036000010370716
(1791117531.065974) can0 396#3B6D4E2800454545
(1791117531.066221) can0 33B#1B00003F00008000
(1791117531.066461) can0 323#0000000000001D65
(1791117531.066711) can0 324#370000414500001F
(1791117531.066960) can0 33D#0000A04000280000
(1791117531.067190) can0 39A#00360200FE000000
(1791117531.067432) can0 39B#3C3A820000001C98
(1791117531.067682) can0 3B7#00004000000B4B00
(1791117531.067932) can0 491#0000000000000000
(1791117531.110591) can0 297#0101E040FFFF8E2E
(1791117531.110773) can0 29B#BB967002FD100000
(1791117531.160538) can0 297#0101E040FFFF8F2F
(1791117531.160764) can0 29B#BB967002FD100000
(1791117531.165176) can0 29C#2800000000000000
(1791117531.165447) can0 33F#0000000028000040
(1791117531.165722) can0 394#0036000010370819
(1791117531.165981) can0 396#3B6D4E2800454545
(1791117531.166225) can0 33B#1B00003F00008000
(1791117531.166450) can0 323#0000000000001D65
(1791117531.166706) can0 324#370000414500001F
(1791117531.166953) can0 33D#0000A04000280000
(1791117531.167200) can0 39A#003602000DC00000
(1791117531.167435) can0 39B#3C3A8200000020A4
(1791117531.167682) can0 3B7#00004000000C4C00
(1791117531.167922) can0 491#0000000000000000
(1791117531.210519) can0 297#0101E040FFFF8020
(1791117531.210765) can0 29B#BB967002FD100000
(1791117531.260525) can0 297#0101E040FFFF8121
(1791117531.260763) can0 29B#BB967002FD100000
(1791117531.265207) can0 29C#2800000000000000
(1791117531.265447) can0 33F#0000000028000040
(1791117531.265718) can0 394#0036000010370918
(1791117531.265981) can0 396#3B6D4E2800454545
(1791117531.266244) can0 33B#1B00003F00008000
(1791117531.266470) can0 323#0000000000001D65
(1791117531.266713) can0 324#370000414500001F
(1791117531.266946) can0 33D#0000A04000280000
(1791117531.267180) can0 39A#003602001D800000
(1791117531.267424) can0 39B#3C3A8200000024A0
(1791117531.267669) can0 3B7#00004000000D4D00
(1791117531.267920) can0 491#0000000000000000
(1791117531.310535) can0 297#0101E040FFFF8222
(1791117531.310785) can0 29B#BB967002FD100000
(1791117531.360536) can0 297#0101E040FFFF8323
(1791117531.360775) can0 29B#BB967002FD100000
(1791117531.365177) can0 29C#2800000000000000
(1791117531.365429) can0 33F#0000000028000040
(1791117531.365710) can0 394#0036000010370A1B
(1791117531.365973) can0 396#3B6D4E2800454545
(1791117531.366223) can0 33B#1B00003F00008000
(1791117531.366453) can0 323#0000000000001FAD
(1791117531.366705) can0 324#370000414500001F
(1791117531.366947) can0 33D#0000A04000280000
(1791117531.367194) can0 39A#003602002D400000
(1791117531.367437) can0 39B#3C3A8200000028AC
(1791117531.367683) can0 3B7#00004000000E4E00
(1791117531.367943) can0 491#0000000000000000
(1791117531.410544) can0 297#0101E040FFFF8424
(1791117531.410778) can0 29B#BB967002FD100000
(1791117531.460545) can0 297#0101E040FFFF8525
(1791117531.460768) can0 29B#BB967002FD100000
(1791117531.465170) can0 29C#2800000000000000
(1791117531.465433) can0 33F#0000000028000040
(1791117531.465695) can0 394#0036000010370B1A
(1791117531.465987) can0 396#3B6D4E2800454545
(1791117531.466215) can0 33B#1B00003F00008000
(1791117531.466458) can0 323#0000000000001FAD
(1791117531.466708) can0 324#370000414500001F
(1791117531.466948) can0 33D#0000A04000280000
(1791117531.467175) can0 39A#003602003D000000
(1791117531.467425) can0 39B#3C3A820000002CA8
(1791117531.467666) can0 3B7#00004000000F4F00
(1791117531.467915) can0 491#0000000000000000
(1791117531.510515) can0 297#0101E040FFFF8626
(1791117531.510754) can0 29B#BB967002FD100000
(1791117531.560516) can0 297#0101E040FFFF8727
(1791117531.560757) can0 29B#BB967002FD100000
(1791117531.565172) can0 29C#2800000000000000
(1791117531.565423) can0 33F#0000000028000040
(1791117531.565701) can0 394#0036000010370C1D
(1791117531.565960) can0 396#3B6D4E2800454545
(1791117531.566208) can0 33B#1B00003F00008000
(1791117531.566448) can0 323#0000000000001FAD
(1791117531.566691) can0 324#370000414500001F
(1791117531.566939) can0 33D#0000A04000280000
(1791117531.567189) can0 39A#003602004CC00000
(1791117531.567432) can0 39B#3C3A8200000030B4
(1791117531.567682) can0 3B7#0000400000004000
(1791117531.567941) can0 491#0000000000000000
(1791117531.610511) can0 297#0101E040FFFF8828
(1791117531.610753) can0 29B#BB967002FD100000
(1791117531.660521) can0 297#0101E040FFFF8929
(1791117531.660763) can0 29B#BB967002FD100000
(1791117531.665214) can0 29C#2800000000000000
(1791117531.665448) can0 33F#0000000028000040
(1791117531.665720) can0 394#0036000010370D1C
(1791117531.665974) can0 396#3B6D4E2800454545
(1791117531.666245) can0 33B#1B00003F00008000
(1791117531.666485) can0 323#0000000000001FAD
(1791117531.666721) can0 324#370000414500001F
(1791117531.666971) can0 33D#0000A04000280000
(1791117531.667193) can0 39A#003602005C800000
(1791117531.667444) can0 39B#3C3A8200000034B0
(1791117531.667694) can0 3B7#0000400000014100
(1791117531.667926) can0 491#0000000000000000
(1791117531.710506) can0 297#0101E040FFFF8A2A
(1791117531.710769) can0 29B#BB967002FD100000
(1791117531.760521) can0 297#0101E040FFFF8B2B
(1791117531.760768) can0 29B#BB967002FD100000
(1791117531.765239) can0 29C#2800000000000000
(1791117531.765430) can0 33F#0000000028000040
(1791117531.765700) can0 394#0036000010370E1F
(1791117531.765960) can0 396#3B6D4E2800454545
(1791117531.766256) can0 33B#1B00003F00008000
(1791117531.766498) can0 323#0000000000001FAD
(1791117531.766748) can0 324#370000414500001F
(1791117531.766988) can0 33D#0000A04000280000
(1791117531.767224) can0 39A#003602006C400000
(1791117531.767467) can0 39B#3C3A8200000038BC
(1791117531.767705) can0 3B7#0000400000024200
(1791117531.767974) can0 491#0000000000000000
(1791117531.810532) can0 297#0101E040FFFF8C2C
(1791117531.810780) can0 29B#BB967002FD100000
(1791117531.860509) can0 297#0101E040FFFF8D2D
(1791117531.860764) can0 29B#BB967002FD100000
(1791117531.865224) can0 29C#2800000000000000
(1791117531.865444) can0 33F#0000000028000040
(1791117531.865699) can0 394#0036000010370F1E
(1791117531.865953) can0 396#3B6D4E2800454545
(1791117531.866198) can0 33B#1B00003F00008000
(1791117531.866451) can0 323#0000000000001FC5
(1791117531.866691) can0 324#370000414500001F
(1791117531.866941) can0 33D#0000A04000280000
(1791117531.867189) can0 39A#003602007C000000
(1791117531.867425) can0 39B#3C3A820000003CB8
(1791117531.867665) can0 3B7#0000400000034300
(1791117531.867915) can0 491#0000000000000000
(1791117531.910522) can0 297#0101E040FFFF8E2E
(1791117531.910765) can0 29B#BB967002FD100000
(1791117531.960511) can0 297#0101E040FFFF8F2F
(1791117531.960754) can0 29B#BB967002FD100000
(1791117531.965243) can0 29C#2800000000000000
(1791117531.965429) can0 33F#0000000028000040
(1791117531.965708) can0 394#0036000010370011
(1791117531.965960) can0 396#3B6D4E2800454545
(1791117531.966205) can0 33B#1B00003F00008000
(1791117531.966454) can0 323#0000000000001FC5
(1791117531.966704) can0 324#370000414500001F
(1791117531.966935) can0 33D#0000A04000280000
(1791117531.967201) can0 39A#003602008BC00000
(1791117531.967429) can0 39B#3C3A820000000084
(1791117531.967676) can0 3B7#0000400000044400
(1791117531.967937) can0 491#0000000000000000
(1791117532.010527) can0 297#0101E040FFFF8020
(1791117532.010758) can0 29B#BB967002FD100000
(1791117532.060525) can0 297#0101E040FFFF8121
(1791117532.060751) can0 29B#BB967002FD100000
(1791117532.065154) can0 29C#2800000000000000
(1791117532.065425) can0 33F#0000000028000040
(1791117532.065712) can0 394#0036000010370110
(1791117532.065978) can0 396#3B6D4E2800454545
(1791117532.066232) can0 33B#1B00003F00008000
(1791117532.066457) can0 323#0000000000001FC5
(1791117532.066723) can0 324#370000414500001F
(1791117532.066961) can0 33D#0000A04000280000
(1791117532.067222) can0 39A#003602009B800000
(1791117532.067450) can0 39B#3C3A820000000480
(1791117532.067697) can0 3B7#0000400000054500
(1791117532.067935) can0 491#0000000000000000
(1791117532.110512) can0 297#0101E040FFFF8222
(1791117532.110750) can0 29B#BB967002FD100000
(1791117532.160525) can0 297#0101E040FFFF8323
(1791117532.160756) can0 29B#BB967002FD100000
(1791117532.165203) can0 29C#2800000000000000
(1791117532.165428) can0 33F#0000000028000040
(1791117532.165731) can0 394#0036000010370213
(1791117532.165964) can0 396#3B6D4E2800454545
(1791117532.166241) can0 33B#1B00003F00008000
(1791117532.166466) can0 323#0000000000001FC5
(1791117532.166703) can0 324#370000414500001F
(1791117532.166932) can0 33D#0000A04000280000
(1791117532.167230) can0 39A#00360200AB400000
(1791117532.167427) can0 39B#3C3A82000000088C
(1791117532.167667) can0 3B7#0000400000064600
(1791117532.167912) can0 491#0000000000000000
(1791117532.210529) can0 297#0101E040FFFF8424
(1791117532.210771) can0 29B#BB967002FD100000
(1791117532.260526) can0 297#0101E040FFFF8525
(1791117532.260775) can0 29B#BB967002FD100000
(1791117532.265184) can0 29C#2800000000000000
(1791117532.265430) can0 33F#0000000028000040
(1791117532.265695) can0 394#0036000010370312
(1791117532.265968) can0 396#3B6D4E2800454545
(1791117532.266245) can0 33B#1B00003F00008000
(1791117532.266444) can0 33D#0000A04000280000
(1791117532.266687) can0 323#0000000000001FC5
(1791117532.266940) can0 324#370000414500001F
(1791117532.267241) can0 39A#00360200BB000000
(1791117532.267419) can0 39B#3C3A820000000C88
(1791117532.267664) can0 3B7#0000400000074700
(1791117532.267907) can0 491#0000000000000000
(1791117532.310542) can0 297#0101E040FFFF8626
(1791117532.310772) can0 29B#BB967002FD100000
(1791117532.360513) can0 297#0101E040FFFF8727
(1791117532.360768) can0 29B#BB967002FD100000
(1791117532.365186) can0 29C#2800000000000000
(1791117532.365423) can0 33F#0000000028000040
(1791117532.365709) can0 394#0036000010370415
(1791117532.365980) can0 396#3B6D4E2800454545
(1791117532.366255) can0 33B#1B00003F00008000
(1791117532.366451) can0 323#0000000000000000
(1791117532.366702) can0 324#370000414500001F
(1791117532.366942) can0 33D#0000A04000280000
(1791117532.367170) can0 39A#00360200CAC00000
(1791117532.367412) can0 39B#3C3A820000001094
(1791117532.367662) can0 3B7#0000400000084800
(1791117532.367922) can0 491#0000000000000000
(1791117532.410501) can0 297#0101E040FFFF8828
(1791117532.410748) can0 29B#BB967002FD100000
(1791117532.460504) can0 297#0101E040FFFF8929
(1791117532.460753) can0 29B#BB967002FD100000
(1791117532.465152) can0 29C#2800000000000000
(1791117532.465418) can0 33F#0000000028000040
(1791117532.465698) can0 394#0036000010370514
(1791117532.465958) can0 396#3B6D4E2800454545
(1791117532.466202) can0 33B#1B00003F00008000
(1791117532.466458) can0 323#0000000000000000
(1791117532.466711) can0 324#370000414500001F
(1791117532.466954) can0 33D#0000A04000280000
(1791117532.467189) can0 39A#00360200DA800000
(1791117532.467440) can0 39B#3C3A820000001490
(1791117532.467686) can0 3B7#0000400000094900
(1791117532.467940) can0 491#0000000000000000
(1791117532.510497) can0 297#0101E040FFFF8A2A
(1791117532.510763) can0 29B#BB967002FD100000
(1791117532.560516) can0 297#0101E040FFFF8B2B
(1791117532.560756) can0 29B#BB967002FD100000
(1791117532.565203) can0 29C#2800000000000000
(1791117532.565434) can0 33F#0000000028000040
(1791117532.565701) can0 394#0036000010370617
(1791117532.565982) can0 396#3B6D4E2800454545
(1791117532.566300) can0 39A#00360200EA400000
(1791117532.566516) can0 323#0000000000000000
(1791117532.566741) can0 324#370000414500001F
(1791117532.566996) can0 33B#1B00003F00008000
(1791117532.567294) can0 33D#0000A04000280000
(1791117532.567477) can0 39B#3C3A82000000189C
(1791117532.567728) can0 3B7#00004000000A4A00
(1791117532.567962) can0 491#0000000000000000
(1791117532.610516) can0 297#0101E040FFFF8C2C
(1791117532.610767) can0 29B#BB967002FD100000
(1791117532.660509) can0 297#0101E040FFFF8D2D
(1791117532.660760) can0 29B#BB967002FD100000
(1791117532.665207) can0 29C#2800000000000000
(1791117532.665425) can0 33F#0000000028000040
(1791117532.665694) can0 394#0036000010370716
(1791117532.665976) can0 396#3B6D4E2800454545
(1791117532.666211) can0 33B#1B00003F00008000
(1791117532.666462) can0 323#0000000000000000
(1791117532.666697) can0 324#370000414500001F
(1791117532.666948) can0 33D#0000A04000280000
(1791117532.667194) can0 39A#00360200FA000000
(1791117532.667423) can0 39B#3C3A820000001C98
(1791117532.667675) can0 3B7#00004000000B4B00
(1791117532.667904) can0 491#0000000000000000
(1791117532.710526) can0 297#0101E040FFFF8E2E
(1791117532.710779) can0 29B#BB967002FD100000
(1791117532.760527) can0 297#0101E040FFFF8F2F
(1791117532.760747) can0 29B#BB967002FD100000
(1791117532.765177) can0 29C#2800000000000000
(1791117532.765427) can0 33F#0000000028000040
(1791117532.765698) can0 394#0036000010370819
(1791117532.765958) can0 396#3B6D4E2800454545
(1791117532.766310) can0 39A#0036020009C00000
(1791117532.766497) can0 33B#1B00003F00008000
(1791117532.766744) can0 323#0000000000000000
(1791117532.766994) can0 324#370000414500001F
(1791117532.767233) can0 33D#0000A04000280000
(1791117532.767479) can0 39B#3C3A8200000020A4
(1791117532.767724) can0 3B7#00004000000C4C00
(1791117532.767965) can0 491#0000000000000000
(1791117532.810516) can0 297#0101E040FFFF8020
(1791117532.810754) can0 29B#BB967002FD100000
(1791117532.860514) can0 297#0101E040FFFF8121
(1791117532.860750) can0 29B#BB967002FD100000
(1791117532.865152) can0 29C#2800000000000000
(1791117532.865428) can0 33F#0000000028000040
(1791117532.865682) can0 394#0036000010370918
(1791117532.865961) can0 396#3B6D4E2800454545
(1791117532.866238) can0 39A#0036020019800000
(1791117532.866489) can0 323#0000000000001D65
(1791117532.866725) can0 324#370000414500001F
(1791117532.866974) can0 33B#1B00003F00008000
(1791117532.867220) can0 33D#0000A04000280000
(1791117532.867469) can0 39B#3C3A8200000024A0
(1791117532.867710) can0 3B7#00004000000D4D00
(1791117532.867949) can0 491#0000000000000000
(1791117532.910509) can0 297#0101E040FFFF8222
(1791117532.910752) can0 29B#BB967002FD100000
(1791117532.960511) can0 297#0101E040FFFF8323
(1791117532.960752) can0 29B#BB967002FD100000
(1791117532.965147) can0 29C#2800000000000000
(1791117532.965440) can0 33F#0000000028000040
(1791117532.965694) can0 394#0036000010370A1B
(1791117532.965973) can0 396#3B6D4E2800454545
(1791117532.966250) can0 39A#0036020029400000
(1791117532.966514) can0 323#0000000000001D65
(1791117532.966741) can0 324#370000414500001F
(1791117532.966989) can0 33B#1B00003F00008000
(1791117532.967239) can0 33D#0000A04000280000
(1791117532.967474) can0 39B#3C3A8200000028AC
(1791117532.967725) can0 3B7#00004000000E4E00
(1791117532.967972) can0 491#0000000000000000
(1791117533.010506) can0 297#0101E040FFFF8424
(1791117533.010749) can0 29B#BB967002FD100000
(1791117533.060514) can0 297#0101E040FFFF8525
(1791117533.060746) can0 29B#BB967002FD100000
(1791117533.065168) can0 29C#2800000000000000
(1791117533.065439) can0 33F#0000000028000040
(1791117533.065745) can0 394#0036000010370B1A
(1791117533.065968) can0 396#3B6D4E2800454545
(1791117533.066208) can0 33B#1B00003F00008000
(1791117533.066468) can0 323#0000000000001D65
(1791117533.066706) can0 324#370000414500001F
(1791117533.066928) can0 33D#0000A04000280000
(1791117533.067179) can0 39A#0036020039000000
(1791117533.067418) can0 39B#3C3A820000002CA8
(1791117533.067668) can0 3B7#00004000000F4F00
(1791117533.067910) can0 491#0000000000000000
(1791117533.110518) can0 297#0101E040FFFF8626
(1791117533.110752) can0 29B#BB967002FD100000
(1791117533.160505) can0 297#0101E040FFFF8727
(1791117533.160757) can0 29B#BB967002FD100000
(1791117533.165180) can0 29C#2800000000000000
(1791117533.165430) can0 33F#0000000028000040
(1791117533.165682) can0 394#0036000010370C1D
(1791117533.165965) can0 396#3B6D4E2800454545
(1791117533.166240) can0 39A#0036020048C00000
(1791117533.166487) can0 323#0000000000001D65
(1791117533.166741) can0 324#370000414500001F
(1791117533.166971) can0 33B#1B00003F00008000
(1791117533.167220) can0 33D#0000A04000280000
(1791117533.167462) can0 39B#3C3A8200000030B4
(1791117533.167712) can0 3B7#0000400000004000
(1791117533.167961) can0 491#0000000000000000
(1791117533.210510) can0 297#0101E040FFFF8828
(1791117533.210756) can0 29B#BB967002FD100000
(1791117533.260486) can0 297#0101E040FFFF8929
(1791117533.260759) can0 29B#BB967002FD100000
(1791117533.265140) can0 29C#2800000000000000
(1791117533.265423) can0 33F#0000000028000040
(1791117533.265698) can0 394#0036000010370D1C
(1791117533.265956) can0 396#3B6D4E2800454545
(1791117533.266252) can0 39A#0036020058800000
(1791117533.266499) can0 323#0000000000001D65
(1791117533.266729) can0 324#370000414500001F
(1791117533.266974) can0 33B#1B00003F00008000
(1791117533.267228) can0 33D#0000A04000280000
(1791117533.267458) can0 39B#3C3A8200000034B0
(1791117533.267699) can0 3B7#0000400000014100
(1791117533.267947) can0 491#0000000000000000
(1791117533.310492) can0 297#0101E040FFFF8A2A
(1791117533.310744) can0 29B#BB967002FD100000
(1791117533.360503) can0 297#0101E040FFFF8B2B
(1791117533.360750) can0 29B#BB967002FD100000
(1791117533.365150) can0 29C#2800000000000000
(1791117533.365407) can0 33F#0000000028000040
(1791117533.365686) can0 394#0036000010370E1F
(1791117533.365946) can0 396#3B6D4E2800454545
(1791117533.366215) can0 33B#1B00003F00008000
(1791117533.366437) can0 323#0000000000001FAD
(1791117533.366687) can0 324#370000414500001F
(1791117533.366925) can0 33D#0000A04000280000
(1791117533.367170) can0 39A#0036020068400000
(1791117533.367418) can0 39B#3C3A8200000038BC
(1791117533.367682) can0 3B7#0000400000024200
(1791117533.367929) can0 491#0000000000000000
(1791117533.410503) can0 297#0101E040FFFF8C2C
(1791117533.410748) can0 29B#BB967002FD100000
(1791117533.460511) can0 297#0101E040FFFF8D2D
(1791117533.460755) can0 29B#BB967002FD100000
(1791117533.465195) can0 29C#2800000000000000
(1791117533.465433) can0 33F#0000000028000040
(1791117533.465691) can0 394#0036000010370F1E
(1791117533.465970) can0 396#3B6D4E2800454545
(1791117533.466232) can0 33B#1B00003F00008000
(1791117533.466455) can0 33D#0000A04000280000
(1791117533.466698) can0 323#0000000000001FAD
(1791117533.466950) can0 324#370000414500001F
(1791117533.467193) can0 39A#0036020078000000
(1791117533.467435) can0 39B#3C3A820000003CB8
(1791117533.467678) can0 3B7#0000400000034300
(1791117533.467933) can0 491#0000000000000000
(1791117533.510507) can0 297#0101E040FFFF8E2E
(1791117533.510757) can0 29B#BB967002FD100000
(1791117533.560526) can0 297#0101E040FFFF8F2F
(1791117533.560775) can0 29B#BB967002FD100000
(1791117533.565214) can0 29C#2800000000000000
(1791117533.565468) can0 33F#0000000028000040
(1791117533.565725) can0 394#0036000010370011
(1791117533.565991) can0 396#3B6D4E2800454545
(1791117533.566243) can0 33B#1B00003F00008000
(1791117533.566469) can0 323#0000000000001FAD
(1791117533.566698) can0 324#370000414500001F
(1791117533.566942) can0 33D#0000A04000280000
(1791117533.567195) can0 39A#0036020087C00000
(1791117533.567446) can0 39B#3C3A820000000084
(1791117533.567713) can0 3B7#0000400000044400
(1791117533.567945) can0 491#0000000000000000
(1791117533.610507) can0 297#0101E040FFFF8020
(1791117533.610776) can0 29B#BB967002FD100000
(1791117533.660510) can0 297#0101E040FFFF8121
(1791117533.660754) can0 29B#BB967002FD100000
(1791117533.665173) can0 29C#2800000000000000
(1791117533.665439) can0 33F#0000000028000040
(1791117533.665697) can0 394#0036000010370110
(1791117533.665973) can0 396#3B6D4E2800454545
(1791117533.666229) can0 33B#1B00003F00008000
(1791117533.666468) can0 323#0000000000001FAD
(1791117533.666717) can0 324#370000414500001F
(1791117533.666971) can0 33D#0000A04000280000
(1791117533.667194) can0 39A#0036020097800000
(1791117533.667440) can0 39B#3C3A820000000480
(1791117533.667685) can0 3B7#0000400000054500
(1791117533.667934) can0 491#0000000000000000
(1791117533.710524) can0 297#0101E040FFFF8222
(1791117533.710741) can0 29B#BB967002FD100000
(1791117533.760496) can0 297#0101E040FFFF8323
(1791117533.760738) can0 29B#BB967002FD100000
(1791117533.765145) can0 29C#2800000000000000
(1791117533.765442) can0 33F#0000000028000040
(1791117533.765679) can0 394#0036000010370213
(1791117533.765955) can0 396#3B6D4E2800454545
(1791117533.766235) can0 39A#00360200A7400000
(1791117533.766481) can0 33B#1B00003F00008000
(1791117533.766722) can0 323#0000000000001FAD
(1791117533.766971) can0 324#370000414500001F
(1791117533.767216) can0 33D#0000A04000280000
(1791117533.767465) can0 39B#3C3A82000000088C
(1791117533.767705) can0 3B7#0000400000064600
(1791117533.767947) can0 491#0000000000000000
(1791117533.810507) can0 297#0101E040FFFF8424
(1791117533.810744) can0 29B#BB967002FD100000
(1791117533.860501) can0 297#0101E040FFFF8525
(1791117533.860756) can0 29B#BB967002FD100000
(1791117533.865131) can0 29C#2800000000000000
(1791117533.865456) can0 33F#0000000028000040
(1791117533.865683) can0 394#0036000010370312
(1791117533.865963) can0 396#3B6D4E2800454545
(1791117533.866236) can0 33B#1B00003F00008000
(1791117533.866482) can0 323#0000000000001FC5
(1791117533.866724) can0 324#370000414500001F
(1791117533.866958) can0 33D#0000A04000280000
(1791117533.867213) can0 39A#00360200B7000000
(1791117533.867463) can0 39B#3C3A820000000C88
(1791117533.867684) can0 3B7#0000400000074700
(1791117533.867964) can0 491#0000000000000000
(1791117533.910510) can0 297#0101E040FFFF8626
(1791117533.910758) can0 29B#BB967002FD100000
(1791117533.960515) can0 297#0101E040FFFF8727
(1791117533.960752) can0 29B#BB967002FD100000
(1791117533.965167) can0 29C#2800000000000000
(1791117533.965490) can0 33F#0000000028000040
(1791117533.965704) can0 394#0036000010370415
(1791117533.965948) can0 396#3B6D4E2800454545
(1791117533.966226) can0 33B#1B00003F00008000
(1791117533.966476) can0 323#0000000000001FC5
(1791117533.966727) can0 324#370000414500001F
(1791117533.966975) can0 33D#0000A04000280000
(1791117533.967212) can0 39A#00360200C6C00000
(1791117533.967490) can0 39B#3C3A820000001094
(1791117533.967678) can0 3B7#0000400000084800
(1791117533.967945) can0 491#0000000000000000
(1791117534.010515) can0 297#0101E040FFFF8828
(1791117534.010749) can0 29B#BB967002FD100000
(1791117534.060527) can0 297#0101E040FFFF8929
(1791117534.060753) can0 29B#BB967002FD100000
(1791117534.065193) can0 29C#2800000000000000
(1791117534.065414) can0 33F#0000000028000040
(1791117534.065690) can0 394#0036000010370514
(1791117534.065957) can0 396#3B6D4E2800454545
(1791117534.066235) can0 39A#00360200D6800000
(1791117534.066485) can0 323#0000000000001FC5
(1791117534.066734) can0 324#370000414500001F
(1791117534.066965) can0 33B#1B00003F00008000
(1791117534.067206) can0 33D#0000A04000280000
(1791117534.067484) can0 39B#3C3A820000001490
(1791117534.067706) can0 3B7#0000400000094900
(1791117534.067956) can0 491#0000000000000000
(1791117534.110560) can0 297#0101E040FFFF8A2A
(1791117534.110755) can0 29B#BB967002FD100000
(1791117534.160556) can0 297#0101E040FFFF8B2B
(1791117534.160757) can0 29B#BB967002FD100000
(1791117534.165174) can0 29C#2800000000000000
(1791117534.165409) can0 33F#0000000028000040
(1791117534.165688) can0 394#0036000010370617
(1791117534.165955) can0 396#3B6D4E2800454545
(1791117534.166256) can0 33B#1B00003F00008000
(1791117534.166498) can0 323#0000000000001FC5
(1791117534.166719) can0 324#370000414500001F
(1791117534.166968) can0 33D#0000A04000280000
(1791117534.167202) can0 39A#00360200E6400000
(1791117534.167495) can0 39B#3C3A82000000189C
(1791117534.167688) can0 3B7#00004000000A4A00
(1791117534.167934) can0 491#0000000000000000
(1791117534.210537) can0 297#0101E040FFFF8C2C
(1791117534.210762) can0 29B#BB967002FD100000
(1791117534.260544) can0 297#0101E040FFFF8D2D
(1791117534.260738) can0 29B#BB967002FD100000
(1791117534.265153) can0 29C#2800000000000000
(1791117534.265421) can0 33F#0000000028000040
(1791117534.265683) can0 394#0036000010370716
(1791117534.265966) can0 396#3B6D4E2800454545
(1791117534.266254) can0 39A#00360200F6000000
(1791117534.266528) can0 33B#1B00003F00008000
(1791117534.266722) can0 323#0000000000001FC5
(1791117534.266966) can0 324#370000414500001F
(1791117534.267232) can0 33D#0000A04000280000
(1791117534.267511) can0 39B#3C3A820000001C98
(1791117534.267743) can0 3B7#00004000000B4B00
(1791117534.267962) can0 491#0000000000000000
(1791117534.310553) can0 297#0101E040FFFF8E2E
(1791117534.310742) can0 29B#BB967002FD100000
(1791117534.360562) can0 297#0101E040FFFF8F2F
(1791117534.360732) can0 29B#BB967002FD100000
(1791117534.365173) can0 29C#2800000000000000
(1791117534.365432) can0 33F#0000000028000040
(1791117534.365697) can0 394#0036000010370819
(1791117534.365956) can0 396#3B6D4E2800454545
(1791117534.366267) can0 33B#1B00003F00008000
(1791117534.366539) can0 323#0000000000000000
(1791117534.366757) can0 324#370000414500001F
(1791117534.367003) can0 33D#0000A04000280000
(1791117534.367222) can0 39A#0036020005C00000
(1791117534.367457) can0 39B#3C3A8200000020A4
(1791117534.367707) can0 3B7#00004000000C4C00
(1791117534.367976) can0 491#0000000000000000
(1791117534.410565) can0 297#0101E040FFFF8020
(1791117534.410751) can0 29B#BB967002FD100000
(1791117534.460514) can0 297#0101E040FFFF8121
(1791117534.460741) can0 29B#BB967002FD100000
(1791117534.465190) can0 29C#2800000000000000
(1791117534.465415) can0 33F#0000000028000040
(1791117534.465668) can0 394#0036000010370918
(1791117534.465952) can0 396#3B6D4E2800454545
(1791117534.466257) can0 39A#0036020015800000
(1791117534.466533) can0 33B#1B00003F00008000
(1791117534.466730) can0 323#0000000000000000
(1791117534.466979) can0 324#370000414500001F
(1791117534.467220) can0 33D#0000A04000280000
(1791117534.467533) can0 39B#3C3A8200000024A0
(1791117534.467710) can0 3B7#00004000000D4D00
(1791117534.467948) can0 491#0000000000000000
(1791117534.510509) can0 297#0101E040FFFF8222
(1791117534.510737) can0 29B#BB967002FD100000
(1791117534.560482) can0 297#0101E040FFFF8323
(1791117534.560748) can0 29B#BB967002FD100000
(1791117534.565157) can0 29C#2800000000000000
(1791117534.565410) can0 33F#0000000028000040
(1791117534.565670) can0 394#0036000010370A1B
(1791117534.565955) can0 396#3B6D4E2800454545
(1791117534.566233) can0 39A#0036020025400000
(1791117534.566549) can0 323#0000000000000000
(1791117534.566740) can0 324#370000414500001F
(1791117534.566979) can0 33B#1B00003F00008000
(1791117534.567220) can0 33D#0000A04000280000
(1791117534.567469) can0 39B#3C3A8200000028AC
(1791117534.567714) can0 3B7#00004000000E4E00
(1791117534.567960) can0 491#0000000000000000
(1791117534.610523) can0 297#0101E040FFFF8424
(1791117534.610742) can0 29B#BB967002FD100000
(1791117534.660493) can0 297#0101E040FFFF8525
(1791117534.660738) can0 29B#BB967002FD100000
(1791117534.665138) can0 29C#2800000000000000
(1791117534.665409) can0 33F#0000000028000040
(1791117534.665701) can0 394#0036000010370B1A
(1791117534.665942) can0 396#3B6D4E2800454545
(1791117534.666237) can0 39A#0036020035000000
(1791117534.666483) can0 33B#1B00003F00008000
(1791117534.666727) can0 323#0000000000000000
(1791117534.666973) can0 324#370000414500001F
(1791117534.667214) can0 33D#0000A04000280000
(1791117534.667464) can0 39B#3C3A820000002CA8
(1791117534.667708) can0 3B7#00004000000F4F00
(1791117534.667955) can0 491#0000000000000000
(1791117534.710488) can0 297#0101E040FFFF8626
(1791117534.710734) can0 29B#BB967002FD100000
(1791117534.760501) can0 297#0101E040FFFF8727
(1791117534.760740) can0 29B#BB967002FD100000
(1791117534.765131) can0 29C#2800000000000000
(1791117534.765402) can0 33F#0000000028000040
(1791117534.765684) can0 394#0036000010370C1D
(1791117534.765956) can0 396#3B6D4E2800454545
(1791117534.766254) can0 39A#0036020044C00000
(1791117534.766590) can0 39B#3C3A8200000030B4
(1791117534.766769) can0 323#0000000000000000
(1791117534.767000) can0 324#370000414500001F
(1791117534.767250) can0 33B#1B00003F00008000
(1791117534.767499) can0 33D#0000A04000280000
(1791117534.767743) can0 3B7#0000400000004000
(1791117534.768027) can0 491#0000000000000000
(1791117534.810494) can0 297#0101E040FFFF8828
(1791117534.810751) can0 29B#BB967002FD100000
(1791117534.860502) can0 297#0101E040FFFF8929
(1791117534.860731) can0 29B#BB967002FD100000
(1791117534.865176) can0 29C#2800000000000000
(1791117534.865422) can0 33F#0000000028000040
(1791117534.865688) can0 394#0036000010370D1C
(1791117534.865962) can0 396#3B6D4E2800454545
(1791117534.866251) can0 39A#0036020054800000
(1791117534.866489) can0 323#0000000000001D65
(1791117534.866733) can0 324#370000414500001F
(1791117534.866974) can0 33B#1B00003F00008000
(1791117534.867230) can0 33D#0000A04000280000
(1791117534.867453) can0 39B#3C3A8200000034B0
(1791117534.867698) can0 3B7#0000400000014100
(1791117534.867942) can0 491#0000000000000000
(1791117534.910496) can0 297#0101E040FFFF8A2A
(1791117534.910750) can0 29B#BB967002FD100000
(1791117534.960496) can0 297#0101E040FFFF8B2B
(1791117534.960740) can0 29B#BB967002FD100000
(1791117534.965174) can0 29C#2800000000000000
(1791117534.965417) can0 33F#0000000028000040
(1791117534.965673) can0 394#0036000010370E1F
(1791117534.965953) can0 396#3B6D4E2800454545
(1791117534.966227) can0 39A#0036020064400000
(1791117534.966477) can0 33B#1B00003F00008000
(1791117534.966724) can0 323#0000000000001D65
(1791117534.966960) can0 324#370000414500001F
(1791117534.967200) can0 33D#0000A04000280000
(1791117534.967451) can0 39B#3C3A8200000038BC
(1791117534.967698) can0 3B7#0000400000024200
(1791117534.967947) can0 491#0000000000000000
(1791117535.010518) can0 297#0101E040FFFF8C2C
(1791117535.010746) can0 29B#BB967002FD100000
(1791117535.060515) can0 297#0101E040FFFF8D2D
(1791117535.060742) can0 29B#BB967002FD100000
(1791117535.065150) can0 29C#2800000000000000
(1791117535.065402) can0 33F#0000000028000040
(1791117535.065674) can0 394#0036000010370F1E
(1791117535.065943) can0 396#3B6D4E2800454545
(1791117535.066243) can0 39A#0036020074000000
(1791117535.066493) can0 33B#1B00003F00008000
(1791117535.066720) can0 323#0000000000001D65
(1791117535.066966) can0 324#370000414500001F
(1791117535.067216) can0 33D#0000A04000280000
(1791117535.067463) can0 39B#3C3A820000003CB8
(1791117535.067713) can0 3B7#0000400000034300
(1791117535.067943) can0 491#0000000000000000
(1791117535.110485) can0 297#0101E040FFFF8E2E
(1791117535.110751) can0 29B#BB967002FD100000
(1791117535.160485) can0 297#0101E040FFFF8F2F
(1791117535.160739) can0 29B#BB967002FD100000
(1791117535.165131) can0 29C#2800000000000000
(1791117535.165417) can0 33F#0000000028000040
(1791117535.165679) can0 394#0036000010370011
(1791117535.165936) can0 396#3B6D4E2800454545
(1791117535.166234) can0 39A#0036020083C00000
(1791117535.166474) can0 33B#1B00003F00008000
(1791117535.166724) can0 323#0000000000001D65
(1791117535.166974) can0 324#370000414500001F
(1791117535.167204) can0 33D#0000A04000280000
(1791117535.167456) can0 39B#3C3A820000000084
(1791117535.167696) can0 3B7#0000400000044400
(1791117535.167959) can0 491#0000000000000000
(1791117535.210492) can0 297#0101E040FFFF8020
(1791117535.210736) can0 29B#BB967002FD100000
(1791117535.260491) can0 297#0101E040FFFF8121
(1791117535.260743) can0 29B#BB967002FD100000
(1791117535.265165) can0 29C#2800000000000000
(1791117535.265426) can0 33F#0000000028000040
(1791117535.265679) can0 394#0036000010370110
(1791117535.265952) can0 396#3B6D4E2800454545
(1791117535.266251) can0 39A#0036020093800000
(1791117535.266501) can0 33B#1B00003F00008000
(1791117535.266723) can0 323#0000000000001D65
(1791117535.266988) can0 324#370000414500001F
(1791117535.267217) can0 33D#0000A04000280000
(1791117535.267460) can0 39B#3C3A820000000480
(1791117535.267704) can0 3B7#0000400000054500
(1791117535.267948) can0 491#0000000000000000
(1791117535.310485) can0 297#0101E040FFFF8222
(1791117535.310732) can0 29B#BB967002FD100000
(1791117535.360498) can0 297#0101E040FFFF8323
(1791117535.360732) can0 29B#BB967002FD100000
(1791117535.365188) can0 29C#2800000000000000
(1791117535.365412) can0 33F#0000000028000040
(1791117535.365676) can0 394#0036000010370213
(1791117535.365937) can0 396#3B6D4E2800454545
(1791117535.366236) can0 39A#00360200A3400000
(1791117535.366477) can0 33B#1B00003F00008000
(1791117535.366726) can0 323#0000000000001FAD
(1791117535.366961) can0 324#370000414500001F
(1791117535.367201) can0 33D#0000A04000280000
(1791117535.367441) can0 39B#3C3A82000000088C
(1791117535.367682) can0 3B7#0000400000064600
(1791117535.367934) can0 491#0000000000000000
(1791117535.410501) can0 297#0101E040FFFF8424
(1791117535.410736) can0 29B#BB967002FD100000
(1791117535.460495) can0 297#0101E040FFFF8525
(1791117535.460748) can0 29B#BB967002FD100000
(1791117535.465171) can0 29C#2800000000000000
(1791117535.465418) can0 33F#0000000028000040
(1791117535.465684) can0 394#0036000010370312
(1791117535.465940) can0 396#3B6D4E2800454545
(1791117535.466233) can0 39A#00360200B3000000
(1791117535.466476) can0 323#0000000000001FAD
(1791117535.466729) can0 324#370000414500001F
(1791117535.466971) can0 33B#1B00003F00008000
(1791117535.467215) can0 33D#0000A04000280000
(1791117535.467456) can0 39B#3C3A820000000C88
(1791117535.467697) can0 3B7#0000400000074700
(1791117535.467948) can0 491#0000000000000000
(1791117535.510511) can0 297#0101E040FFFF8626
(1791117535.510728) can0 29B#BB967002FD100000
(1791117535.560498) can0 297#0101E040FFFF8727
(1791117535.560752) can0 29B#BB967002FD100000
(1791117535.565131) can0 29C#2800000000000000
(1791117535.565407) can0 33F#0000000028000040
(1791117535.565683) can0 394#0036000010370415
(1791117535.565934) can0 396#3B6D4E2800454545
(1791117535.566233) can0 39A#00360200C2C00000
(1791117535.566479) can0 323#0000000000001FAD
(1791117535.566722) can0 324#370000414500001F
(1791117535.566970) can0 33B#1B00003F00008000
(1791117535.567210) can0 33D#0000A04000280000
(1791117535.567440) can0 39B#3C3A820000001094
(1791117535.567701) can0 3B7#0000400000084800
(1791117535.567944) can0 491#0000000000000000
(1791117535.610486) can0 297#0101E040FFFF8828
(1791117535.610739) can0 29B#BB967002FD100000
(1791117535.660496) can0 297#0101E040FFFF8929
(1791117535.660744) can0 29B#BB967002FD100000
(1791117535.665167) can0 29C#2800000000000000
(1791117535.665421) can0 33F#0000000028000040
(1791117535.665694) can0 394#0036000010370514
(1791117535.665934) can0 396#3B6D4E2800454545
(1791117535.666232) can0 39A#00360200D2800000
(1791117535.666475) can0 33B#1B00003F00008000
(1791117535.666725) can0 323#0000000000001FAD
(1791117535.666969) can0 324#370000414500001F
(1791117535.667209) can0 33D#0000A04000280000
(1791117535.667459) can0 39B#3C3A820000001490
(1791117535.667706) can0 3B7#0000400000094900
(1791117535.667949) can0 491#0000000000000000
(1791117535.710491) can0 297#0101E040FFFF8A2A
(1791117535.710732) can0 29B#BB967002FD100000
(1791117535.760567) can0 297#0101E040FFFF8B2B
(1791117535.760725) can0 29B#BB967002FD100000
(1791117535.765180) can0 29C#2800000000000000
(1791117535.765430) can0 33F#0000000028000040
(1791117535.765729) can0 394#0036000010370617
(1791117535.765959) can0 396#3B6D4E2800454545
(1791117535.766242) can0 39A#00360200E2400000
(1791117535.766484) can0 33B#1B00003F00008000
(1791117535.766728) can0 323#0000000000001FAD
(1791117535.766979) can0 324#370000414500001F
(1791117535.767234) can0 33D#0000A04000280000
(1791117535.767463) can0 39B#3C3A82000000189C
(1791117535.767721) can0 3B7#00004000000A4A00
(1791117535.767947) can0 491#0000000000000000
(1791117535.810487) can0 297#0101E040FFFF8C2C
(1791117535.810725) can0 29B#BB967002FD100000
(1791117535.860493) can0 297#0101E040FFFF8D2D
(1791117535.860733) can0 29B#BB967002FD100000
(1791117535.865161) can0 29C#2800000000000000
(1791117535.865413) can0 33F#0000000028000040
(1791117535.865726) can0 394#0036000010370716
(1791117535.865937) can0 396#3B6D4E2800454545
(1791117535.866256) can0 39A#00360200F2000000
(1791117535.866498) can0 33B#1B00003F00008000
(1791117535.866730) can0 323#0000000000001FC5
(1791117535.866960) can0 324#370000414500001F
(1791117535.867200) can0 33D#0000A04000280000
(1791117535.867453) can0 39B#3C3A820000001C98
(1791117535.867726) can0 3B7#00004000000B4B00
(1791117535.867948) can0 491#0000000000000000
(1791117535.910494) can0 297#0101E040FFFF8E2E
(1791117535.910738) can0 29B#BB967002FD100000
(1791117535.960508) can0 297#0101E040FFFF8F2F
(1791117535.960736) can0 29B#BB967002FD100000
(1791117535.965136) can0 29C#2800000000000000
(1791117535.965401) can0 33F#0000000028000040
(1791117535.965655) can0 394#0036000010370819
(1791117535.965940) can0 396#3B6D4E2800454545
(1791117535.966236) can0 39A#0036020001C00000
(1791117535.966485) can0 33B#1B00003F00008000
(1791117535.966732) can0 323#0000000000001FC5
(1791117535.966958) can0 324#370000414500001F
(1791117535.967209) can0 33D#0000A04000280000
(1791117535.967441) can0 39B#3C3A8200000020A4
(1791117535.967740) can0 3B7#00004000000C4C00
(1791117535.967975) can0 491#0000000000000000
(1791117536.010484) can0 297#0101E040FFFF8020
(1791117536.010741) can0 29B#BB967002FD100000
(1791117536.060534) can0 297#0101E040FFFF8121
(1791117536.060760) can0 29B#BB967002FD100000
(1791117536.065145) can0 29C#2800000000000000
(1791117536.065410) can0 33F#0000000028000040
(1791117536.065691) can0 394#0036000010370918
(1791117536.065945) can0 396#3B6D4E2800454545
(1791117536.066239) can0 39A#0036020011800000
(1791117536.066488) can0 33B#1B00003F00008000
(1791117536.066758) can0 323#0000000000001FC5
(1791117536.066978) can0 324#370000414500001F
(1791117536.067229) can0 33D#0000A04000280000
(1791117536.067458) can0 39B#3C3A8200000024A0
(1791117536.067759) can0 3B7#00004000000D4D00
(1791117536.067950) can0 491#0000000000000000
(1791117536.110508) can0 297#0101E040FFFF8222
(1791117536.110764) can0 29B#BB967002FD100000
(1791117536.160495) can0 297#0101E040FFFF8323
(1791117536.160768) can0 29B#BB967002FD100000
(1791117536.165170) can0 29C#2800000000000000
(1791117536.165427) can0 33F#0000000028000040
(1791117536.165686) can0 394#0036000010370A1B
(1791117536.165937) can0 396#3B6D4E2800454545
(1791117536.166242) can0 39A#0036020021400000
(1791117536.166489) can0 33B#1B00003F00008000
(1791117536.166778) can0 323#0000000000001FC5
(1791117536.166971) can0 324#370000414500001F
(1791117536.167212) can0 33D#0000A04000280000
(1791117536.167462) can0 39B#3C3A8200000028AC
(1791117536.167704) can0 3B7#00004000000E4E00
(1791117536.167960) can0 491#0000000000000000
(1791117536.210494) can0 297#0101E040FFFF8424
(1791117536.210775) can0 29B#BB967002FD100000
(1791117536.260501) can0 297#0101E040FFFF8525
(1791117536.260781) can0 29B#BB967002FD100000
(1791117536.265187) can0 29C#2800000000000000
(1791117536.265420) can0 33F#0000000028000040
(1791117536.265691) can0 394#0036000010370B1A
(1791117536.265949) can0 396#3B6D4E2800454545
(1791117536.266249) can0 39A#0036020031000000
(1791117536.266487) can0 33B#1B00003F00008000
(1791117536.266800) can0 323#0000000000001FC5
(1791117536.266977) can0 324#370000414500001F
(1791117536.267229) can0 33D#0000A04000280000
(1791117536.267467) can0 39B#3C3A820000002CA8
(1791117536.267718) can0 3B7#00004000000F4F00
(1791117536.267953) can0 491#0000000000000000
(1791117536.310534) can0 297#0101E040FFFF8626
(1791117536.310802) can0 29B#BB967002FD100000
(1791117536.360504) can0 297#0101E040FFFF8727
(1791117536.360815) can0 29B#BB967002FD100000
(1791117536.365209) can0 29C#2800000000000000
(1791117536.365427) can0 33F#0000000028000040
(1791117536.365676) can0 394#0036000010370C1D
(1791117536.365941) can0 396#3B6D4E2800454545
(1791117536.366225) can0 39A#0036020040C00000
(1791117536.366474) can0 33B#1B00003F00008000
(1791117536.366718) can0 323#0000000000000000
(1791117536.366957) can0 324#370000414500001F
(1791117536.367204) can0 33D#0000A04000280000
(1791117536.367445) can0 39B#3C3A8200000030B4
(1791117536.367695) can0 3B7#0000400000004000
(1791117536.367957) can0 491#0000000000000000
(1791117536.410500) can0 297#0101E040FFFF8828
(1791117536.410806) can0 29B#BB967002FD100000
(1791117536.460537) can0 297#0101E040FFFF8929
(1791117536.460748) can0 29B#BB967002FD100000
(1791117536.465141) can0 29C#2800000000000000
(1791117536.465409) can0 33F#0000000028000040
(1791117536.465668) can0 394#0036000010370D1C
(1791117536.465932) can0 396#3B6D4E2800454545
(1791117536.466233) can0 39A#0036020050800000
(1791117536.466469) can0 33B#1B00003F00008000
(1791117536.466713) can0 323#0000000000000000
(1791117536.466963) can0 324#370000414500001F
(1791117536.467203) can0 33D#0000A04000280000
(1791117536.467450) can0 39B#3C3A8200000034B0
(1791117536.467693) can0 3B7#0000400000014100
(1791117536.467944) can0 491#0000000000000000
(1791117536.510541) can0 297#0101E040FFFF8A2A
(1791117536.510743) can0 29B#BB967002FD100000
(1791117536.560500) can0 297#0101E040FFFF8B2B
(1791117536.560734) can0 29B#BB967002FD100000
(1791117536.565129) can0 29C#2800000000000000
(1791117536.565397) can0 33F#0000000028000040
(1791117536.565696) can0 394#0036000010370E1F
(1791117536.565945) can0 396#3B6D4E2800454545
(1791117536.566236) can0 39A#0036020060400000
(1791117536.566483) can0 33B#1B00003F00008000
(1791117536.566726) can0 323#0000000000000000
(1791117536.566967) can0 324#370000414500001F
(1791117536.567214) can0 33D#0000A04000280000
(1791117536.567459) can0 39B#3C3A8200000038BC
(1791117536.567709) can0 3B7#0000400000024200
(1791117536.567970) can0 491#0000000000000000
(1791117536.610500) can0 297#0101E040FFFF8C2C
(1791117536.610734) can0 29B#BB967002FD100000
(1791117536.660488) can0 297#0101E040FFFF8D2D
(1791117536.660720) can0 29B#BB967002FD100000
(1791117536.665169) can0 29C#2800000000000000
(1791117536.665423) can0 33F#0000000028000040
(1791117536.665672) can0 394#0036000010370F1E
(1791117536.665965) can0 396#3B6D4E2800454545
(1791117536.666259) can0 39A#0036020070000000
(1791117536.666495) can0 33B#1B00003F00008000
(1791117536.666737) can0 323#0000000000000000
(1791117536.666983) can0 324#370000414500001F
(1791117536.667230) can0 33D#0000A04000280000
(1791117536.667452) can0 39B#3C3A820000003CB8
(1791117536.667728) can0 3B7#0000400000034300
(1791117536.667981) can0 491#0000000000000000
(1791117536.710491) can0 297#0101E040FFFF8E2E
(1791117536.710729) can0 29B#BB967002FD100000
(1791117536.760502) can0 297#0101E040FFFF8F2F
(1791117536.760742) can0 29B#BB967002FD100000
(1791117536.765163) can0 29C#2800000000000000
(1791117536.765402) can0 33F#0000000028000040
(1791117536.765665) can0 394#0036000010370011
(1791117536.765947) can0 396#3B6D4E2800454545
(1791117536.766223) can0 39A#003602007FC00000
(1791117536.766504) can0 39B#3C3A820000000084
(1791117536.766750) can0 323#0000000000000000
(1791117536.767013) can0 324#370000414500001F
(1791117536.767257) can0 33B#1B00003F00008000
(1791117536.767495) can0 33D#0000A04000280000
(1791117536.767742) can0 3B7#0000400000044400
(1791117536.767985) can0 491#0000000000000000
(1791117536.810517) can0 297#0101E040FFFF8020
(1791117536.810743) can0 29B#BB967002FD100000
(1791117536.860516) can0 297#0101E040FFFF8121
(1791117536.860766) can0 29B#BB967002FD100000
(1791117536.865233) can0 29C#2800000000000000
(1791117536.865409) can0 33F#0000000028000040
(1791117536.865680) can0 394#0036000010370110
(1791117536.865936) can0 396#3B6D4E2800454545
(1791117536.866244) can0 39A#003602008F800000
(1791117536.866481) can0 33B#1B00003F00008000
(1791117536.866715) can0 323#0000000000001D65
(1791117536.866967) can0 324#370000414500001F
(1791117536.867206) can0 33D#0000A04000280000
(1791117536.867456) can0 39B#3C3A820000000480
(1791117536.867690) can0 3B7#0000400000054500
(1791117536.867937) can0 491#0000000000000000
(1791117536.910526) can0 297#0101E040FFFF8222
(1791117536.910749) can0 29B#BB967002FD100000
(1791117536.960530) can0 297#0101E040FFFF8323
(1791117536.960742) can0 29B#BB967002FD100000
(1791117536.965185) can0 29C#2800000000000000
(1791117536.965418) can0 33F#0000000028000040
(1791117536.965671) can0 394#0036000010370213
(1791117536.965940) can0 396#3B6D4E2800454545
(1791117536.966229) can0 39A#003602009F400000
(1791117536.966476) can0 33B#1B00003F00008000
(1791117536.966728) can0 323#0000000000001D65
(1791117536.966978) can0 324#370000414500001F
(1791117536.967205) can0 33D#0000A04000280000
(1791117536.967445) can0 39B#3C3A82000000088C
(1791117536.967700) can0 3B7#0000400000064600
(1791117536.967936) can0 491#0000000000000000
(1791117537.010493) can0 297#0101E040FFFF8424
(1791117537.010740) can0 29B#BB967002FD100000
(1791117537.060492) can0 297#0101E040FFFF8525
(1791117537.060742) can0 29B#BB967002FD100000
(1791117537.065137) can0 29C#2800000000000000
(1791117537.065404) can0 33F#0000000028000040
(1791117537.065671) can0 394#0036000010370312
(1791117537.065927) can0 396#3B6D4E2800454545
(1791117537.066240) can0 39A#00360200AF000000
(1791117537.066469) can0 33B#1B00003F00008000
(1791117537.066728) can0 323#0000000000001D65
(1791117537.066999) can0 324#370000414500001F
(1791117537.067235) can0 33D#0000A04000280000
(1791117537.067462) can0 39B#3C3A820000000C88
(1791117537.067711) can0 3B7#0000400000074700
(1791117537.067951) can0 491#0000000000000000
(1791117537.110488) can0 297#0101E040FFFF8626
(1791117537.110729) can0 29B#BB967002FD100000
(1791117537.160494) can0 297#0101E040FFFF8727
(1791117537.160727) can0 29B#BB967002FD100000
(1791117537.165181) can0 29C#2800000000000000
(1791117537.165419) can0 33F#0000000028000040
(1791117537.165682) can0 394#0036000010370415
(1791117537.165952) can0 396#3B6D4E2800454545
(1791117537.166232) can0 39A#00360200BEC00000
(1791117537.166469) can0 33B#1B00003F00008000
(1791117537.166707) can0 323#0000000000001D65
(1791117537.166957) can0 324#370000414500001F
(1791117537.167205) can0 33D#0000A04000280000
(1791117537.167444) can0 39B#3C3A820000001094
(1791117537.167690) can0 3B7#0000400000084800
(1791117537.167939) can0 491#0000000000000000
(1791117537.210495) can0 297#0101E040FFFF8828
(1791117537.210732) can0 29B#BB967002FD100000
(1791117537.260622) can0 297#0101E040FFFF8929
(1791117537.260733) can0 29B#BB967002FD100000
(1791117537.265221) can0 29C#2800000000000000
(1791117537.265417) can0 33F#0000000028000040
(1791117537.265665) can0 394#0036000010370514
(1791117537.265936) can0 396#3B6D4E2800454545
(1791117537.266233) can0 39A#00360200CE800000
(1791117537.266472) can0 33B#1B00003F00008000
(1791117537.266698) can0 323#0000000000001D65
(1791117537.266950) can0 324#370000414500001F
(1791117537.267189) can0 33D#0000A04000280000
(1791117537.267429) can0 39B#3C3A820000001490
(1791117537.267673) can0 3B7#0000400000094900
(1791117537.267919) can0 491#0000000000000000
